solid OpenSCAD_Model
  facet normal 1 0 0
    outer loop
      vertex 9.34999942779541 -6.5 13
      vertex 9.34999942779541 -4.800000190734863 12.90999984741211
      vertex 9.34999942779541 -4.800000190734863 13
    endloop
  endfacet
  facet normal 1 0 0
    outer loop
      vertex 9.34999942779541 -4.800000190734863 12.90999984741211
      vertex 9.34999942779541 -5.191324234008789 9.208674430847168
      vertex 9.34999942779541 -5.156221866607666 9.165902137756348
    endloop
  endfacet
  facet normal 1 0 0
    outer loop
      vertex 9.34999942779541 -4.800000190734863 12.90999984741211
      vertex 9.34999942779541 -5.729034423828125 9.649962425231934
      vertex 9.34999942779541 -5.191324234008789 9.208674430847168
    endloop
  endfacet
  facet normal 1 0 0
    outer loop
      vertex 9.34999942779541 -4.800000190734863 12.90999984741211
      vertex 9.34999942779541 -5.771806716918945 9.685064315795898
      vertex 9.34999942779541 -5.729034423828125 9.649962425231934
    endloop
  endfacet
  facet normal 1 0 0
    outer loop
      vertex 9.34999942779541 -4.800000190734863 12.90999984741211
      vertex 9.34999942779541 -5.820605754852295 9.711148262023926
      vertex 9.34999942779541 -5.771806716918945 9.685064315795898
    endloop
  endfacet
  facet normal 1 0 0
    outer loop
      vertex 9.34999942779541 -4.800000190734863 12.90999984741211
      vertex 9.34999942779541 -6.434074878692627 10.039053916931152
      vertex 9.34999942779541 -5.820605754852295 9.711148262023926
    endloop
  endfacet
  facet normal 1 0 0
    outer loop
      vertex 9.34999942779541 -4.800000190734863 12.90999984741211
      vertex 9.34999942779541 -6.5 13
      vertex 9.34999942779541 -6.434074878692627 10.039053916931152
    endloop
  endfacet
  facet normal 1 0 0
    outer loop
      vertex 9.34999942779541 -6.434074878692627 10.039053916931152
      vertex 9.34999942779541 -6.5 13
      vertex 9.34999942779541 -6.487024784088135 10.055115699768066
    endloop
  endfacet
  facet normal 1 0 0
    outer loop
      vertex 9.34999942779541 -6.5 13
      vertex 9.34999942779541 -7.1526780128479 10.257040023803711
      vertex 9.34999942779541 -6.487024784088135 10.055115699768066
    endloop
  endfacet
  facet normal 1 0 0
    outer loop
      vertex 9.34999942779541 -7.768087387084961 12.875104904174805
      vertex 9.34999942779541 -7.1526780128479 10.257040023803711
      vertex 9.34999942779541 -6.5 13
    endloop
  endfacet
  facet normal 1 0 0
    outer loop
      vertex 9.34999942779541 -7.1526780128479 10.257040023803711
      vertex 9.34999942779541 -7.768087387084961 12.875104904174805
      vertex 9.34999942779541 -7.2077436447143555 10.262463569641113
    endloop
  endfacet
  facet normal 1 0 0
    outer loop
      vertex 9.34999942779541 -7.768087387084961 12.875104904174805
      vertex 9.34999942779541 -7.899999618530273 10.330644607543945
      vertex 9.34999942779541 -7.2077436447143555 10.262463569641113
    endloop
  endfacet
  facet normal 1 0 0
    outer loop
      vertex 9.34999942779541 -8.987442970275879 12.505217552185059
      vertex 9.34999942779541 -7.899999618530273 10.330644607543945
      vertex 9.34999942779541 -7.768087387084961 12.875104904174805
    endloop
  endfacet
  facet normal 1 0 0
    outer loop
      vertex 9.34999942779541 -7.899999618530273 10.330644607543945
      vertex 9.34999942779541 -8.987442970275879 12.505217552185059
      vertex 9.34999942779541 -8.592255592346191 10.262463569641113
    endloop
  endfacet
  facet normal 1 0 0
    outer loop
      vertex 9.34999942779541 -8.592255592346191 10.262463569641113
      vertex 9.34999942779541 -8.987442970275879 12.505217552185059
      vertex 9.34999942779541 -8.647320747375488 10.257040023803711
    endloop
  endfacet
  facet normal 1 0 0
    outer loop
      vertex 9.34999942779541 -8.647320747375488 10.257040023803711
      vertex 9.34999942779541 -8.987442970275879 12.505217552185059
      vertex 9.34999942779541 -8.700270652770996 10.24097728729248
    endloop
  endfacet
  facet normal 1 0 0
    outer loop
      vertex 9.34999942779541 -10.111207008361816 11.904553413391113
      vertex 9.34999942779541 -8.700270652770996 10.24097728729248
      vertex 9.34999942779541 -8.987442970275879 12.505217552185059
    endloop
  endfacet
  facet normal 1 0 0
    outer loop
      vertex 9.34999942779541 -8.700270652770996 10.24097728729248
      vertex 9.34999942779541 -10.111207008361816 11.904553413391113
      vertex 9.34999942779541 -9.365923881530762 10.039053916931152
    endloop
  endfacet
  facet normal 1 0 0
    outer loop
      vertex 9.34999942779541 -11.09619426727295 11.09619426727295
      vertex 9.34999942779541 -9.365923881530762 10.039053916931152
      vertex 9.34999942779541 -10.111207008361816 11.904553413391113
    endloop
  endfacet
  facet normal 1 0 0
    outer loop
      vertex 9.34999942779541 -9.365923881530762 10.039053916931152
      vertex 9.34999942779541 -11.09619426727295 11.09619426727295
      vertex 9.34999942779541 -9.979393005371094 9.711148262023926
    endloop
  endfacet
  facet normal 1 0 0
    outer loop
      vertex 9.34999942779541 -9.979393005371094 9.711148262023926
      vertex 9.34999942779541 -11.09619426727295 11.09619426727295
      vertex 9.34999942779541 -10.028191566467285 9.685064315795898
    endloop
  endfacet
  facet normal 1 0 0
    outer loop
      vertex 9.34999942779541 -10.028191566467285 9.685064315795898
      vertex 9.34999942779541 -11.09619426727295 11.09619426727295
      vertex 9.34999942779541 -10.070963859558105 9.649962425231934
    endloop
  endfacet
  facet normal 1 0 0
    outer loop
      vertex 9.34999942779541 -10.070963859558105 9.649962425231934
      vertex 9.34999942779541 -11.09619426727295 11.09619426727295
      vertex 9.34999942779541 -10.608675003051758 9.208674430847168
    endloop
  endfacet
  facet normal 1 0 0
    outer loop
      vertex 9.34999942779541 -11.904553413391113 10.111207008361816
      vertex 9.34999942779541 -10.608675003051758 9.208674430847168
      vertex 9.34999942779541 -11.09619426727295 11.09619426727295
    endloop
  endfacet
  facet normal 1 0 0
    outer loop
      vertex 9.34999942779541 -10.608675003051758 9.208674430847168
      vertex 9.34999942779541 -11.904553413391113 10.111207008361816
      vertex 9.34999942779541 -10.643776893615723 9.165902137756348
    endloop
  endfacet
  facet normal 1 0 0
    outer loop
      vertex 9.34999942779541 -10.643776893615723 9.165902137756348
      vertex 9.34999942779541 -11.904553413391113 10.111207008361816
      vertex 9.34999942779541 -11.085063934326172 8.628191947937012
    endloop
  endfacet
  facet normal 1 0 0
    outer loop
      vertex 9.34999942779541 -12.505217552185059 8.987442970275879
      vertex 9.34999942779541 -11.085063934326172 8.628191947937012
      vertex 9.34999942779541 -11.904553413391113 10.111207008361816
    endloop
  endfacet
  facet normal 1 0 0
    outer loop
      vertex 9.34999942779541 -11.085063934326172 8.628191947937012
      vertex 9.34999942779541 -12.505217552185059 8.987442970275879
      vertex 9.34999942779541 -11.412970542907715 8.01472282409668
    endloop
  endfacet
  facet normal 1 0 0
    outer loop
      vertex 9.34999942779541 -11.412970542907715 8.01472282409668
      vertex 9.34999942779541 -12.505217552185059 8.987442970275879
      vertex 9.34999942779541 -11.439054489135742 7.96592378616333
    endloop
  endfacet
  facet normal 1 0 0
    outer loop
      vertex 9.34999942779541 -11.64097785949707 7.300271511077881
      vertex 9.34999942779541 -12.875104904174805 7.768087387084961
      vertex 9.34999942779541 -11.6570405960083 7.247321605682373
    endloop
  endfacet
  facet normal 1 0 0
    outer loop
      vertex 9.34999942779541 -11.439054489135742 7.96592378616333
      vertex 9.34999942779541 -12.875104904174805 7.768087387084961
      vertex 9.34999942779541 -11.64097785949707 7.300271511077881
    endloop
  endfacet
  facet normal 1 0 0
    outer loop
      vertex 9.34999942779541 -12.875104904174805 7.768087387084961
      vertex 9.34999942779541 -11.439054489135742 7.96592378616333
      vertex 9.34999942779541 -12.505217552185059 8.987442970275879
    endloop
  endfacet
  facet normal 1 0 0
    outer loop
      vertex 9.34999942779541 -3 11.649999618530273
      vertex 9.34999942779541 -4.06935453414917 6.5
      vertex 9.34999942779541 -3 0.6855335235595703
    endloop
  endfacet
  facet normal 1 0 0
    outer loop
      vertex 9.34999942779541 -3 11.649999618530273
      vertex 9.34999942779541 -4.137535572052002 7.192255973815918
      vertex 9.34999942779541 -4.06935453414917 6.5
    endloop
  endfacet
  facet normal 1 0 0
    outer loop
      vertex 9.34999942779541 -3 11.649999618530273
      vertex 9.34999942779541 -4.142959117889404 7.247321605682373
      vertex 9.34999942779541 -4.137535572052002 7.192255973815918
    endloop
  endfacet
  facet normal 1 0 0
    outer loop
      vertex 9.34999942779541 -3 11.649999618530273
      vertex 9.34999942779541 -4.159021377563477 7.300271511077881
      vertex 9.34999942779541 -4.142959117889404 7.247321605682373
    endloop
  endfacet
  facet normal 1 0 0
    outer loop
      vertex 9.34999942779541 -3 11.649999618530273
      vertex 9.34999942779541 -4.360944747924805 7.96592378616333
      vertex 9.34999942779541 -4.159021377563477 7.300271511077881
    endloop
  endfacet
  facet normal 1 0 0
    outer loop
      vertex 9.34999942779541 -3 11.649999618530273
      vertex 9.34999942779541 -4.387028217315674 8.01472282409668
      vertex 9.34999942779541 -4.360944747924805 7.96592378616333
    endloop
  endfacet
  facet normal 1 0 0
    outer loop
      vertex 9.34999942779541 -3 11.649999618530273
      vertex 9.34999942779541 -4.714934825897217 8.628191947937012
      vertex 9.34999942779541 -4.387028217315674 8.01472282409668
    endloop
  endfacet
  facet normal 1 0 0
    outer loop
      vertex 9.34999942779541 -5.156221866607666 9.165902137756348
      vertex 9.34999942779541 -3 11.649999618530273
      vertex 9.34999942779541 -4.800000190734863 12.90999984741211
    endloop
  endfacet
  facet normal 1 0 0
    outer loop
      vertex 9.34999942779541 -3 11.649999618530273
      vertex 9.34999942779541 -5.156221866607666 9.165902137756348
      vertex 9.34999942779541 -4.714934825897217 8.628191947937012
    endloop
  endfacet
  facet normal 1 0 0
    outer loop
      vertex 9.34999942779541 -4.137535572052002 5.807743549346924
      vertex 9.34999942779541 -3 0.6855335235595703
      vertex 9.34999942779541 -4.06935453414917 6.5
    endloop
  endfacet
  facet normal 1 0 0
    outer loop
      vertex 9.34999942779541 -4.142959117889404 5.7526774406433105
      vertex 9.34999942779541 -3 0.6855335235595703
      vertex 9.34999942779541 -4.137535572052002 5.807743549346924
    endloop
  endfacet
  facet normal 1 0 0
    outer loop
      vertex 9.34999942779541 -4.159021377563477 5.699727535247803
      vertex 9.34999942779541 -3 0.6855335235595703
      vertex 9.34999942779541 -4.142959117889404 5.7526774406433105
    endloop
  endfacet
  facet normal 1 0 0
    outer loop
      vertex 9.34999942779541 -4.360944747924805 5.0340752601623535
      vertex 9.34999942779541 -3 0.6855335235595703
      vertex 9.34999942779541 -4.159021377563477 5.699727535247803
    endloop
  endfacet
  facet normal 1 0 0
    outer loop
      vertex 9.34999942779541 -4.387028217315674 4.985276699066162
      vertex 9.34999942779541 -3 0.6855335235595703
      vertex 9.34999942779541 -4.360944747924805 5.0340752601623535
    endloop
  endfacet
  facet normal 1 0 0
    outer loop
      vertex 9.34999942779541 -4.714934825897217 4.371807098388672
      vertex 9.34999942779541 -3 0.6855335235595703
      vertex 9.34999942779541 -4.387028217315674 4.985276699066162
    endloop
  endfacet
  facet normal 1 0 0
    outer loop
      vertex 9.34999942779541 -5.156221866607666 3.834097146987915
      vertex 9.34999942779541 -3 0.6855335235595703
      vertex 9.34999942779541 -4.714934825897217 4.371807098388672
    endloop
  endfacet
  facet normal 1 0 0
    outer loop
      vertex 9.34999942779541 -5.191324234008789 3.7913246154785156
      vertex 9.34999942779541 -3 0.6855335235595703
      vertex 9.34999942779541 -5.156221866607666 3.834097146987915
    endloop
  endfacet
  facet normal 1 0 0
    outer loop
      vertex 9.34999942779541 -5.729034423828125 3.350036859512329
      vertex 9.34999942779541 -3 0.6855335235595703
      vertex 9.34999942779541 -5.191324234008789 3.7913246154785156
    endloop
  endfacet
  facet normal 1 0 0
    outer loop
      vertex 9.34999942779541 -5.771806716918945 3.314934492111206
      vertex 9.34999942779541 -3 0.6855335235595703
      vertex 9.34999942779541 -5.729034423828125 3.350036859512329
    endloop
  endfacet
  facet normal 1 0 0
    outer loop
      vertex 9.34999942779541 -5.820605754852295 3.288851022720337
      vertex 9.34999942779541 -3 0.6855335235595703
      vertex 9.34999942779541 -5.771806716918945 3.314934492111206
    endloop
  endfacet
  facet normal 1 0 0
    outer loop
      vertex 9.34999942779541 -6.434074878692627 2.9609451293945312
      vertex 9.34999942779541 -3 0.6855335235595703
      vertex 9.34999942779541 -5.820605754852295 3.288851022720337
    endloop
  endfacet
  facet normal 1 0 0
    outer loop
      vertex 9.34999942779541 -6.487024784088135 2.944883108139038
      vertex 9.34999942779541 -3 0.6855335235595703
      vertex 9.34999942779541 -6.434074878692627 2.9609451293945312
    endloop
  endfacet
  facet normal 1 0 0
    outer loop
      vertex 9.34999942779541 -7.1526780128479 2.742959499359131
      vertex 9.34999942779541 -3 0.6855335235595703
      vertex 9.34999942779541 -6.487024784088135 2.944883108139038
    endloop
  endfacet
  facet normal 1 0 0
    outer loop
      vertex 9.34999942779541 -9.64301586151123 0.6855335235595703
      vertex 9.34999942779541 -7.1526780128479 2.742959499359131
      vertex 9.34999942779541 -7.84493350982666 2.674778461456299
    endloop
  endfacet
  facet normal 1 0 0
    outer loop
      vertex 9.34999942779541 -9.64301586151123 0.6855335235595703
      vertex 9.34999942779541 -7.84493350982666 2.674778461456299
      vertex 9.34999942779541 -7.899999618530273 2.6693549156188965
    endloop
  endfacet
  facet normal 1 0 0
    outer loop
      vertex 9.34999942779541 -9.64301586151123 0.6855335235595703
      vertex 9.34999942779541 -7.899999618530273 2.6693549156188965
      vertex 9.34999942779541 -8.592255592346191 2.7375359535217285
    endloop
  endfacet
  facet normal 1 0 0
    outer loop
      vertex 9.34999942779541 -9.64301586151123 0.6855335235595703
      vertex 9.34999942779541 -8.592255592346191 2.7375359535217285
      vertex 9.34999942779541 -8.647320747375488 2.742959499359131
    endloop
  endfacet
  facet normal 1 0 0
    outer loop
      vertex 9.34999942779541 -9.64301586151123 0.6855335235595703
      vertex 9.34999942779541 -8.647320747375488 2.742959499359131
      vertex 9.34999942779541 -8.700270652770996 2.759021520614624
    endloop
  endfacet
  facet normal 1 0 0
    outer loop
      vertex 9.34999942779541 -9.64301586151123 0.6855335235595703
      vertex 9.34999942779541 -8.700270652770996 2.759021520614624
      vertex 9.34999942779541 -9.365923881530762 2.9609451293945312
    endloop
  endfacet
  facet normal 1 0 0
    outer loop
      vertex 9.34999942779541 -7.1526780128479 2.742959499359131
      vertex 9.34999942779541 -9.64301586151123 0.6855335235595703
      vertex 9.34999942779541 -3 0.6855335235595703
    endloop
  endfacet
  facet normal 1 0 0
    outer loop
      vertex 9.34999942779541 -9.979393005371094 3.288851022720337
      vertex 9.34999942779541 -9.64301586151123 0.6855335235595703
      vertex 9.34999942779541 -9.365923881530762 2.9609451293945312
    endloop
  endfacet
  facet normal 1 0 0
    outer loop
      vertex 9.34999942779541 -10.028191566467285 3.314934492111206
      vertex 9.34999942779541 -9.64301586151123 0.6855335235595703
      vertex 9.34999942779541 -9.979393005371094 3.288851022720337
    endloop
  endfacet
  facet normal 1 0 0
    outer loop
      vertex 9.34999942779541 -10.070963859558105 3.350036859512329
      vertex 9.34999942779541 -9.64301586151123 0.6855335235595703
      vertex 9.34999942779541 -10.028191566467285 3.314934492111206
    endloop
  endfacet
  facet normal 1 0 0
    outer loop
      vertex 9.34999942779541 -10.608675003051758 3.7913246154785156
      vertex 9.34999942779541 -9.64301586151123 0.6855335235595703
      vertex 9.34999942779541 -10.070963859558105 3.350036859512329
    endloop
  endfacet
  facet normal 1 0 0
    outer loop
      vertex 9.34999942779541 -10.643776893615723 3.834097146987915
      vertex 9.34999942779541 -9.64301586151123 0.6855335235595703
      vertex 9.34999942779541 -10.608675003051758 3.7913246154785156
    endloop
  endfacet
  facet normal 1 0 0
    outer loop
      vertex 9.34999942779541 -11.085063934326172 4.371807098388672
      vertex 9.34999942779541 -9.64301586151123 0.6855335235595703
      vertex 9.34999942779541 -10.643776893615723 3.834097146987915
    endloop
  endfacet
  facet normal 1 0 0
    outer loop
      vertex 9.34999942779541 -13 6.5
      vertex 9.34999942779541 -11.085063934326172 4.371807098388672
      vertex 9.34999942779541 -11.412970542907715 4.985276699066162
    endloop
  endfacet
  facet normal 1 0 0
    outer loop
      vertex 9.34999942779541 -13 6.5
      vertex 9.34999942779541 -11.412970542907715 4.985276699066162
      vertex 9.34999942779541 -11.439054489135742 5.0340752601623535
    endloop
  endfacet
  facet normal 1 0 0
    outer loop
      vertex 9.34999942779541 -13 6.5
      vertex 9.34999942779541 -11.64097785949707 5.699727535247803
      vertex 9.34999942779541 -11.6570405960083 5.7526774406433105
    endloop
  endfacet
  facet normal 1 0 0
    outer loop
      vertex 9.34999942779541 -11.6570405960083 7.247321605682373
      vertex 9.34999942779541 -12.875104904174805 7.768087387084961
      vertex 9.34999942779541 -11.662464141845703 7.192255973815918
    endloop
  endfacet
  facet normal 1 0 0
    outer loop
      vertex 9.34999942779541 -13 6.5
      vertex 9.34999942779541 -11.662464141845703 7.192255973815918
      vertex 9.34999942779541 -12.875104904174805 7.768087387084961
    endloop
  endfacet
  facet normal 1 0 0
    outer loop
      vertex 9.34999942779541 -11.662464141845703 7.192255973815918
      vertex 9.34999942779541 -13 6.5
      vertex 9.34999942779541 -11.730644226074219 6.5
    endloop
  endfacet
  facet normal 1 0 0
    outer loop
      vertex 9.34999942779541 -11.730644226074219 6.5
      vertex 9.34999942779541 -13 6.5
      vertex 9.34999942779541 -11.662464141845703 5.807743549346924
    endloop
  endfacet
  facet normal 1 0 0
    outer loop
      vertex 9.34999942779541 -11.662464141845703 5.807743549346924
      vertex 9.34999942779541 -13 6.5
      vertex 9.34999942779541 -11.6570405960083 5.7526774406433105
    endloop
  endfacet
  facet normal 1 0 0
    outer loop
      vertex 9.34999942779541 -11.64097785949707 5.699727535247803
      vertex 9.34999942779541 -13 6.5
      vertex 9.34999942779541 -11.439054489135742 5.0340752601623535
    endloop
  endfacet
  facet normal 1 0 0
    outer loop
      vertex 9.34999942779541 -11.085063934326172 4.371807098388672
      vertex 9.34999942779541 -13 6.5
      vertex 9.34999942779541 -9.64301586151123 0.6855335235595703
    endloop
  endfacet
  facet normal 1 0 0
    outer loop
      vertex 9.34999942779541 -1.5499992370605469 13
      vertex 9.34999942779541 -1.4499998092651367 12.5
      vertex 9.34999942779541 -1.4499998092651367 13
    endloop
  endfacet
  facet normal 1 0 0
    outer loop
      vertex 9.34999942779541 -1.4499998092651367 12.5
      vertex 9.34999942779541 -1.5499992370605469 13
      vertex 9.34999942779541 -1.5499992370605469 12.5
    endloop
  endfacet
  facet normal 0 0 1
    outer loop
      vertex 9 -5 13
      vertex 9.34999942779541 -6.5 13
      vertex 9.34999942779541 -4.800000190734863 13
    endloop
  endfacet
  facet normal 0 0 1
    outer loop
      vertex 6.5 -6.5 13
      vertex 9 -5 13
      vertex 6.5 -5 13
    endloop
  endfacet
  facet normal 0 0 1
    outer loop
      vertex 9 -5 13
      vertex 6.5 -6.5 13
      vertex 9.34999942779541 -6.5 13
    endloop
  endfacet
  facet normal 0 0 1
    outer loop
      vertex 6.5 -1.4499998092651367 13
      vertex 9.34999942779541 -1.5499992370605469 13
      vertex 9.34999942779541 -1.4499998092651367 13
    endloop
  endfacet
  facet normal 0 0 1
    outer loop
      vertex 9.34999942779541 -1.5499992370605469 13
      vertex 6.5 -1.4499998092651367 13
      vertex 6.5 -1.5499992370605469 13
    endloop
  endfacet
  facet normal 0 0 -1
    outer loop
      vertex 12.5 -12.5 0
      vertex 8.66446590423584 -6.5 0
      vertex 12.5 -6.5 0
    endloop
  endfacet
  facet normal 0 0 -1
    outer loop
      vertex 6.5 -3 0
      vertex 8.66446590423584 -6.5 0
      vertex 6.5 -12.5 0
    endloop
  endfacet
  facet normal 0 0 -1
    outer loop
      vertex 6.5 -12.5 0
      vertex 8.66446590423584 -6.5 0
      vertex 12.5 -12.5 0
    endloop
  endfacet
  facet normal 0 0 -1
    outer loop
      vertex 11.66446590423584 -3 0
      vertex 9.5 3 0
      vertex 11.66446590423584 10.5 0
    endloop
  endfacet
  facet normal 0 0 -1
    outer loop
      vertex 8.66446590423584 -3 0
      vertex 9.5 3 0
      vertex 11.66446590423584 -3 0
    endloop
  endfacet
  facet normal 0 0 -1
    outer loop
      vertex 8.66446590423584 -6.5 0
      vertex 6.5 -3 0
      vertex 8.66446590423584 -3 0
    endloop
  endfacet
  facet normal 0 0 -1
    outer loop
      vertex 8.66446590423584 -3 0
      vertex 6.5 -3 0
      vertex 9.5 3 0
    endloop
  endfacet
  facet normal 0 0 -1
    outer loop
      vertex 3.8227062225341797 -3 0
      vertex 9.5 3 0
      vertex 6.5 -3 0
    endloop
  endfacet
  facet normal 0 0 -1
    outer loop
      vertex -0.2999992370605469 1.913249135017395 0
      vertex 9.5 3 0
      vertex 3.8227062225341797 -3 0
    endloop
  endfacet
  facet normal 0 0 -1
    outer loop
      vertex 9.5 3 0
      vertex -0.2999992370605469 1.913249135017395 0
      vertex -0.2999992370605469 3 0
    endloop
  endfacet
  facet normal 0 0 -1
    outer loop
      vertex 11.66446590423584 10.5 0
      vertex 15.5 16.5 0
      vertex 15.5 10.5 0
    endloop
  endfacet
  facet normal 0 0 -1
    outer loop
      vertex 11.66446590423584 10.5 0
      vertex 9.5 16.5 0
      vertex 15.5 16.5 0
    endloop
  endfacet
  facet normal 0 0 -1
    outer loop
      vertex 9.5 16.5 0
      vertex 11.66446590423584 10.5 0
      vertex 9.5 3 0
    endloop
  endfacet
  facet normal 0 0 -1
    outer loop
      vertex -6.5 -12.5 0
      vertex -8.66446590423584 -6.5 0
      vertex -6.5 -3 0
    endloop
  endfacet
  facet normal 0 0 -1
    outer loop
      vertex -12.5 -12.5 0
      vertex -8.66446590423584 -6.5 0
      vertex -6.5 -12.5 0
    endloop
  endfacet
  facet normal 0 0 -1
    outer loop
      vertex -8.66446590423584 -6.5 0
      vertex -12.5 -12.5 0
      vertex -12.5 -6.5 0
    endloop
  endfacet
  facet normal 0 0 -1
    outer loop
      vertex -6.5 -3 0
      vertex 0.2999992370605469 -1.913249135017395 0
      vertex 0.2999992370605469 -3 0
    endloop
  endfacet
  facet normal 0 0 -1
    outer loop
      vertex 0.2999992370605469 -1.913249135017395 0
      vertex -6.5 -3 0
      vertex -3.8227062225341797 3 0
    endloop
  endfacet
  facet normal 0 0 -1
    outer loop
      vertex -8.66446590423584 -3 0
      vertex -6.5 -3 0
      vertex -8.66446590423584 -6.5 0
    endloop
  endfacet
  facet normal 0 0 -1
    outer loop
      vertex -9.5 3 0
      vertex -6.5 -3 0
      vertex -8.66446590423584 -3 0
    endloop
  endfacet
  facet normal 0 0 -1
    outer loop
      vertex -6.5 -3 0
      vertex -9.5 3 0
      vertex -3.8227062225341797 3 0
    endloop
  endfacet
  facet normal 0 0 -1
    outer loop
      vertex -11.66446590423584 -3 0
      vertex -9.5 3 0
      vertex -8.66446590423584 -3 0
    endloop
  endfacet
  facet normal 0 0 -1
    outer loop
      vertex -11.66446590423584 10.5 0
      vertex -9.5 3 0
      vertex -11.66446590423584 -3 0
    endloop
  endfacet
  facet normal 0 0 -1
    outer loop
      vertex -9.5 3 0
      vertex -11.66446590423584 10.5 0
      vertex -9.5 16.5 0
    endloop
  endfacet
  facet normal 0 0 -1
    outer loop
      vertex -15.5 16.5 0
      vertex -11.66446590423584 10.5 0
      vertex -15.5 10.5 0
    endloop
  endfacet
  facet normal 0 0 -1
    outer loop
      vertex -11.66446590423584 10.5 0
      vertex -15.5 16.5 0
      vertex -9.5 16.5 0
    endloop
  endfacet
  facet normal -1 0 0
    outer loop
      vertex 6.5 -9.362692832946777 0.19999980926513672
      vertex 6.5 -3 3.5000009536743164
      vertex 6.5 -3 0
    endloop
  endfacet
  facet normal -1 0 0
    outer loop
      vertex 6.5 -13 6.5
      vertex 6.5 -3 3.5000009536743164
      vertex 6.5 -9.362692832946777 0.19999980926513672
    endloop
  endfacet
  facet normal -1 0 0
    outer loop
      vertex 6.5 -3 3.5000009536743164
      vertex 6.5 -13 6.5
      vertex 6.5 -3 9.499999046325684
    endloop
  endfacet
  facet normal -1 0 0
    outer loop
      vertex 6.5 -5 12.899999618530273
      vertex 6.5 -6.5 13
      vertex 6.5 -5 13
    endloop
  endfacet
  facet normal -1 0 0
    outer loop
      vertex 6.5 -12.875104904174805 7.768087387084961
      vertex 6.5 -3 9.499999046325684
      vertex 6.5 -13 6.5
    endloop
  endfacet
  facet normal -1 0 0
    outer loop
      vertex 6.5 -3 9.499999046325684
      vertex 6.5 -5 12.899999618530273
      vertex 6.5 -3 11.5
    endloop
  endfacet
  facet normal -1 0 0
    outer loop
      vertex 6.5 -11.904553413391113 10.111207008361816
      vertex 6.5 -3 9.499999046325684
      vertex 6.5 -12.505217552185059 8.987442970275879
    endloop
  endfacet
  facet normal -1 0 0
    outer loop
      vertex 6.5 -5 12.899999618530273
      vertex 6.5 -3 9.499999046325684
      vertex 6.5 -6.5 13
    endloop
  endfacet
  facet normal -1 0 0
    outer loop
      vertex 6.5 -12.5 0
      vertex 6.5 -9.362692832946777 0.19999980926513672
      vertex 6.5 -3 0
    endloop
  endfacet
  facet normal -1 0 0
    outer loop
      vertex 6.5 -9.362692832946777 0.19999980926513672
      vertex 6.5 -12.5 0
      vertex 6.5 -12.5 0.19999980926513672
    endloop
  endfacet
  facet normal -1 0 0
    outer loop
      vertex 6.5 -3 3.5000009536743164
      vertex 6.5 0 9.499999046325684
      vertex 6.5 0 3.5000009536743164
    endloop
  endfacet
  facet normal -1 0 0
    outer loop
      vertex 6.5 0 9.499999046325684
      vertex 6.5 -3 3.5000009536743164
      vertex 6.5 -3 9.499999046325684
    endloop
  endfacet
  facet normal -1 0 0
    outer loop
      vertex 6.5 -6.5 13
      vertex 6.5 -3 9.499999046325684
      vertex 6.5 -7.768087387084961 12.875104904174805
    endloop
  endfacet
  facet normal -1 0 0
    outer loop
      vertex 6.5 -7.768087387084961 12.875104904174805
      vertex 6.5 -3 9.499999046325684
      vertex 6.5 -8.987442970275879 12.505217552185059
    endloop
  endfacet
  facet normal -1 0 0
    outer loop
      vertex 6.5 -8.987442970275879 12.505217552185059
      vertex 6.5 -3 9.499999046325684
      vertex 6.5 -10.111207008361816 11.904553413391113
    endloop
  endfacet
  facet normal -1 0 0
    outer loop
      vertex 6.5 -10.111207008361816 11.904553413391113
      vertex 6.5 -3 9.499999046325684
      vertex 6.5 -11.09619426727295 11.09619426727295
    endloop
  endfacet
  facet normal -1 0 0
    outer loop
      vertex 6.5 -11.09619426727295 11.09619426727295
      vertex 6.5 -3 9.499999046325684
      vertex 6.5 -11.904553413391113 10.111207008361816
    endloop
  endfacet
  facet normal -1 0 0
    outer loop
      vertex 6.5 -3 9.499999046325684
      vertex 6.5 -12.875104904174805 7.768087387084961
      vertex 6.5 -12.505217552185059 8.987442970275879
    endloop
  endfacet
  facet normal -1 0 0
    outer loop
      vertex 6.5 0 3.5000009536743164
      vertex 6.5 3 9.499999046325684
      vertex 6.5 3 3.5000009536743164
    endloop
  endfacet
  facet normal -1 0 0
    outer loop
      vertex 6.5 3 9.499999046325684
      vertex 6.5 0 3.5000009536743164
      vertex 6.5 0 9.499999046325684
    endloop
  endfacet
  facet normal -1 0 0
    outer loop
      vertex 6.5 -1.5499992370605469 12.5
      vertex 6.5 -1.4499998092651367 13
      vertex 6.5 -1.4499998092651367 12.5
    endloop
  endfacet
  facet normal -1 0 0
    outer loop
      vertex 6.5 -1.4499998092651367 13
      vertex 6.5 -1.5499992370605469 12.5
      vertex 6.5 -1.5499992370605469 13
    endloop
  endfacet
  facet normal 0 0 1
    outer loop
      vertex -9 -5 13
      vertex -6.5 -6.5 13
      vertex -6.5 -5 13
    endloop
  endfacet
  facet normal 0 0 1
    outer loop
      vertex -9.34999942779541 -6.5 13
      vertex -9 -5 13
      vertex -9.34999942779541 -4.800000190734863 13
    endloop
  endfacet
  facet normal 0 0 1
    outer loop
      vertex -9 -5 13
      vertex -9.34999942779541 -6.5 13
      vertex -6.5 -6.5 13
    endloop
  endfacet
  facet normal 0 0 1
    outer loop
      vertex -9.34999942779541 -1.4499998092651367 13
      vertex -6.5 -1.5499992370605469 13
      vertex -6.5 -1.4499998092651367 13
    endloop
  endfacet
  facet normal 0 0 1
    outer loop
      vertex -6.5 -1.5499992370605469 13
      vertex -9.34999942779541 -1.4499998092651367 13
      vertex -9.34999942779541 -1.5499992370605469 13
    endloop
  endfacet
  facet normal 1 0 0
    outer loop
      vertex -6.5 -5 13
      vertex -6.5 -6.5 13
      vertex -6.5 -5 12.899999618530273
    endloop
  endfacet
  facet normal 1 0 0
    outer loop
      vertex -6.5 -5 12.899999618530273
      vertex -6.5 -3 9.499999046325684
      vertex -6.5 -3 11.5
    endloop
  endfacet
  facet normal 1 0 0
    outer loop
      vertex -6.5 -8.987442970275879 12.505217552185059
      vertex -6.5 -3 9.499999046325684
      vertex -6.5 -7.768087387084961 12.875104904174805
    endloop
  endfacet
  facet normal 1 0 0
    outer loop
      vertex -6.5 -3 9.499999046325684
      vertex -6.5 -5 12.899999618530273
      vertex -6.5 -6.5 13
    endloop
  endfacet
  facet normal 1 0 0
    outer loop
      vertex -6.5 -3 9.499999046325684
      vertex -6.5 -6.5 13
      vertex -6.5 -7.768087387084961 12.875104904174805
    endloop
  endfacet
  facet normal 1 0 0
    outer loop
      vertex -6.5 -10.111207008361816 11.904553413391113
      vertex -6.5 -3 9.499999046325684
      vertex -6.5 -8.987442970275879 12.505217552185059
    endloop
  endfacet
  facet normal 1 0 0
    outer loop
      vertex -6.5 -11.09619426727295 11.09619426727295
      vertex -6.5 -3 9.499999046325684
      vertex -6.5 -10.111207008361816 11.904553413391113
    endloop
  endfacet
  facet normal 1 0 0
    outer loop
      vertex -6.5 -3 3.5000009536743164
      vertex -6.5 -9.362692832946777 0.19999980926513672
      vertex -6.5 -3 0
    endloop
  endfacet
  facet normal 1 0 0
    outer loop
      vertex -6.5 -12.5 0
      vertex -6.5 -9.362692832946777 0.19999980926513672
      vertex -6.5 -12.5 0.19999980926513672
    endloop
  endfacet
  facet normal 1 0 0
    outer loop
      vertex -6.5 -9.362692832946777 0.19999980926513672
      vertex -6.5 -12.5 0
      vertex -6.5 -3 0
    endloop
  endfacet
  facet normal 1 0 0
    outer loop
      vertex -6.5 -3 9.499999046325684
      vertex -6.5 0 3.5000009536743164
      vertex -6.5 0 9.499999046325684
    endloop
  endfacet
  facet normal 1 0 0
    outer loop
      vertex -6.5 0 3.5000009536743164
      vertex -6.5 -3 9.499999046325684
      vertex -6.5 -3 3.5000009536743164
    endloop
  endfacet
  facet normal 1 0 0
    outer loop
      vertex -6.5 -11.904553413391113 10.111207008361816
      vertex -6.5 -3 9.499999046325684
      vertex -6.5 -11.09619426727295 11.09619426727295
    endloop
  endfacet
  facet normal 1 0 0
    outer loop
      vertex -6.5 -12.505217552185059 8.987442970275879
      vertex -6.5 -3 9.499999046325684
      vertex -6.5 -11.904553413391113 10.111207008361816
    endloop
  endfacet
  facet normal 1 0 0
    outer loop
      vertex -6.5 -12.875104904174805 7.768087387084961
      vertex -6.5 -3 9.499999046325684
      vertex -6.5 -12.505217552185059 8.987442970275879
    endloop
  endfacet
  facet normal 1 0 0
    outer loop
      vertex -6.5 -13 6.5
      vertex -6.5 -3 9.499999046325684
      vertex -6.5 -12.875104904174805 7.768087387084961
    endloop
  endfacet
  facet normal 1 0 0
    outer loop
      vertex -6.5 -3 9.499999046325684
      vertex -6.5 -13 6.5
      vertex -6.5 -3 3.5000009536743164
    endloop
  endfacet
  facet normal 1 0 0
    outer loop
      vertex -6.5 -3 3.5000009536743164
      vertex -6.5 -13 6.5
      vertex -6.5 -9.362692832946777 0.19999980926513672
    endloop
  endfacet
  facet normal 1 0 0
    outer loop
      vertex -6.5 0 9.499999046325684
      vertex -6.5 3 3.5000009536743164
      vertex -6.5 3 9.499999046325684
    endloop
  endfacet
  facet normal 1 0 0
    outer loop
      vertex -6.5 3 3.5000009536743164
      vertex -6.5 0 9.499999046325684
      vertex -6.5 0 3.5000009536743164
    endloop
  endfacet
  facet normal 1 0 0
    outer loop
      vertex -6.5 -1.5499992370605469 13
      vertex -6.5 -1.4499998092651367 12.5
      vertex -6.5 -1.4499998092651367 13
    endloop
  endfacet
  facet normal 1 0 0
    outer loop
      vertex -6.5 -1.4499998092651367 12.5
      vertex -6.5 -1.5499992370605469 13
      vertex -6.5 -1.5499992370605469 12.5
    endloop
  endfacet
  facet normal -1 0 0
    outer loop
      vertex -9.34999942779541 -3 0.6855335235595703
      vertex -9.34999942779541 -4.06935453414917 6.5
      vertex -9.34999942779541 -3 11.649999618530273
    endloop
  endfacet
  facet normal -1 0 0
    outer loop
      vertex -9.34999942779541 -3 0.6855335235595703
      vertex -9.34999942779541 -4.137535572052002 5.807743549346924
      vertex -9.34999942779541 -4.06935453414917 6.5
    endloop
  endfacet
  facet normal -1 0 0
    outer loop
      vertex -9.34999942779541 -3 0.6855335235595703
      vertex -9.34999942779541 -4.142959117889404 5.7526774406433105
      vertex -9.34999942779541 -4.137535572052002 5.807743549346924
    endloop
  endfacet
  facet normal -1 0 0
    outer loop
      vertex -9.34999942779541 -3 0.6855335235595703
      vertex -9.34999942779541 -4.159021377563477 5.699727535247803
      vertex -9.34999942779541 -4.142959117889404 5.7526774406433105
    endloop
  endfacet
  facet normal -1 0 0
    outer loop
      vertex -9.34999942779541 -3 0.6855335235595703
      vertex -9.34999942779541 -4.360944747924805 5.0340752601623535
      vertex -9.34999942779541 -4.159021377563477 5.699727535247803
    endloop
  endfacet
  facet normal -1 0 0
    outer loop
      vertex -9.34999942779541 -3 0.6855335235595703
      vertex -9.34999942779541 -4.387028217315674 4.985276699066162
      vertex -9.34999942779541 -4.360944747924805 5.0340752601623535
    endloop
  endfacet
  facet normal -1 0 0
    outer loop
      vertex -9.34999942779541 -3 0.6855335235595703
      vertex -9.34999942779541 -4.714934825897217 4.371807098388672
      vertex -9.34999942779541 -4.387028217315674 4.985276699066162
    endloop
  endfacet
  facet normal -1 0 0
    outer loop
      vertex -9.34999942779541 -3 0.6855335235595703
      vertex -9.34999942779541 -5.156221866607666 3.834097146987915
      vertex -9.34999942779541 -4.714934825897217 4.371807098388672
    endloop
  endfacet
  facet normal -1 0 0
    outer loop
      vertex -9.34999942779541 -3 0.6855335235595703
      vertex -9.34999942779541 -5.191324234008789 3.7913246154785156
      vertex -9.34999942779541 -5.156221866607666 3.834097146987915
    endloop
  endfacet
  facet normal -1 0 0
    outer loop
      vertex -9.34999942779541 -3 0.6855335235595703
      vertex -9.34999942779541 -5.729034423828125 3.350036859512329
      vertex -9.34999942779541 -5.191324234008789 3.7913246154785156
    endloop
  endfacet
  facet normal -1 0 0
    outer loop
      vertex -9.34999942779541 -3 0.6855335235595703
      vertex -9.34999942779541 -5.771806716918945 3.314934492111206
      vertex -9.34999942779541 -5.729034423828125 3.350036859512329
    endloop
  endfacet
  facet normal -1 0 0
    outer loop
      vertex -9.34999942779541 -3 0.6855335235595703
      vertex -9.34999942779541 -5.820605754852295 3.288851022720337
      vertex -9.34999942779541 -5.771806716918945 3.314934492111206
    endloop
  endfacet
  facet normal -1 0 0
    outer loop
      vertex -9.34999942779541 -3 0.6855335235595703
      vertex -9.34999942779541 -6.434074878692627 2.9609451293945312
      vertex -9.34999942779541 -5.820605754852295 3.288851022720337
    endloop
  endfacet
  facet normal -1 0 0
    outer loop
      vertex -9.34999942779541 -3 0.6855335235595703
      vertex -9.34999942779541 -6.487024784088135 2.944883108139038
      vertex -9.34999942779541 -6.434074878692627 2.9609451293945312
    endloop
  endfacet
  facet normal -1 0 0
    outer loop
      vertex -9.34999942779541 -3 0.6855335235595703
      vertex -9.34999942779541 -7.1526780128479 2.742959499359131
      vertex -9.34999942779541 -6.487024784088135 2.944883108139038
    endloop
  endfacet
  facet normal -1 0 0
    outer loop
      vertex -9.34999942779541 -9.64301586151123 0.6855335235595703
      vertex -9.34999942779541 -7.1526780128479 2.742959499359131
      vertex -9.34999942779541 -3 0.6855335235595703
    endloop
  endfacet
  facet normal -1 0 0
    outer loop
      vertex -9.34999942779541 -7.1526780128479 2.742959499359131
      vertex -9.34999942779541 -9.64301586151123 0.6855335235595703
      vertex -9.34999942779541 -7.84493350982666 2.674778461456299
    endloop
  endfacet
  facet normal -1 0 0
    outer loop
      vertex -9.34999942779541 -7.84493350982666 2.674778461456299
      vertex -9.34999942779541 -9.64301586151123 0.6855335235595703
      vertex -9.34999942779541 -7.899999618530273 2.6693549156188965
    endloop
  endfacet
  facet normal -1 0 0
    outer loop
      vertex -9.34999942779541 -7.899999618530273 2.6693549156188965
      vertex -9.34999942779541 -9.64301586151123 0.6855335235595703
      vertex -9.34999942779541 -8.592255592346191 2.7375359535217285
    endloop
  endfacet
  facet normal -1 0 0
    outer loop
      vertex -9.34999942779541 -8.592255592346191 2.7375359535217285
      vertex -9.34999942779541 -9.64301586151123 0.6855335235595703
      vertex -9.34999942779541 -8.647320747375488 2.742959499359131
    endloop
  endfacet
  facet normal -1 0 0
    outer loop
      vertex -9.34999942779541 -8.647320747375488 2.742959499359131
      vertex -9.34999942779541 -9.64301586151123 0.6855335235595703
      vertex -9.34999942779541 -8.700270652770996 2.759021520614624
    endloop
  endfacet
  facet normal -1 0 0
    outer loop
      vertex -9.34999942779541 -8.700270652770996 2.759021520614624
      vertex -9.34999942779541 -9.64301586151123 0.6855335235595703
      vertex -9.34999942779541 -9.365923881530762 2.9609451293945312
    endloop
  endfacet
  facet normal -1 0 0
    outer loop
      vertex -9.34999942779541 -9.64301586151123 0.6855335235595703
      vertex -9.34999942779541 -9.979393005371094 3.288851022720337
      vertex -9.34999942779541 -9.365923881530762 2.9609451293945312
    endloop
  endfacet
  facet normal -1 0 0
    outer loop
      vertex -9.34999942779541 -9.64301586151123 0.6855335235595703
      vertex -9.34999942779541 -10.028191566467285 3.314934492111206
      vertex -9.34999942779541 -9.979393005371094 3.288851022720337
    endloop
  endfacet
  facet normal -1 0 0
    outer loop
      vertex -9.34999942779541 -9.64301586151123 0.6855335235595703
      vertex -9.34999942779541 -10.070963859558105 3.350036859512329
      vertex -9.34999942779541 -10.028191566467285 3.314934492111206
    endloop
  endfacet
  facet normal -1 0 0
    outer loop
      vertex -9.34999942779541 -9.64301586151123 0.6855335235595703
      vertex -9.34999942779541 -10.608675003051758 3.7913246154785156
      vertex -9.34999942779541 -10.070963859558105 3.350036859512329
    endloop
  endfacet
  facet normal -1 0 0
    outer loop
      vertex -9.34999942779541 -9.64301586151123 0.6855335235595703
      vertex -9.34999942779541 -10.643776893615723 3.834097146987915
      vertex -9.34999942779541 -10.608675003051758 3.7913246154785156
    endloop
  endfacet
  facet normal -1 0 0
    outer loop
      vertex -9.34999942779541 -9.64301586151123 0.6855335235595703
      vertex -9.34999942779541 -11.085063934326172 4.371807098388672
      vertex -9.34999942779541 -10.643776893615723 3.834097146987915
    endloop
  endfacet
  facet normal -1 0 0
    outer loop
      vertex -9.34999942779541 -13 6.5
      vertex -9.34999942779541 -11.085063934326172 4.371807098388672
      vertex -9.34999942779541 -9.64301586151123 0.6855335235595703
    endloop
  endfacet
  facet normal -1 0 0
    outer loop
      vertex -9.34999942779541 -11.085063934326172 4.371807098388672
      vertex -9.34999942779541 -13 6.5
      vertex -9.34999942779541 -11.412970542907715 4.985276699066162
    endloop
  endfacet
  facet normal -1 0 0
    outer loop
      vertex -9.34999942779541 -13 6.5
      vertex -9.34999942779541 -11.64097785949707 5.699727535247803
      vertex -9.34999942779541 -11.439054489135742 5.0340752601623535
    endloop
  endfacet
  facet normal -1 0 0
    outer loop
      vertex -9.34999942779541 -11.085063934326172 8.628191947937012
      vertex -9.34999942779541 -12.505217552185059 8.987442970275879
      vertex -9.34999942779541 -11.904553413391113 10.111207008361816
    endloop
  endfacet
  facet normal -1 0 0
    outer loop
      vertex -9.34999942779541 -13 6.5
      vertex -9.34999942779541 -11.730644226074219 6.5
      vertex -9.34999942779541 -11.662464141845703 5.807743549346924
    endloop
  endfacet
  facet normal -1 0 0
    outer loop
      vertex -9.34999942779541 -13 6.5
      vertex -9.34999942779541 -11.662464141845703 5.807743549346924
      vertex -9.34999942779541 -11.6570405960083 5.7526774406433105
    endloop
  endfacet
  facet normal -1 0 0
    outer loop
      vertex -9.34999942779541 -11.662464141845703 7.192255973815918
      vertex -9.34999942779541 -12.875104904174805 7.768087387084961
      vertex -9.34999942779541 -12.505217552185059 8.987442970275879
    endloop
  endfacet
  facet normal -1 0 0
    outer loop
      vertex -9.34999942779541 -11.64097785949707 5.699727535247803
      vertex -9.34999942779541 -13 6.5
      vertex -9.34999942779541 -11.6570405960083 5.7526774406433105
    endloop
  endfacet
  facet normal -1 0 0
    outer loop
      vertex -9.34999942779541 -11.412970542907715 4.985276699066162
      vertex -9.34999942779541 -13 6.5
      vertex -9.34999942779541 -11.439054489135742 5.0340752601623535
    endloop
  endfacet
  facet normal -1 0 0
    outer loop
      vertex -9.34999942779541 -11.662464141845703 7.192255973815918
      vertex -9.34999942779541 -13 6.5
      vertex -9.34999942779541 -12.875104904174805 7.768087387084961
    endloop
  endfacet
  facet normal -1 0 0
    outer loop
      vertex -9.34999942779541 -4.137535572052002 7.192255973815918
      vertex -9.34999942779541 -3 11.649999618530273
      vertex -9.34999942779541 -4.06935453414917 6.5
    endloop
  endfacet
  facet normal -1 0 0
    outer loop
      vertex -9.34999942779541 -4.142959117889404 7.247321605682373
      vertex -9.34999942779541 -3 11.649999618530273
      vertex -9.34999942779541 -4.137535572052002 7.192255973815918
    endloop
  endfacet
  facet normal -1 0 0
    outer loop
      vertex -9.34999942779541 -4.159021377563477 7.300271511077881
      vertex -9.34999942779541 -3 11.649999618530273
      vertex -9.34999942779541 -4.142959117889404 7.247321605682373
    endloop
  endfacet
  facet normal -1 0 0
    outer loop
      vertex -9.34999942779541 -4.360944747924805 7.96592378616333
      vertex -9.34999942779541 -3 11.649999618530273
      vertex -9.34999942779541 -4.159021377563477 7.300271511077881
    endloop
  endfacet
  facet normal -1 0 0
    outer loop
      vertex -9.34999942779541 -4.387028217315674 8.01472282409668
      vertex -9.34999942779541 -3 11.649999618530273
      vertex -9.34999942779541 -4.360944747924805 7.96592378616333
    endloop
  endfacet
  facet normal -1 0 0
    outer loop
      vertex -9.34999942779541 -4.714934825897217 8.628191947937012
      vertex -9.34999942779541 -3 11.649999618530273
      vertex -9.34999942779541 -4.387028217315674 8.01472282409668
    endloop
  endfacet
  facet normal -1 0 0
    outer loop
      vertex -9.34999942779541 -5.156221866607666 9.165902137756348
      vertex -9.34999942779541 -3 11.649999618530273
      vertex -9.34999942779541 -4.714934825897217 8.628191947937012
    endloop
  endfacet
  facet normal -1 0 0
    outer loop
      vertex -9.34999942779541 -5.191324234008789 9.208674430847168
      vertex -9.34999942779541 -3 11.649999618530273
      vertex -9.34999942779541 -5.156221866607666 9.165902137756348
    endloop
  endfacet
  facet normal -1 0 0
    outer loop
      vertex -9.34999942779541 -5.729034423828125 9.649962425231934
      vertex -9.34999942779541 -3 11.649999618530273
      vertex -9.34999942779541 -5.191324234008789 9.208674430847168
    endloop
  endfacet
  facet normal -1 0 0
    outer loop
      vertex -9.34999942779541 -5.771806716918945 9.685064315795898
      vertex -9.34999942779541 -3 11.649999618530273
      vertex -9.34999942779541 -5.729034423828125 9.649962425231934
    endloop
  endfacet
  facet normal -1 0 0
    outer loop
      vertex -9.34999942779541 -3 11.649999618530273
      vertex -9.34999942779541 -5.771806716918945 9.685064315795898
      vertex -9.34999942779541 -4.800000190734863 12.90999984741211
    endloop
  endfacet
  facet normal -1 0 0
    outer loop
      vertex -9.34999942779541 -5.820605754852295 9.711148262023926
      vertex -9.34999942779541 -4.800000190734863 12.90999984741211
      vertex -9.34999942779541 -5.771806716918945 9.685064315795898
    endloop
  endfacet
  facet normal -1 0 0
    outer loop
      vertex -9.34999942779541 -6.434074878692627 10.039053916931152
      vertex -9.34999942779541 -4.800000190734863 12.90999984741211
      vertex -9.34999942779541 -5.820605754852295 9.711148262023926
    endloop
  endfacet
  facet normal -1 0 0
    outer loop
      vertex -9.34999942779541 -6.5 13
      vertex -9.34999942779541 -4.800000190734863 12.90999984741211
      vertex -9.34999942779541 -6.434074878692627 10.039053916931152
    endloop
  endfacet
  facet normal -1 0 0
    outer loop
      vertex -9.34999942779541 -6.5 13
      vertex -9.34999942779541 -6.434074878692627 10.039053916931152
      vertex -9.34999942779541 -6.487024784088135 10.055115699768066
    endloop
  endfacet
  facet normal -1 0 0
    outer loop
      vertex -9.34999942779541 -4.800000190734863 12.90999984741211
      vertex -9.34999942779541 -6.5 13
      vertex -9.34999942779541 -4.800000190734863 13
    endloop
  endfacet
  facet normal -1 0 0
    outer loop
      vertex -9.34999942779541 -7.1526780128479 10.257040023803711
      vertex -9.34999942779541 -6.5 13
      vertex -9.34999942779541 -6.487024784088135 10.055115699768066
    endloop
  endfacet
  facet normal -1 0 0
    outer loop
      vertex -9.34999942779541 -7.768087387084961 12.875104904174805
      vertex -9.34999942779541 -7.1526780128479 10.257040023803711
      vertex -9.34999942779541 -7.2077436447143555 10.262463569641113
    endloop
  endfacet
  facet normal -1 0 0
    outer loop
      vertex -9.34999942779541 -7.1526780128479 10.257040023803711
      vertex -9.34999942779541 -7.768087387084961 12.875104904174805
      vertex -9.34999942779541 -6.5 13
    endloop
  endfacet
  facet normal -1 0 0
    outer loop
      vertex -9.34999942779541 -7.899999618530273 10.330644607543945
      vertex -9.34999942779541 -7.768087387084961 12.875104904174805
      vertex -9.34999942779541 -7.2077436447143555 10.262463569641113
    endloop
  endfacet
  facet normal -1 0 0
    outer loop
      vertex -9.34999942779541 -8.987442970275879 12.505217552185059
      vertex -9.34999942779541 -7.899999618530273 10.330644607543945
      vertex -9.34999942779541 -8.592255592346191 10.262463569641113
    endloop
  endfacet
  facet normal -1 0 0
    outer loop
      vertex -9.34999942779541 -8.987442970275879 12.505217552185059
      vertex -9.34999942779541 -8.592255592346191 10.262463569641113
      vertex -9.34999942779541 -8.647320747375488 10.257040023803711
    endloop
  endfacet
  facet normal -1 0 0
    outer loop
      vertex -9.34999942779541 -8.987442970275879 12.505217552185059
      vertex -9.34999942779541 -8.647320747375488 10.257040023803711
      vertex -9.34999942779541 -8.700270652770996 10.24097728729248
    endloop
  endfacet
  facet normal -1 0 0
    outer loop
      vertex -9.34999942779541 -7.899999618530273 10.330644607543945
      vertex -9.34999942779541 -8.987442970275879 12.505217552185059
      vertex -9.34999942779541 -7.768087387084961 12.875104904174805
    endloop
  endfacet
  facet normal -1 0 0
    outer loop
      vertex -9.34999942779541 -10.111207008361816 11.904553413391113
      vertex -9.34999942779541 -8.700270652770996 10.24097728729248
      vertex -9.34999942779541 -9.365923881530762 10.039053916931152
    endloop
  endfacet
  facet normal -1 0 0
    outer loop
      vertex -9.34999942779541 -11.09619426727295 11.09619426727295
      vertex -9.34999942779541 -9.365923881530762 10.039053916931152
      vertex -9.34999942779541 -9.979393005371094 9.711148262023926
    endloop
  endfacet
  facet normal -1 0 0
    outer loop
      vertex -9.34999942779541 -11.09619426727295 11.09619426727295
      vertex -9.34999942779541 -9.979393005371094 9.711148262023926
      vertex -9.34999942779541 -10.028191566467285 9.685064315795898
    endloop
  endfacet
  facet normal -1 0 0
    outer loop
      vertex -9.34999942779541 -11.09619426727295 11.09619426727295
      vertex -9.34999942779541 -10.028191566467285 9.685064315795898
      vertex -9.34999942779541 -10.070963859558105 9.649962425231934
    endloop
  endfacet
  facet normal -1 0 0
    outer loop
      vertex -9.34999942779541 -8.700270652770996 10.24097728729248
      vertex -9.34999942779541 -10.111207008361816 11.904553413391113
      vertex -9.34999942779541 -8.987442970275879 12.505217552185059
    endloop
  endfacet
  facet normal -1 0 0
    outer loop
      vertex -9.34999942779541 -11.09619426727295 11.09619426727295
      vertex -9.34999942779541 -10.070963859558105 9.649962425231934
      vertex -9.34999942779541 -10.608675003051758 9.208674430847168
    endloop
  endfacet
  facet normal -1 0 0
    outer loop
      vertex -9.34999942779541 -11.904553413391113 10.111207008361816
      vertex -9.34999942779541 -10.608675003051758 9.208674430847168
      vertex -9.34999942779541 -10.643776893615723 9.165902137756348
    endloop
  endfacet
  facet normal -1 0 0
    outer loop
      vertex -9.34999942779541 -11.904553413391113 10.111207008361816
      vertex -9.34999942779541 -10.643776893615723 9.165902137756348
      vertex -9.34999942779541 -11.085063934326172 8.628191947937012
    endloop
  endfacet
  facet normal -1 0 0
    outer loop
      vertex -9.34999942779541 -9.365923881530762 10.039053916931152
      vertex -9.34999942779541 -11.09619426727295 11.09619426727295
      vertex -9.34999942779541 -10.111207008361816 11.904553413391113
    endloop
  endfacet
  facet normal -1 0 0
    outer loop
      vertex -9.34999942779541 -12.505217552185059 8.987442970275879
      vertex -9.34999942779541 -11.085063934326172 8.628191947937012
      vertex -9.34999942779541 -11.412970542907715 8.01472282409668
    endloop
  endfacet
  facet normal -1 0 0
    outer loop
      vertex -9.34999942779541 -12.505217552185059 8.987442970275879
      vertex -9.34999942779541 -11.412970542907715 8.01472282409668
      vertex -9.34999942779541 -11.439054489135742 7.96592378616333
    endloop
  endfacet
  facet normal -1 0 0
    outer loop
      vertex -9.34999942779541 -12.505217552185059 8.987442970275879
      vertex -9.34999942779541 -11.439054489135742 7.96592378616333
      vertex -9.34999942779541 -11.64097785949707 7.300271511077881
    endloop
  endfacet
  facet normal -1 0 0
    outer loop
      vertex -9.34999942779541 -12.505217552185059 8.987442970275879
      vertex -9.34999942779541 -11.64097785949707 7.300271511077881
      vertex -9.34999942779541 -11.6570405960083 7.247321605682373
    endloop
  endfacet
  facet normal -1 0 0
    outer loop
      vertex -9.34999942779541 -10.608675003051758 9.208674430847168
      vertex -9.34999942779541 -11.904553413391113 10.111207008361816
      vertex -9.34999942779541 -11.09619426727295 11.09619426727295
    endloop
  endfacet
  facet normal -1 0 0
    outer loop
      vertex -9.34999942779541 -12.505217552185059 8.987442970275879
      vertex -9.34999942779541 -11.6570405960083 7.247321605682373
      vertex -9.34999942779541 -11.662464141845703 7.192255973815918
    endloop
  endfacet
  facet normal -1 0 0
    outer loop
      vertex -9.34999942779541 -13 6.5
      vertex -9.34999942779541 -11.662464141845703 7.192255973815918
      vertex -9.34999942779541 -11.730644226074219 6.5
    endloop
  endfacet
  facet normal -1 0 0
    outer loop
      vertex -9.34999942779541 -1.5499992370605469 12.5
      vertex -9.34999942779541 -1.4499998092651367 13
      vertex -9.34999942779541 -1.4499998092651367 12.5
    endloop
  endfacet
  facet normal -1 0 0
    outer loop
      vertex -9.34999942779541 -1.4499998092651367 13
      vertex -9.34999942779541 -1.5499992370605469 12.5
      vertex -9.34999942779541 -1.5499992370605469 13
    endloop
  endfacet
  facet normal 0 -0.290284590792819 0.9569403619600574
    outer loop
      vertex -9.34999942779541 -7.768087387084961 12.875104904174805
      vertex -6.5 -8.987442970275879 12.505217552185059
      vertex -6.5 -7.768087387084961 12.875104904174805
    endloop
  endfacet
  facet normal 0 -0.290284590792819 0.9569403619600574
    outer loop
      vertex -6.5 -8.987442970275879 12.505217552185059
      vertex -9.34999942779541 -7.768087387084961 12.875104904174805
      vertex -9.34999942779541 -8.987442970275879 12.505217552185059
    endloop
  endfacet
  facet normal 0 -0.290284590792819 0.9569403619600574
    outer loop
      vertex 6.5 -7.768087387084961 12.875104904174805
      vertex 9.34999942779541 -8.987442970275879 12.505217552185059
      vertex 9.34999942779541 -7.768087387084961 12.875104904174805
    endloop
  endfacet
  facet normal 0 -0.290284590792819 0.9569403619600574
    outer loop
      vertex 9.34999942779541 -8.987442970275879 12.505217552185059
      vertex 6.5 -7.768087387084961 12.875104904174805
      vertex 6.5 -8.987442970275879 12.505217552185059
    endloop
  endfacet
  facet normal 0 -0.7730100710105294 0.6343937500608723
    outer loop
      vertex -9.34999942779541 -11.904553413391113 10.111207008361816
      vertex -6.5 -11.09619426727295 11.09619426727295
      vertex -9.34999942779541 -11.09619426727295 11.09619426727295
    endloop
  endfacet
  facet normal 0 -0.7730100710105294 0.6343937500608723
    outer loop
      vertex -6.5 -11.09619426727295 11.09619426727295
      vertex -9.34999942779541 -11.904553413391113 10.111207008361816
      vertex -6.5 -11.904553413391113 10.111207008361816
    endloop
  endfacet
  facet normal 0 -0.7730100710105294 0.6343937500608723
    outer loop
      vertex 6.5 -11.904553413391113 10.111207008361816
      vertex 9.34999942779541 -11.09619426727295 11.09619426727295
      vertex 6.5 -11.09619426727295 11.09619426727295
    endloop
  endfacet
  facet normal 0 -0.7730100710105294 0.6343937500608723
    outer loop
      vertex 9.34999942779541 -11.09619426727295 11.09619426727295
      vertex 6.5 -11.904553413391113 10.111207008361816
      vertex 9.34999942779541 -11.904553413391113 10.111207008361816
    endloop
  endfacet
  facet normal 0 -0.09801666581063044 0.9951847734081181
    outer loop
      vertex -9.34999942779541 -6.5 13
      vertex -6.5 -7.768087387084961 12.875104904174805
      vertex -6.5 -6.5 13
    endloop
  endfacet
  facet normal 0 -0.09801666581063044 0.9951847734081181
    outer loop
      vertex -6.5 -7.768087387084961 12.875104904174805
      vertex -9.34999942779541 -6.5 13
      vertex -9.34999942779541 -7.768087387084961 12.875104904174805
    endloop
  endfacet
  facet normal 0 -0.09801666581063044 0.9951847734081181
    outer loop
      vertex 6.5 -6.5 13
      vertex 9.34999942779541 -7.768087387084961 12.875104904174805
      vertex 9.34999942779541 -6.5 13
    endloop
  endfacet
  facet normal 0 -0.09801666581063044 0.9951847734081181
    outer loop
      vertex 9.34999942779541 -7.768087387084961 12.875104904174805
      vertex 6.5 -6.5 13
      vertex 6.5 -7.768087387084961 12.875104904174805
    endloop
  endfacet
  facet normal 0 -0.9951847734081181 0.09801666581063044
    outer loop
      vertex -9.34999942779541 -13 6.5
      vertex -6.5 -12.875104904174805 7.768087387084961
      vertex -9.34999942779541 -12.875104904174805 7.768087387084961
    endloop
  endfacet
  facet normal 0 -0.9951847734081181 0.09801666581063044
    outer loop
      vertex -6.5 -12.875104904174805 7.768087387084961
      vertex -9.34999942779541 -13 6.5
      vertex -6.5 -13 6.5
    endloop
  endfacet
  facet normal 0 -0.9951847734081181 0.09801666581063044
    outer loop
      vertex 6.5 -13 6.5
      vertex 9.34999942779541 -12.875104904174805 7.768087387084961
      vertex 6.5 -12.875104904174805 7.768087387084961
    endloop
  endfacet
  facet normal 0 -0.9951847734081181 0.09801666581063044
    outer loop
      vertex 9.34999942779541 -12.875104904174805 7.768087387084961
      vertex 6.5 -13 6.5
      vertex 9.34999942779541 -13 6.5
    endloop
  endfacet
  facet normal 0 -0.6343937500608723 0.7730100710105294
    outer loop
      vertex -9.34999942779541 -10.111207008361816 11.904553413391113
      vertex -6.5 -11.09619426727295 11.09619426727295
      vertex -6.5 -10.111207008361816 11.904553413391113
    endloop
  endfacet
  facet normal 0 -0.6343937500608723 0.7730100710105294
    outer loop
      vertex -6.5 -11.09619426727295 11.09619426727295
      vertex -9.34999942779541 -10.111207008361816 11.904553413391113
      vertex -9.34999942779541 -11.09619426727295 11.09619426727295
    endloop
  endfacet
  facet normal 0 -0.6343937500608723 0.7730100710105294
    outer loop
      vertex 6.5 -10.111207008361816 11.904553413391113
      vertex 9.34999942779541 -11.09619426727295 11.09619426727295
      vertex 9.34999942779541 -10.111207008361816 11.904553413391113
    endloop
  endfacet
  facet normal 0 -0.6343937500608723 0.7730100710105294
    outer loop
      vertex 9.34999942779541 -11.09619426727295 11.09619426727295
      vertex 6.5 -10.111207008361816 11.904553413391113
      vertex 6.5 -11.09619426727295 11.09619426727295
    endloop
  endfacet
  facet normal 0 -0.9569403619600574 0.290284590792819
    outer loop
      vertex -9.34999942779541 -12.875104904174805 7.768087387084961
      vertex -6.5 -12.505217552185059 8.987442970275879
      vertex -9.34999942779541 -12.505217552185059 8.987442970275879
    endloop
  endfacet
  facet normal 0 -0.9569403619600574 0.290284590792819
    outer loop
      vertex -6.5 -12.505217552185059 8.987442970275879
      vertex -9.34999942779541 -12.875104904174805 7.768087387084961
      vertex -6.5 -12.875104904174805 7.768087387084961
    endloop
  endfacet
  facet normal 0 -0.9569403619600574 0.290284590792819
    outer loop
      vertex 6.5 -12.875104904174805 7.768087387084961
      vertex 9.34999942779541 -12.505217552185059 8.987442970275879
      vertex 6.5 -12.505217552185059 8.987442970275879
    endloop
  endfacet
  facet normal 0 -0.9569403619600574 0.290284590792819
    outer loop
      vertex 9.34999942779541 -12.505217552185059 8.987442970275879
      vertex 6.5 -12.875104904174805 7.768087387084961
      vertex 9.34999942779541 -12.875104904174805 7.768087387084961
    endloop
  endfacet
  facet normal 0 -0.8819213471362523 0.4713965819407031
    outer loop
      vertex -9.34999942779541 -12.505217552185059 8.987442970275879
      vertex -6.5 -11.904553413391113 10.111207008361816
      vertex -9.34999942779541 -11.904553413391113 10.111207008361816
    endloop
  endfacet
  facet normal 0 -0.8819213471362523 0.4713965819407031
    outer loop
      vertex -6.5 -11.904553413391113 10.111207008361816
      vertex -9.34999942779541 -12.505217552185059 8.987442970275879
      vertex -6.5 -12.505217552185059 8.987442970275879
    endloop
  endfacet
  facet normal 0 -0.8819213471362523 0.4713965819407031
    outer loop
      vertex 6.5 -12.505217552185059 8.987442970275879
      vertex 9.34999942779541 -11.904553413391113 10.111207008361816
      vertex 6.5 -11.904553413391113 10.111207008361816
    endloop
  endfacet
  facet normal 0 -0.8819213471362523 0.4713965819407031
    outer loop
      vertex 9.34999942779541 -11.904553413391113 10.111207008361816
      vertex 6.5 -12.505217552185059 8.987442970275879
      vertex 9.34999942779541 -12.505217552185059 8.987442970275879
    endloop
  endfacet
  facet normal 0 -0.4713965819407031 0.8819213471362523
    outer loop
      vertex -9.34999942779541 -8.987442970275879 12.505217552185059
      vertex -6.5 -10.111207008361816 11.904553413391113
      vertex -6.5 -8.987442970275879 12.505217552185059
    endloop
  endfacet
  facet normal 0 -0.4713965819407031 0.8819213471362523
    outer loop
      vertex -6.5 -10.111207008361816 11.904553413391113
      vertex -9.34999942779541 -8.987442970275879 12.505217552185059
      vertex -9.34999942779541 -10.111207008361816 11.904553413391113
    endloop
  endfacet
  facet normal 0 -0.4713965819407031 0.8819213471362523
    outer loop
      vertex 6.5 -8.987442970275879 12.505217552185059
      vertex 9.34999942779541 -10.111207008361816 11.904553413391113
      vertex 9.34999942779541 -8.987442970275879 12.505217552185059
    endloop
  endfacet
  facet normal 0 -0.4713965819407031 0.8819213471362523
    outer loop
      vertex 9.34999942779541 -10.111207008361816 11.904553413391113
      vertex 6.5 -8.987442970275879 12.505217552185059
      vertex 6.5 -10.111207008361816 11.904553413391113
    endloop
  endfacet
  facet normal 0.6936779103421272 -0.07064188531067184 0.7168128631261674
    outer loop
      vertex 9.158659934997559 -7.791536331176758 2.8652048110961914
      vertex 9.34999942779541 -7.84493350982666 2.674778461456299
      vertex 9.15886402130127 -7.784790515899658 2.8656721115112305
    endloop
  endfacet
  facet normal 0.6936862652096805 -0.07059839367640004 0.7168090626308772
    outer loop
      vertex 9.155384063720703 -7.899999618530273 2.8576924800872803
      vertex 9.34999942779541 -7.84493350982666 2.674778461456299
      vertex 9.158659934997559 -7.791536331176758 2.8652048110961914
    endloop
  endfacet
  facet normal 0.693686385982946 -0.07059960506368192 0.7168088264431259
    outer loop
      vertex 9.34999942779541 -7.84493350982666 2.674778461456299
      vertex 9.155384063720703 -7.899999618530273 2.8576924800872803
      vertex 9.34999942779541 -7.899999618530273 2.6693549156188965
    endloop
  endfacet
  facet normal 0.6936880593431846 -0.7168063320351341 -0.07060848871788412
    outer loop
      vertex 9.17261791229248 -4.297214984893799 7.070624351501465
      vertex 9.34999942779541 -4.137535572052002 7.192255973815918
      vertex 9.16624927520752 -4.306246757507324 7.099745273590088
    endloop
  endfacet
  facet normal 0.6936863842584214 -0.716808929964328 -0.0705985709336435
    outer loop
      vertex 9.34999942779541 -4.06935453414917 6.5
      vertex 9.17261791229248 -4.297214984893799 7.070624351501465
      vertex 9.158659934997559 -4.265204429626465 6.608463287353516
    endloop
  endfacet
  facet normal 0.6936859144833255 -0.7168092466438013 -0.0705999714828436
    outer loop
      vertex 9.34999942779541 -4.06935453414917 6.5
      vertex 9.158659934997559 -4.265204429626465 6.608463287353516
      vertex 9.155384063720703 -4.257691860198975 6.5
    endloop
  endfacet
  facet normal 0.6936851574639941 -0.7168100361194003 -0.07059939399639376
    outer loop
      vertex 9.17261791229248 -4.297214984893799 7.070624351501465
      vertex 9.34999942779541 -4.06935453414917 6.5
      vertex 9.34999942779541 -4.137535572052002 7.192255973815918
    endloop
  endfacet
  facet normal 0.6936849301102748 -0.07059946362097004 0.7168102492810315
    outer loop
      vertex 9.34999942779541 -7.1526780128479 2.742959499359131
      vertex 9.17261791229248 -7.32937479019165 2.8972153663635254
      vertex 9.34999942779541 -7.84493350982666 2.674778461456299
    endloop
  endfacet
  facet normal 0.6936857864714808 -0.07060119571620238 0.7168092499479102
    outer loop
      vertex 9.17261791229248 -7.32937479019165 2.8972153663635254
      vertex 9.34999942779541 -7.1526780128479 2.742959499359131
      vertex 9.142538070678711 -7.191845893859863 2.939870595932007
    endloop
  endfacet
  facet normal 0.6936871635392301 -0.0705978320029996 0.7168082485974709
    outer loop
      vertex 9.34999942779541 -7.84493350982666 2.674778461456299
      vertex 9.17261791229248 -7.32937479019165 2.8972153663635254
      vertex 9.15886402130127 -7.784790515899658 2.8656721115112305
    endloop
  endfacet
  facet normal 0.6936869913582849 0.20908388190604466 0.6892621332609168
    outer loop
      vertex 9.171795845031738 -8.925397872924805 3.006660223007202
      vertex 9.34999942779541 -8.700270652770996 2.759021520614624
      vertex 9.15310001373291 -8.722672462463379 2.9639804363250732
    endloop
  endfacet
  facet normal 0.6936859519288863 0.20908536163673383 0.6892627304923363
    outer loop
      vertex 9.18126106262207 -9.028033256530762 3.028268337249756
      vertex 9.34999942779541 -8.700270652770996 2.759021520614624
      vertex 9.171795845031738 -8.925397872924805 3.006660223007202
    endloop
  endfacet
  facet normal 0.6936855422517114 0.209085282865406 0.6892631666932756
    outer loop
      vertex 9.34999942779541 -9.365923881530762 2.9609451293945312
      vertex 9.18126106262207 -9.028033256530762 3.028268337249756
      vertex 9.165184020996094 -9.125076293945312 3.0738861560821533
    endloop
  endfacet
  facet normal 0.6936853104272327 0.20908494792142224 0.6892635016089058
    outer loop
      vertex 9.34999942779541 -9.365923881530762 2.9609451293945312
      vertex 9.165184020996094 -9.125076293945312 3.0738861560821533
      vertex 9.138273239135742 -9.287513732910156 3.1502442359924316
    endloop
  endfacet
  facet normal 0.6936858274501229 0.20908549531990928 0.6892628152175818
    outer loop
      vertex 9.18126106262207 -9.028033256530762 3.028268337249756
      vertex 9.34999942779541 -9.365923881530762 2.9609451293945312
      vertex 9.34999942779541 -8.700270652770996 2.759021520614624
    endloop
  endfacet
  facet normal 0.6936848522657301 -0.20908594282198179 -0.6892636609101883
    outer loop
      vertex 9.34999942779541 -6.487024784088135 10.055115699768066
      vertex 9.165184020996094 -6.674922943115234 9.92611312866211
      vertex 9.15571403503418 -6.61776065826416 9.899242401123047
    endloop
  endfacet
  facet normal 0.693683087000988 -0.20908220923045945 -0.6892665700526105
    outer loop
      vertex 9.34999942779541 -6.487024784088135 10.055115699768066
      vertex 9.18126106262207 -6.771965980529785 9.97173023223877
      vertex 9.165184020996094 -6.674922943115234 9.92611312866211
    endloop
  endfacet
  facet normal 0.6936876741589733 -0.209086672933962 -0.689260599426168
    outer loop
      vertex 9.34999942779541 -6.487024784088135 10.055115699768066
      vertex 9.171795845031738 -6.874601364135742 9.993338584899902
      vertex 9.18126106262207 -6.771965980529785 9.97173023223877
    endloop
  endfacet
  facet normal 0.6936865835380331 -0.20908596215685513 -0.6892619126633023
    outer loop
      vertex 9.34999942779541 -7.1526780128479 10.257040023803711
      vertex 9.171795845031738 -6.874601364135742 9.993338584899902
      vertex 9.34999942779541 -6.487024784088135 10.055115699768066
    endloop
  endfacet
  facet normal 0.6936868626296212 -0.20908561640178253 -0.6892617366639178
    outer loop
      vertex 9.171795845031738 -6.874601364135742 9.993338584899902
      vertex 9.34999942779541 -7.1526780128479 10.257040023803711
      vertex 9.142538070678711 -7.191845893859863 10.060128211975098
    endloop
  endfacet
  facet normal 0.6936862615711903 0.7168093973641841 0.07059503068758458
    outer loop
      vertex 9.34999942779541 -11.662464141845703 5.807743549346924
      vertex 9.149080276489258 -11.469407081604004 5.821763515472412
      vertex 9.166248321533203 -11.493751525878906 5.900254726409912
    endloop
  endfacet
  facet normal 0.6936860460605476 0.716807958297773 0.0706117583824524
    outer loop
      vertex 9.34999942779541 -11.662464141845703 5.807743549346924
      vertex 9.142537117004395 -11.460127830505371 5.791845798492432
      vertex 9.149080276489258 -11.469407081604004 5.821763515472412
    endloop
  endfacet
  facet normal 0.6936871320547698 0.7168081113735365 0.07059953463537698
    outer loop
      vertex 9.142537117004395 -11.460127830505371 5.791845798492432
      vertex 9.34999942779541 -11.662464141845703 5.807743549346924
      vertex 9.34999942779541 -11.6570405960083 5.7526774406433105
    endloop
  endfacet
  facet normal 0.6936856179023092 0.07059688176159584 0.7168098379633407
    outer loop
      vertex 9.142538070678711 -8.608153343200684 2.9398703575134277
      vertex 9.34999942779541 -8.592255592346191 2.7375359535217285
      vertex 9.16624927520752 -8.499744415283203 2.906247138977051
    endloop
  endfacet
  facet normal 0.6936852589358954 0.07060092242545453 0.7168097873827579
    outer loop
      vertex 9.34999942779541 -8.592255592346191 2.7375359535217285
      vertex 9.142538070678711 -8.608153343200684 2.9398703575134277
      vertex 9.34999942779541 -8.647320747375488 2.742959499359131
    endloop
  endfacet
  facet normal 0.6936855550343428 -0.6892630516452547 -0.20908561971921122
    outer loop
      vertex 9.181260108947754 -4.428268909454346 7.628033638000488
      vertex 9.34999942779541 -4.159021377563477 7.300271511077881
      vertex 9.34999942779541 -4.360944747924805 7.96592378616333
    endloop
  endfacet
  facet normal 0.6936861919187296 -0.689262618157008 -0.20908493573817818
    outer loop
      vertex 9.34999942779541 -4.159021377563477 7.300271511077881
      vertex 9.181260108947754 -4.428268909454346 7.628033638000488
      vertex 9.153099060058594 -4.363980770111084 7.3226728439331055
    endloop
  endfacet
  facet normal 0.6936864450204283 -0.689261954831283 -0.2090862827090263
    outer loop
      vertex 9.181260108947754 -4.428268909454346 7.628033638000488
      vertex 9.34999942779541 -4.360944747924805 7.96592378616333
      vertex 9.138273239135742 -4.550244331359863 7.887513160705566
    endloop
  endfacet
  facet normal 0.6936860688127657 0.7168094061176604 0.0705968358804968
    outer loop
      vertex 9.34999942779541 -11.730644226074219 6.5
      vertex 9.158659934997559 -11.534794807434082 6.391536712646484
      vertex 9.155384063720703 -11.542306900024414 6.5
    endloop
  endfacet
  facet normal 0.6936852592850585 0.716809951830186 0.07059924934322857
    outer loop
      vertex 9.34999942779541 -11.730644226074219 6.5
      vertex 9.172616958618164 -11.502782821655273 5.929374694824219
      vertex 9.158659934997559 -11.534794807434082 6.391536712646484
    endloop
  endfacet
  facet normal 0.6936868050227446 0.7168085580947795 0.07059821229620453
    outer loop
      vertex 9.34999942779541 -11.662464141845703 5.807743549346924
      vertex 9.172616958618164 -11.502782821655273 5.929374694824219
      vertex 9.34999942779541 -11.730644226074219 6.5
    endloop
  endfacet
  facet normal 0.6936872894369716 0.7168079397770957 0.07059973049596356
    outer loop
      vertex 9.172616958618164 -11.502782821655273 5.929374694824219
      vertex 9.34999942779541 -11.662464141845703 5.807743549346924
      vertex 9.166248321533203 -11.493751525878906 5.900254726409912
    endloop
  endfacet
  facet normal 0.6936851574639941 0.07059939399639376 0.7168100361194003
    outer loop
      vertex 9.34999942779541 -7.899999618530273 2.6693549156188965
      vertex 9.17261791229248 -8.470623970031738 2.8972153663635254
      vertex 9.34999942779541 -8.592255592346191 2.7375359535217285
    endloop
  endfacet
  facet normal 0.6936863842584214 0.0705985709336435 0.716808929964328
    outer loop
      vertex 9.34999942779541 -7.899999618530273 2.6693549156188965
      vertex 9.158659934997559 -8.008462905883789 2.8652048110961914
      vertex 9.17261791229248 -8.470623970031738 2.8972153663635254
    endloop
  endfacet
  facet normal 0.6936864459314074 0.0705983870664649 0.7168088883898316
    outer loop
      vertex 9.158659934997559 -8.008462905883789 2.8652048110961914
      vertex 9.34999942779541 -7.899999618530273 2.6693549156188965
      vertex 9.155384063720703 -7.899999618530273 2.8576924800872803
    endloop
  endfacet
  facet normal 0.6936883677653439 0.07060945535056765 0.7168059383418562
    outer loop
      vertex 9.34999942779541 -8.592255592346191 2.7375359535217285
      vertex 9.17261791229248 -8.470623970031738 2.8972153663635254
      vertex 9.16624927520752 -8.499744415283203 2.906247138977051
    endloop
  endfacet
  facet normal 0.6936871568414188 0.07059920525870034 -0.7168081198271324
    outer loop
      vertex 9.34999942779541 -8.592255592346191 10.262463569641113
      vertex 9.17261791229248 -8.470623970031738 10.102783203125
      vertex 9.34999942779541 -7.899999618530273 10.330644607543945
    endloop
  endfacet
  facet normal 0.6936870111959089 0.07059874879698079 -0.716808305732005
    outer loop
      vertex 9.17261791229248 -8.470623970031738 10.102783203125
      vertex 9.34999942779541 -8.592255592346191 10.262463569641113
      vertex 9.16624927520752 -8.499744415283203 10.093751907348633
    endloop
  endfacet
  facet normal 0.6936847273433991 0.0706008352246878 -0.7168103104141922
    outer loop
      vertex 9.158659934997559 -8.008462905883789 10.134795188903809
      vertex 9.34999942779541 -7.899999618530273 10.330644607543945
      vertex 9.17261791229248 -8.470623970031738 10.102783203125
    endloop
  endfacet
  facet normal 0.6936860688127657 0.0705968358804968 -0.7168094061176604
    outer loop
      vertex 9.34999942779541 -7.899999618530273 10.330644607543945
      vertex 9.158659934997559 -8.008462905883789 10.134795188903809
      vertex 9.155384063720703 -7.899999618530273 10.14230728149414
    endloop
  endfacet
  facet normal 0.6936875661523307 0.33953812337062383 -0.6352254901557484
    outer loop
      vertex 9.34999942779541 -9.979393005371094 9.711148262023926
      vertex 9.142539024353027 -9.916650772094727 9.518131256103516
      vertex 9.15310001373291 -9.818624496459961 9.582060813903809
    endloop
  endfacet
  facet normal 0.6936872186193639 0.33954171862199384 -0.6352239479422618
    outer loop
      vertex 9.142539024353027 -9.916650772094727 9.518131256103516
      vertex 9.34999942779541 -9.979393005371094 9.711148262023926
      vertex 9.34999942779541 -10.028191566467285 9.685064315795898
    endloop
  endfacet
  facet normal 0.6936862568012143 -0.6892620988493259 -0.2090864324028272
    outer loop
      vertex 9.34999942779541 -4.159021377563477 7.300271511077881
      vertex 9.142538070678711 -4.339870452880859 7.208153247833252
      vertex 9.34999942779541 -4.142959117889404 7.247321605682373
    endloop
  endfacet
  facet normal 0.6936861381468296 -0.6892625945158961 -0.20908519207288007
    outer loop
      vertex 9.142538070678711 -4.339870452880859 7.208153247833252
      vertex 9.34999942779541 -4.159021377563477 7.300271511077881
      vertex 9.153099060058594 -4.363980770111084 7.3226728439331055
    endloop
  endfacet
  facet normal 0.6936866640336862 -0.3395365662904906 0.6352273075785384
    outer loop
      vertex 9.18126106262207 -6.24275541305542 3.247474193572998
      vertex 9.34999942779541 -5.820605754852295 3.288851022720337
      vertex 9.15310001373291 -5.9813737869262695 3.417938470840454
    endloop
  endfacet
  facet normal 0.693685933083098 -0.33953636300764406 0.6352282144538078
    outer loop
      vertex 9.18126106262207 -6.24275541305542 3.247474193572998
      vertex 9.34999942779541 -6.434074878692627 2.9609451293945312
      vertex 9.34999942779541 -5.820605754852295 3.288851022720337
    endloop
  endfacet
  facet normal 0.6936870013022695 -0.3395348694386685 0.6352278462563897
    outer loop
      vertex 9.34999942779541 -6.434074878692627 2.9609451293945312
      vertex 9.18126106262207 -6.24275541305542 3.247474193572998
      vertex 9.138274192810059 -6.512485027313232 3.1502442359924316
    endloop
  endfacet
  facet normal 0.24267071767157078 0.48534143534314156 -0.8399729840440249
    outer loop
      vertex 9.34999942779541 -5.191324234008789 9.208674430847168
      vertex 9.15538501739502 -5.324499130249023 9.07550048828125
      vertex 9.155384063720703 -5.324498653411865 9.07550048828125
    endloop
  endfacet
  facet normal 0.6936871270417496 -0.45693924141475234 -0.556780656481414
    outer loop
      vertex 9.34999942779541 -5.191324234008789 9.208674430847168
      vertex 9.169441223144531 -5.6764044761657715 9.381814956665039
      vertex 9.15538501739502 -5.324499130249023 9.07550048828125
    endloop
  endfacet
  facet normal 0.6936865922991052 -0.4569392713891869 -0.5567812981115422
    outer loop
      vertex 9.34999942779541 -5.729034423828125 9.649962425231934
      vertex 9.169441223144531 -5.6764044761657715 9.381814956665039
      vertex 9.34999942779541 -5.191324234008789 9.208674430847168
    endloop
  endfacet
  facet normal 0.693686970710272 -0.45693855723296434 -0.5567814127471061
    outer loop
      vertex 9.34999942779541 -5.729034423828125 9.649962425231934
      vertex 9.17261791229248 -5.75593900680542 9.451045036315918
      vertex 9.169441223144531 -5.6764044761657715 9.381814956665039
    endloop
  endfacet
  facet normal 0.693688518544381 -0.4569337299821289 -0.5567834459144066
    outer loop
      vertex 9.17261791229248 -5.75593900680542 9.451045036315918
      vertex 9.34999942779541 -5.729034423828125 9.649962425231934
      vertex 9.16624927520752 -5.78291654586792 9.465250015258789
    endloop
  endfacet
  facet normal 0.693685555783045 -0.33953506523690824 0.6352293201455175
    outer loop
      vertex 9.142538070678711 -5.883347988128662 3.481867551803589
      vertex 9.34999942779541 -5.820605754852295 3.288851022720337
      vertex 9.34999942779541 -5.771806716918945 3.314934492111206
    endloop
  endfacet
  facet normal 0.6936857396488706 -0.33953316300757724 0.6352301361127866
    outer loop
      vertex 9.34999942779541 -5.820605754852295 3.288851022720337
      vertex 9.142538070678711 -5.883347988128662 3.481867551803589
      vertex 9.15310001373291 -5.9813737869262695 3.417938470840454
    endloop
  endfacet
  facet normal 0.6936813163834786 0.716815594885703 -0.07058069303385853
    outer loop
      vertex 9.34999942779541 -11.662464141845703 7.192255973815918
      vertex 9.172616958618164 -11.502782821655273 7.070624351501465
      vertex 9.166247367858887 -11.493751525878906 7.0997443199157715
    endloop
  endfacet
  facet normal 0.693686918398827 0.7168084446864103 -0.07059824975584336
    outer loop
      vertex 9.34999942779541 -11.730644226074219 6.5
      vertex 9.172616958618164 -11.502782821655273 7.070624351501465
      vertex 9.34999942779541 -11.662464141845703 7.192255973815918
    endloop
  endfacet
  facet normal 0.693685210148065 0.7168099849537758 -0.07059939583595981
    outer loop
      vertex 9.172616958618164 -11.502782821655273 7.070624351501465
      vertex 9.34999942779541 -11.730644226074219 6.5
      vertex 9.158659934997559 -11.534794807434082 6.608463287353516
    endloop
  endfacet
  facet normal 0.6936860688127657 0.7168094061176604 -0.0705968358804968
    outer loop
      vertex 9.158659934997559 -11.534794807434082 6.608463287353516
      vertex 9.34999942779541 -11.730644226074219 6.5
      vertex 9.155384063720703 -11.542306900024414 6.5
    endloop
  endfacet
  facet normal 0.693686647295074 0.3395363907527927 0.6352274196845461
    outer loop
      vertex 9.142539024353027 -9.916650772094727 3.4818673133850098
      vertex 9.34999942779541 -9.979393005371094 3.288851022720337
      vertex 9.15310001373291 -9.818624496459961 3.417938232421875
    endloop
  endfacet
  facet normal 0.6936865705155453 0.33953718507282005 0.6352270789561847
    outer loop
      vertex 9.34999942779541 -9.979393005371094 3.288851022720337
      vertex 9.142539024353027 -9.916650772094727 3.4818673133850098
      vertex 9.34999942779541 -10.028191566467285 3.314934492111206
    endloop
  endfacet
  facet normal 0.6936871079058738 -0.07059919099265215 -0.7168081685893148
    outer loop
      vertex 9.142538070678711 -7.191845893859863 10.060128211975098
      vertex 9.34999942779541 -7.2077436447143555 10.262463569641113
      vertex 9.16624927520752 -7.300254821777344 10.093751907348633
    endloop
  endfacet
  facet normal 0.6936870226696012 -0.07060015043968727 -0.7168081565786466
    outer loop
      vertex 9.34999942779541 -7.2077436447143555 10.262463569641113
      vertex 9.142538070678711 -7.191845893859863 10.060128211975098
      vertex 9.34999942779541 -7.1526780128479 10.257040023803711
    endloop
  endfacet
  facet normal 0.693687058381374 -0.070599214553179 -0.7168082141958685
    outer loop
      vertex 9.34999942779541 -7.899999618530273 10.330644607543945
      vertex 9.17261791229248 -7.32937479019165 10.102783203125
      vertex 9.34999942779541 -7.2077436447143555 10.262463569641113
    endloop
  endfacet
  facet normal 0.6936847519124926 -0.0706007619768127 -0.7168102938521442
    outer loop
      vertex 9.34999942779541 -7.899999618530273 10.330644607543945
      vertex 9.158659934997559 -7.791536331176758 10.134795188903809
      vertex 9.17261791229248 -7.32937479019165 10.102783203125
    endloop
  endfacet
  facet normal 0.6936860688127657 -0.0705968358804968 -0.7168094061176604
    outer loop
      vertex 9.158659934997559 -7.791536331176758 10.134795188903809
      vertex 9.34999942779541 -7.899999618530273 10.330644607543945
      vertex 9.155384063720703 -7.899999618530273 10.14230728149414
    endloop
  endfacet
  facet normal 0.6936872321995492 -0.0705997593128232 -0.716807992330094
    outer loop
      vertex 9.34999942779541 -7.2077436447143555 10.262463569641113
      vertex 9.17261791229248 -7.32937479019165 10.102783203125
      vertex 9.16624927520752 -7.300254821777344 10.093751907348633
    endloop
  endfacet
  facet normal 0.693686154420965 -0.6352263665384072 -0.33953936799591594
    outer loop
      vertex 9.34999942779541 -4.387028217315674 8.01472282409668
      vertex 9.165184020996094 -4.611111640930176 8.056366920471191
      vertex 9.15571403503418 -4.58969259262085 7.996947765350342
    endloop
  endfacet
  facet normal 0.6936887495815286 -0.6352272235994818 -0.3395324625158973
    outer loop
      vertex 9.34999942779541 -4.387028217315674 8.01472282409668
      vertex 9.181260108947754 -4.647475242614746 8.157243728637695
      vertex 9.165184020996094 -4.611111640930176 8.056366920471191
    endloop
  endfacet
  facet normal 0.693685979589451 -0.6352278670494503 -0.33953691794093566
    outer loop
      vertex 9.34999942779541 -4.714934825897217 8.628191947937012
      vertex 9.181260108947754 -4.647475242614746 8.157243728637695
      vertex 9.34999942779541 -4.387028217315674 8.01472282409668
    endloop
  endfacet
  facet normal 0.6936868638927085 -0.6352268127318242 -0.3395370837615045
    outer loop
      vertex 9.181260108947754 -4.647475242614746 8.157243728637695
      vertex 9.34999942779541 -4.714934825897217 8.628191947937012
      vertex 9.142538070678711 -4.881868362426758 8.516650199890137
    endloop
  endfacet
  facet normal 0.6936874316390839 -0.4569350669325178 -0.5567837028805234
    outer loop
      vertex 9.14908218383789 -5.855631351470947 9.50353717803955
      vertex 9.34999942779541 -5.729034423828125 9.649962425231934
      vertex 9.34999942779541 -5.771806716918945 9.685064315795898
    endloop
  endfacet
  facet normal 0.6936874828017602 -0.4569381173583723 -0.5567811357339112
    outer loop
      vertex 9.34999942779541 -5.729034423828125 9.649962425231934
      vertex 9.14908218383789 -5.855631351470947 9.50353717803955
      vertex 9.16624927520752 -5.78291654586792 9.465250015258789
    endloop
  endfacet
  facet normal 0.693684974858858 -0.45695117121844453 -0.5567735471241043
    outer loop
      vertex 9.14908218383789 -5.855631351470947 9.50353717803955
      vertex 9.34999942779541 -5.771806716918945 9.685064315795898
      vertex 9.142538070678711 -5.883347988128662 9.518131256103516
    endloop
  endfacet
  facet normal 0.693686363556306 -0.339535460025972 -0.6352282270184315
    outer loop
      vertex 9.34999942779541 -5.820605754852295 9.711148262023926
      vertex 9.18126106262207 -6.24275541305542 9.752524375915527
      vertex 9.15310001373291 -5.9813737869262695 9.582060813903809
    endloop
  endfacet
  facet normal 0.6936870677381386 -0.33953565586561996 -0.6352273533537157
    outer loop
      vertex 9.34999942779541 -6.434074878692627 10.039053916931152
      vertex 9.18126106262207 -6.24275541305542 9.752524375915527
      vertex 9.34999942779541 -5.820605754852295 9.711148262023926
    endloop
  endfacet
  facet normal 0.6936861660213245 -0.33953691663306174 -0.6352276641598261
    outer loop
      vertex 9.18126106262207 -6.24275541305542 9.752524375915527
      vertex 9.34999942779541 -6.434074878692627 10.039053916931152
      vertex 9.138274192810059 -6.512485027313232 9.84975528717041
    endloop
  endfacet
  facet normal 0.6936858251699863 -0.33953977071660346 -0.635226510828973
    outer loop
      vertex 9.34999942779541 -5.820605754852295 9.711148262023926
      vertex 9.142538070678711 -5.883347988128662 9.518131256103516
      vertex 9.34999942779541 -5.771806716918945 9.685064315795898
    endloop
  endfacet
  facet normal 0.6936862737931329 -0.3395351295467369 -0.6352285016863454
    outer loop
      vertex 9.142538070678711 -5.883347988128662 9.518131256103516
      vertex 9.34999942779541 -5.820605754852295 9.711148262023926
      vertex 9.15310001373291 -5.9813737869262695 9.582060813903809
    endloop
  endfacet
  facet normal 0.6936870049188701 -0.7168078273597273 0.07060366734465545
    outer loop
      vertex 9.14908218383789 -4.330591201782227 5.82176399230957
      vertex 9.34999942779541 -4.137535572052002 5.807743549346924
      vertex 9.16624927520752 -4.306246757507324 5.900254249572754
    endloop
  endfacet
  facet normal 0.6936871985602926 -0.7168091209919231 0.07058862951183983
    outer loop
      vertex 9.142538070678711 -4.339870452880859 5.791845798492432
      vertex 9.34999942779541 -4.137535572052002 5.807743549346924
      vertex 9.14908218383789 -4.330591201782227 5.82176399230957
    endloop
  endfacet
  facet normal 0.6936862221726411 -0.7168089834462665 0.07059962052716298
    outer loop
      vertex 9.34999942779541 -4.137535572052002 5.807743549346924
      vertex 9.142538070678711 -4.339870452880859 5.791845798492432
      vertex 9.34999942779541 -4.142959117889404 5.7526774406433105
    endloop
  endfacet
  facet normal 0.6936857474342599 -0.6352267682492359 0.3395394479382384
    outer loop
      vertex 9.165184020996094 -4.611111640930176 4.943632125854492
      vertex 9.34999942779541 -4.387028217315674 4.985276699066162
      vertex 9.15571403503418 -4.58969259262085 5.003051280975342
    endloop
  endfacet
  facet normal 0.6936883426020478 -0.6352276253023061 0.33953254246215764
    outer loop
      vertex 9.181260108947754 -4.647475242614746 4.842755317687988
      vertex 9.34999942779541 -4.387028217315674 4.985276699066162
      vertex 9.165184020996094 -4.611111640930176 4.943632125854492
    endloop
  endfacet
  facet normal 0.6936856596111944 -0.6352282485453917 0.33953685793995325
    outer loop
      vertex 9.181260108947754 -4.647475242614746 4.842755317687988
      vertex 9.34999942779541 -4.714934825897217 4.371807098388672
      vertex 9.34999942779541 -4.387028217315674 4.985276699066162
    endloop
  endfacet
  facet normal 0.6936864439887438 -0.6352273133660321 0.3395370050230521
    outer loop
      vertex 9.34999942779541 -4.714934825897217 4.371807098388672
      vertex 9.181260108947754 -4.647475242614746 4.842755317687988
      vertex 9.142538070678711 -4.881868362426758 4.483348369598389
    endloop
  endfacet
  facet normal 0.6936861128834625 0.6352273887955573 -0.3395375403642579
    outer loop
      vertex 9.34999942779541 -11.085063934326172 8.628191947937012
      vertex 9.181260108947754 -11.1525239944458 8.157243728637695
      vertex 9.142538070678711 -10.918130874633789 8.516650199890137
    endloop
  endfacet
  facet normal 0.6936850483016361 0.63522865804866 -0.3395373407395056
    outer loop
      vertex 9.34999942779541 -11.412970542907715 8.01472282409668
      vertex 9.181260108947754 -11.1525239944458 8.157243728637695
      vertex 9.34999942779541 -11.085063934326172 8.628191947937012
    endloop
  endfacet
  facet normal 0.6936879881675752 0.6352279751410315 -0.33953261208644925
    outer loop
      vertex 9.181260108947754 -11.1525239944458 8.157243728637695
      vertex 9.34999942779541 -11.412970542907715 8.01472282409668
      vertex 9.165184020996094 -11.188887596130371 8.056366920471191
    endloop
  endfacet
  facet normal 0.6936836586897601 0.6352265452991237 -0.3395441323511991
    outer loop
      vertex 9.165184020996094 -11.188887596130371 8.056366920471191
      vertex 9.34999942779541 -11.412970542907715 8.01472282409668
      vertex 9.15571403503418 -11.210307121276855 7.996947765350342
    endloop
  endfacet
  facet normal 0.6936850923938642 0.45694057846382813 -0.5567820941298834
    outer loop
      vertex 9.34999942779541 -10.070963859558105 9.649962425231934
      vertex 9.172618865966797 -10.044060707092285 9.451045989990234
      vertex 9.16624927520752 -10.017082214355469 9.465250968933105
    endloop
  endfacet
  facet normal 0.6936852674132513 0.4569400326411405 -0.5567823240223413
    outer loop
      vertex 9.34999942779541 -10.070963859558105 9.649962425231934
      vertex 9.158659934997559 -10.393492698669434 9.146883010864258
      vertex 9.172618865966797 -10.044060707092285 9.451045989990234
    endloop
  endfacet
  facet normal 0.6936861368698076 0.45693906538236445 -0.5567820345899585
    outer loop
      vertex 9.34999942779541 -10.608675003051758 9.208674430847168
      vertex 9.158659934997559 -10.393492698669434 9.146883010864258
      vertex 9.34999942779541 -10.070963859558105 9.649962425231934
    endloop
  endfacet
  facet normal 0.5647330617435133 0.825273632787209 0
    outer loop
      vertex 9.155384063720703 -10.475500106811523 9.07550048828125
      vertex 9.34999942779541 -10.608675003051758 9.208674430847168
      vertex 9.155384063720703 -10.475500106811523 9.075499534606934
    endloop
  endfacet
  facet normal 0.6936851766990704 0.45693749892914226 -0.5567845163978247
    outer loop
      vertex 9.158659934997559 -10.393492698669434 9.146883010864258
      vertex 9.34999942779541 -10.608675003051758 9.208674430847168
      vertex 9.155384063720703 -10.475500106811523 9.07550048828125
    endloop
  endfacet
  facet normal 0.6936869684233369 0.07060076104936694 -0.7168081489344904
    outer loop
      vertex 9.142538070678711 -8.608153343200684 10.060128211975098
      vertex 9.34999942779541 -8.592255592346191 10.262463569641113
      vertex 9.34999942779541 -8.647320747375488 10.257040023803711
    endloop
  endfacet
  facet normal 0.6936871079058738 0.07059919099265215 -0.7168081685893148
    outer loop
      vertex 9.34999942779541 -8.592255592346191 10.262463569641113
      vertex 9.142538070678711 -8.608153343200684 10.060128211975098
      vertex 9.16624927520752 -8.499744415283203 10.093751907348633
    endloop
  endfacet
  facet normal 0.49581671182310655 0.1335341116124647 0.8580993120337483
    outer loop
      vertex 9.15538501739502 -5.324499130249023 3.9244985580444336
      vertex 9.34999942779541 -5.191324234008789 3.7913246154785156
      vertex 9.155384063720703 -5.324498653411865 3.924499034881592
    endloop
  endfacet
  facet normal 0.6936871270417496 -0.45693924141475234 0.556780656481414
    outer loop
      vertex 9.169441223144531 -5.6764044761657715 3.6181840896606445
      vertex 9.34999942779541 -5.191324234008789 3.7913246154785156
      vertex 9.15538501739502 -5.324499130249023 3.9244985580444336
    endloop
  endfacet
  facet normal 0.6936863264615327 -0.45693928629030256 0.5567816170859207
    outer loop
      vertex 9.169441223144531 -5.6764044761657715 3.6181840896606445
      vertex 9.34999942779541 -5.729034423828125 3.350036859512329
      vertex 9.34999942779541 -5.191324234008789 3.7913246154785156
    endloop
  endfacet
  facet normal 0.6936849940857044 -0.45694180080622 0.5567812134548771
    outer loop
      vertex 9.17261791229248 -5.75593900680542 3.5489535331726074
      vertex 9.34999942779541 -5.729034423828125 3.350036859512329
      vertex 9.169441223144531 -5.6764044761657715 3.6181840896606445
    endloop
  endfacet
  facet normal 0.6936899168350125 -0.4569264480168312 0.5567876798063653
    outer loop
      vertex 9.34999942779541 -5.729034423828125 3.350036859512329
      vertex 9.17261791229248 -5.75593900680542 3.5489535331726074
      vertex 9.16624927520752 -5.78291654586792 3.5347490310668945
    endloop
  endfacet
  facet normal 0.6936850824167272 0.20908391868437584 0.6892640432955167
    outer loop
      vertex 9.142538070678711 -8.608153343200684 2.9398703575134277
      vertex 9.34999942779541 -8.700270652770996 2.759021520614624
      vertex 9.34999942779541 -8.647320747375488 2.742959499359131
    endloop
  endfacet
  facet normal 0.6936856778694299 0.20909014331592649 0.6892615557877537
    outer loop
      vertex 9.34999942779541 -8.700270652770996 2.759021520614624
      vertex 9.142538070678711 -8.608153343200684 2.9398703575134277
      vertex 9.15310001373291 -8.722672462463379 2.9639804363250732
    endloop
  endfacet
  facet normal 0.6936852653582202 -0.20908571188507435 0.6892633152216993
    outer loop
      vertex 9.165184020996094 -6.674922943115234 3.073885917663574
      vertex 9.34999942779541 -6.487024784088135 2.944883108139038
      vertex 9.15571403503418 -6.61776065826416 3.1007566452026367
    endloop
  endfacet
  facet normal 0.6936846085752508 -0.20908432276214511 0.6892643976014546
    outer loop
      vertex 9.18126106262207 -6.771965980529785 3.028268337249756
      vertex 9.34999942779541 -6.487024784088135 2.944883108139038
      vertex 9.165184020996094 -6.674922943115234 3.073885917663574
    endloop
  endfacet
  facet normal 0.6936857047545025 -0.20908538943856855 0.689262970819245
    outer loop
      vertex 9.171795845031738 -6.874601364135742 3.006660223007202
      vertex 9.34999942779541 -6.487024784088135 2.944883108139038
      vertex 9.18126106262207 -6.771965980529785 3.028268337249756
    endloop
  endfacet
  facet normal 0.6936858552810754 -0.2090854875392774 0.6892627895682644
    outer loop
      vertex 9.171795845031738 -6.874601364135742 3.006660223007202
      vertex 9.34999942779541 -7.1526780128479 2.742959499359131
      vertex 9.34999942779541 -6.487024784088135 2.944883108139038
    endloop
  endfacet
  facet normal 0.693685640289172 -0.20908575388329445 0.6892629251451552
    outer loop
      vertex 9.34999942779541 -7.1526780128479 2.742959499359131
      vertex 9.171795845031738 -6.874601364135742 3.006660223007202
      vertex 9.142538070678711 -7.191845893859863 2.939870595932007
    endloop
  endfacet
  facet normal 0.6936865448964049 -0.6352284800288682 -0.33953461618795494
    outer loop
      vertex 9.34999942779541 -4.387028217315674 8.01472282409668
      vertex 9.138273239135742 -4.550244331359863 7.887513160705566
      vertex 9.34999942779541 -4.360944747924805 7.96592378616333
    endloop
  endfacet
  facet normal 0.6936867511987208 -0.6352271788714551 -0.33953662900249243
    outer loop
      vertex 9.138273239135742 -4.550244331359863 7.887513160705566
      vertex 9.34999942779541 -4.387028217315674 8.01472282409668
      vertex 9.15571403503418 -4.58969259262085 7.996947765350342
    endloop
  endfacet
  facet normal 0.6936852901254522 0.3395372619797398 0.6352284360691582
    outer loop
      vertex 9.18126106262207 -9.557243347167969 3.247474193572998
      vertex 9.34999942779541 -9.365923881530762 2.9609451293945312
      vertex 9.138273239135742 -9.287513732910156 3.1502442359924316
    endloop
  endfacet
  facet normal 0.6936866975020465 0.339536575598288 0.6352272660549864
    outer loop
      vertex 9.34999942779541 -9.979393005371094 3.288851022720337
      vertex 9.18126106262207 -9.557243347167969 3.247474193572998
      vertex 9.15310001373291 -9.818624496459961 3.417938232421875
    endloop
  endfacet
  facet normal 0.693685933083098 0.33953636300764406 0.6352282144538078
    outer loop
      vertex 9.18126106262207 -9.557243347167969 3.247474193572998
      vertex 9.34999942779541 -9.979393005371094 3.288851022720337
      vertex 9.34999942779541 -9.365923881530762 2.9609451293945312
    endloop
  endfacet
  facet normal 0.6936867404862843 -0.5567864345135554 0.4569327876342392
    outer loop
      vertex 9.149081230163574 -4.8964619636535645 4.455632209777832
      vertex 9.34999942779541 -4.714934825897217 4.371807098388672
      vertex 9.142538070678711 -4.881868362426758 4.483348369598389
    endloop
  endfacet
  facet normal 0.6936855348680131 -0.5567814505293045 0.456940690966959
    outer loop
      vertex 9.17261791229248 -4.948954105377197 4.3559393882751465
      vertex 9.34999942779541 -4.714934825897217 4.371807098388672
      vertex 9.149081230163574 -4.8964619636535645 4.455632209777832
    endloop
  endfacet
  facet normal 0.6936850627456419 -0.5567811648701899 0.4569417557735005
    outer loop
      vertex 9.169441223144531 -5.018184661865234 4.276404857635498
      vertex 9.34999942779541 -4.714934825897217 4.371807098388672
      vertex 9.17261791229248 -4.948954105377197 4.3559393882751465
    endloop
  endfacet
  facet normal 0.693687059829035 -0.5567813349540468 0.45693851673123204
    outer loop
      vertex 9.169441223144531 -5.018184661865234 4.276404857635498
      vertex 9.34999942779541 -5.156221866607666 3.834097146987915
      vertex 9.34999942779541 -4.714934825897217 4.371807098388672
    endloop
  endfacet
  facet normal 0.693686054086635 -0.5567826007398674 0.45693850120017654
    outer loop
      vertex 9.34999942779541 -5.156221866607666 3.834097146987915
      vertex 9.169441223144531 -5.018184661865234 4.276404857635498
      vertex 9.15886402130127 -5.248676300048828 4.011606693267822
    endloop
  endfacet
  facet normal 0.6936859237378911 -0.2090808414332417 -0.6892641300354142
    outer loop
      vertex 9.34999942779541 -6.487024784088135 10.055115699768066
      vertex 9.138274192810059 -6.512485027313232 9.84975528717041
      vertex 9.34999942779541 -6.434074878692627 10.039053916931152
    endloop
  endfacet
  facet normal 0.6936853063968769 -0.20908785376706857 -0.6892626241833748
    outer loop
      vertex 9.138274192810059 -6.512485027313232 9.84975528717041
      vertex 9.34999942779541 -6.487024784088135 10.055115699768066
      vertex 9.15571403503418 -6.61776065826416 9.899242401123047
    endloop
  endfacet
  facet normal 0.6936868148952573 -0.4569395879409865 0.5567807609937634
    outer loop
      vertex 9.14908218383789 -5.855631351470947 3.4964616298675537
      vertex 9.34999942779541 -5.729034423828125 3.350036859512329
      vertex 9.16624927520752 -5.78291654586792 3.5347490310668945
    endloop
  endfacet
  facet normal 0.6936868076720493 -0.45693915723439044 0.5567811234656636
    outer loop
      vertex 9.34999942779541 -5.729034423828125 3.350036859512329
      vertex 9.14908218383789 -5.855631351470947 3.4964616298675537
      vertex 9.34999942779541 -5.771806716918945 3.314934492111206
    endloop
  endfacet
  facet normal 0.693684974858858 -0.45695117121844453 0.5567735471241043
    outer loop
      vertex 9.34999942779541 -5.771806716918945 3.314934492111206
      vertex 9.14908218383789 -5.855631351470947 3.4964616298675537
      vertex 9.142538070678711 -5.883347988128662 3.481867551803589
    endloop
  endfacet
  facet normal 0.693687161994858 0.7168080230427926 -0.07060013728742151
    outer loop
      vertex 9.34999942779541 -11.662464141845703 7.192255973815918
      vertex 9.142537117004395 -11.460127830505371 7.208153247833252
      vertex 9.34999942779541 -11.6570405960083 7.247321605682373
    endloop
  endfacet
  facet normal 0.6936861334630501 0.7168078780494656 -0.070611714377333
    outer loop
      vertex 9.34999942779541 -11.662464141845703 7.192255973815918
      vertex 9.149080276489258 -11.469407081604004 7.1782355308532715
      vertex 9.142537117004395 -11.460127830505371 7.208153247833252
    endloop
  endfacet
  facet normal 0.6936862429321217 0.7168086089693925 -0.07060321858160673
    outer loop
      vertex 9.149080276489258 -11.469407081604004 7.1782355308532715
      vertex 9.34999942779541 -11.662464141845703 7.192255973815918
      vertex 9.166247367858887 -11.493751525878906 7.0997443199157715
    endloop
  endfacet
  facet normal 0.6936861919187296 -0.689262618157008 0.20908493573817818
    outer loop
      vertex 9.181260108947754 -4.428268909454346 5.371965408325195
      vertex 9.34999942779541 -4.159021377563477 5.699727535247803
      vertex 9.153099060058594 -4.363980770111084 5.677326202392578
    endloop
  endfacet
  facet normal 0.6936855550343428 -0.6892630516452547 0.20908561971921122
    outer loop
      vertex 9.34999942779541 -4.159021377563477 5.699727535247803
      vertex 9.181260108947754 -4.428268909454346 5.371965408325195
      vertex 9.34999942779541 -4.360944747924805 5.0340752601623535
    endloop
  endfacet
  facet normal 0.6936864450204283 -0.689261954831283 0.2090862827090263
    outer loop
      vertex 9.34999942779541 -4.360944747924805 5.0340752601623535
      vertex 9.181260108947754 -4.428268909454346 5.371965408325195
      vertex 9.138273239135742 -4.550244331359863 5.112485885620117
    endloop
  endfacet
  facet normal 0.6936862568012143 -0.6892620988493259 0.2090864324028272
    outer loop
      vertex 9.142538070678711 -4.339870452880859 5.791845798492432
      vertex 9.34999942779541 -4.159021377563477 5.699727535247803
      vertex 9.34999942779541 -4.142959117889404 5.7526774406433105
    endloop
  endfacet
  facet normal 0.6936861381468296 -0.6892625945158961 0.20908519207288007
    outer loop
      vertex 9.34999942779541 -4.159021377563477 5.699727535247803
      vertex 9.142538070678711 -4.339870452880859 5.791845798492432
      vertex 9.153099060058594 -4.363980770111084 5.677326202392578
    endloop
  endfacet
  facet normal 0.6936869913582849 0.20908388190604466 -0.6892621332609168
    outer loop
      vertex 9.34999942779541 -8.700270652770996 10.24097728729248
      vertex 9.171795845031738 -8.925397872924805 9.993338584899902
      vertex 9.15310001373291 -8.722672462463379 10.036018371582031
    endloop
  endfacet
  facet normal 0.6936848040378824 0.20908699576821707 -0.6892633900386314
    outer loop
      vertex 9.34999942779541 -8.700270652770996 10.24097728729248
      vertex 9.18126106262207 -9.028033256530762 9.97173023223877
      vertex 9.171795845031738 -8.925397872924805 9.993338584899902
    endloop
  endfacet
  facet normal 0.6936866172950586 0.2090850484329095 -0.6892621558649125
    outer loop
      vertex 9.34999942779541 -9.365923881530762 10.039053916931152
      vertex 9.18126106262207 -9.028033256530762 9.97173023223877
      vertex 9.34999942779541 -8.700270652770996 10.24097728729248
    endloop
  endfacet
  facet normal 0.6936829264473525 0.20908229898603706 -0.6892667044084971
    outer loop
      vertex 9.18126106262207 -9.028033256530762 9.97173023223877
      vertex 9.34999942779541 -9.365923881530762 10.039053916931152
      vertex 9.165184020996094 -9.125076293945312 9.92611312866211
    endloop
  endfacet
  facet normal 0.6936862390189132 0.2090870850331971 -0.6892619187711706
    outer loop
      vertex 9.165184020996094 -9.125076293945312 9.92611312866211
      vertex 9.34999942779541 -9.365923881530762 10.039053916931152
      vertex 9.138273239135742 -9.287513732910156 9.849754333496094
    endloop
  endfacet
  facet normal 0.6936868752424579 -0.2090834174725208 0.6892623910053169
    outer loop
      vertex 9.138274192810059 -6.512485027313232 3.1502442359924316
      vertex 9.34999942779541 -6.487024784088135 2.944883108139038
      vertex 9.34999942779541 -6.434074878692627 2.9609451293945312
    endloop
  endfacet
  facet normal 0.6936862926668612 -0.20909003473853877 0.6892609699809953
    outer loop
      vertex 9.34999942779541 -6.487024784088135 2.944883108139038
      vertex 9.138274192810059 -6.512485027313232 3.1502442359924316
      vertex 9.15571403503418 -6.61776065826416 3.1007566452026367
    endloop
  endfacet
  facet normal 0.6936857566167948 0.6352294010065515 -0.3395345036426241
    outer loop
      vertex 9.34999942779541 -11.412970542907715 8.01472282409668
      vertex 9.138273239135742 -11.249754905700684 7.887513160705566
      vertex 9.15571403503418 -11.210307121276855 7.996947765350342
    endloop
  endfacet
  facet normal 0.6936862755068144 0.6352261283309243 -0.339539566264652
    outer loop
      vertex 9.138273239135742 -11.249754905700684 7.887513160705566
      vertex 9.34999942779541 -11.412970542907715 8.01472282409668
      vertex 9.34999942779541 -11.439054489135742 7.96592378616333
    endloop
  endfacet
  facet normal 0.6936863888200824 0.6892623381398064 -0.20908520556892735
    outer loop
      vertex 9.34999942779541 -11.439054489135742 7.96592378616333
      vertex 9.181260108947754 -11.371729850769043 7.628033638000488
      vertex 9.138273239135742 -11.249754905700684 7.887513160705566
    endloop
  endfacet
  facet normal 0.6936865655386727 0.6892621203526013 -0.20908533721472888
    outer loop
      vertex 9.34999942779541 -11.64097785949707 7.300271511077881
      vertex 9.181260108947754 -11.371729850769043 7.628033638000488
      vertex 9.34999942779541 -11.439054489135742 7.96592378616333
    endloop
  endfacet
  facet normal 0.693684589608931 0.689263465243268 -0.20908745926030875
    outer loop
      vertex 9.181260108947754 -11.371729850769043 7.628033638000488
      vertex 9.34999942779541 -11.64097785949707 7.300271511077881
      vertex 9.153098106384277 -11.436017990112305 7.322673320770264
    endloop
  endfacet
  facet normal 0.6936855544623736 -0.5567844590218183 0.4569369953527625
    outer loop
      vertex 9.155384063720703 -5.324498653411865 3.924499034881592
      vertex 9.34999942779541 -5.156221866607666 3.834097146987915
      vertex 9.15886402130127 -5.248676300048828 4.011606693267822
    endloop
  endfacet
  facet normal 0.6936853757372355 -0.556783438547481 0.4569385101384364
    outer loop
      vertex 9.34999942779541 -5.156221866607666 3.834097146987915
      vertex 9.155384063720703 -5.324498653411865 3.924499034881592
      vertex 9.34999942779541 -5.191324234008789 3.7913246154785156
    endloop
  endfacet
  facet normal 0.693686400906494 -0.6352272230157603 0.3395372620745481
    outer loop
      vertex 9.138273239135742 -4.550244331359863 5.112485885620117
      vertex 9.34999942779541 -4.387028217315674 4.985276699066162
      vertex 9.34999942779541 -4.360944747924805 5.0340752601623535
    endloop
  endfacet
  facet normal 0.6936863442151048 -0.6352275805787371 0.33953670894553845
    outer loop
      vertex 9.34999942779541 -4.387028217315674 4.985276699066162
      vertex 9.138273239135742 -4.550244331359863 5.112485885620117
      vertex 9.15571403503418 -4.58969259262085 5.003051280975342
    endloop
  endfacet
  facet normal 0.6936856929779475 0.6352278894305319 0.33953746162586673
    outer loop
      vertex 9.181260108947754 -11.1525239944458 4.842755317687988
      vertex 9.34999942779541 -11.085063934326172 4.371807098388672
      vertex 9.142538070678711 -10.918130874633789 4.483348369598389
    endloop
  endfacet
  facet normal 0.6936875811870009 0.6352283768441117 0.33953269203262765
    outer loop
      vertex 9.34999942779541 -11.412970542907715 4.985276699066162
      vertex 9.181260108947754 -11.1525239944458 4.842755317687988
      vertex 9.165184020996094 -11.188887596130371 4.943632125854492
    endloop
  endfacet
  facet normal 0.6936832516947474 0.6352269470147693 0.3395442122971577
    outer loop
      vertex 9.34999942779541 -11.412970542907715 4.985276699066162
      vertex 9.165184020996094 -11.188887596130371 4.943632125854492
      vertex 9.15571403503418 -11.210307121276855 5.003051280975342
    endloop
  endfacet
  facet normal 0.6936847283220234 0.6352290395451867 0.3395372807385074
    outer loop
      vertex 9.181260108947754 -11.1525239944458 4.842755317687988
      vertex 9.34999942779541 -11.412970542907715 4.985276699066162
      vertex 9.34999942779541 -11.085063934326172 4.371807098388672
    endloop
  endfacet
  facet normal 0.69368538363773 0.5567829505745879 0.4569390927430385
    outer loop
      vertex 9.17261791229248 -10.851044654846191 4.3559393882751465
      vertex 9.34999942779541 -10.643776893615723 3.834097146987915
      vertex 9.15886402130127 -10.551322937011719 4.011606693267822
    endloop
  endfacet
  facet normal 0.6936855348680131 0.5567814505293045 0.456940690966959
    outer loop
      vertex 9.34999942779541 -11.085063934326172 4.371807098388672
      vertex 9.17261791229248 -10.851044654846191 4.3559393882751465
      vertex 9.149081230163574 -10.903536796569824 4.455632209777832
    endloop
  endfacet
  facet normal 0.6936856723751796 0.5567820189688141 0.456939789572331
    outer loop
      vertex 9.34999942779541 -11.085063934326172 4.371807098388672
      vertex 9.149081230163574 -10.903536796569824 4.455632209777832
      vertex 9.142538070678711 -10.918130874633789 4.483348369598389
    endloop
  endfacet
  facet normal 0.6936862904798389 0.5567819077141885 0.4569389867832132
    outer loop
      vertex 9.17261791229248 -10.851044654846191 4.3559393882751465
      vertex 9.34999942779541 -11.085063934326172 4.371807098388672
      vertex 9.34999942779541 -10.643776893615723 3.834097146987915
    endloop
  endfacet
  facet normal 0.6936862598929475 0.5567823305229541 -0.4569385180231166
    outer loop
      vertex 9.34999942779541 -10.643776893615723 9.165902137756348
      vertex 9.17261791229248 -10.851044654846191 8.644059181213379
      vertex 9.15886402130127 -10.551322937011719 8.988391876220703
    endloop
  endfacet
  facet normal 0.6936870013655289 0.5567814778345043 -0.4569384313853738
    outer loop
      vertex 9.34999942779541 -11.085063934326172 8.628191947937012
      vertex 9.17261791229248 -10.851044654846191 8.644059181213379
      vertex 9.34999942779541 -10.643776893615723 9.165902137756348
    endloop
  endfacet
  facet normal 0.6936852911568636 0.5567804430607585 -0.4569422885416527
    outer loop
      vertex 9.17261791229248 -10.851044654846191 8.644059181213379
      vertex 9.34999942779541 -11.085063934326172 8.628191947937012
      vertex 9.149081230163574 -10.903536796569824 8.544366836547852
    endloop
  endfacet
  facet normal 0.6936865489380332 0.5567856426460023 -0.45693404334293153
    outer loop
      vertex 9.149081230163574 -10.903536796569824 8.544366836547852
      vertex 9.34999942779541 -11.085063934326172 8.628191947937012
      vertex 9.142538070678711 -10.918130874633789 8.516650199890137
    endloop
  endfacet
  facet normal 0.6936848917931425 -0.5567825497825766 -0.4569403277842182
    outer loop
      vertex 9.155384063720703 -5.324498653411865 9.07550048828125
      vertex 9.34999942779541 -5.156221866607666 9.165902137756348
      vertex 9.34999942779541 -5.191324234008789 9.208674430847168
    endloop
  endfacet
  facet normal 0.6936856355479578 -0.5567867964267863 -0.4569340240770239
    outer loop
      vertex 9.34999942779541 -5.156221866607666 9.165902137756348
      vertex 9.155384063720703 -5.324498653411865 9.07550048828125
      vertex 9.15886402130127 -5.248676300048828 8.988391876220703
    endloop
  endfacet
  facet normal 0.6936876170029984 -0.5567900581321203 -0.45692704142120033
    outer loop
      vertex 9.34999942779541 -4.714934825897217 8.628191947937012
      vertex 9.149081230163574 -4.8964619636535645 8.544366836547852
      vertex 9.142538070678711 -4.881868362426758 8.516650199890137
    endloop
  endfacet
  facet normal 0.6936852911568636 -0.5567804430607585 -0.4569422885416527
    outer loop
      vertex 9.34999942779541 -4.714934825897217 8.628191947937012
      vertex 9.17261791229248 -4.948954105377197 8.644059181213379
      vertex 9.149081230163574 -4.8964619636535645 8.544366836547852
    endloop
  endfacet
  facet normal 0.693687716001298 -0.5567819102291215 -0.45693681960476035
    outer loop
      vertex 9.34999942779541 -4.714934825897217 8.628191947937012
      vertex 9.169441223144531 -5.018184661865234 8.723594665527344
      vertex 9.17261791229248 -4.948954105377197 8.644059181213379
    endloop
  endfacet
  facet normal 0.6936865535365178 -0.5567818112315208 -0.4569387049970434
    outer loop
      vertex 9.34999942779541 -5.156221866607666 9.165902137756348
      vertex 9.169441223144531 -5.018184661865234 8.723594665527344
      vertex 9.34999942779541 -4.714934825897217 8.628191947937012
    endloop
  endfacet
  facet normal 0.69368719191358 -0.5567810077955964 -0.45693871485481735
    outer loop
      vertex 9.169441223144531 -5.018184661865234 8.723594665527344
      vertex 9.34999942779541 -5.156221866607666 9.165902137756348
      vertex 9.15886402130127 -5.248676300048828 8.988391876220703
    endloop
  endfacet
  facet normal 0.6936860218166927 0.33953711825759403 -0.6352277138644532
    outer loop
      vertex 9.34999942779541 -9.365923881530762 10.039053916931152
      vertex 9.18126106262207 -9.557243347167969 9.752524375915527
      vertex 9.138273239135742 -9.287513732910156 9.849754333496094
    endloop
  endfacet
  facet normal 0.6936870677381386 0.33953565586561996 -0.6352273533537157
    outer loop
      vertex 9.34999942779541 -9.979393005371094 9.711148262023926
      vertex 9.18126106262207 -9.557243347167969 9.752524375915527
      vertex 9.34999942779541 -9.365923881530762 10.039053916931152
    endloop
  endfacet
  facet normal 0.6936868819043943 0.3395356041835112 -0.6352275839142195
    outer loop
      vertex 9.18126106262207 -9.557243347167969 9.752524375915527
      vertex 9.34999942779541 -9.979393005371094 9.711148262023926
      vertex 9.15310001373291 -9.818624496459961 9.582060813903809
    endloop
  endfacet
  facet normal 0.6936862877239202 0.20909210779618967 -0.6892603460820544
    outer loop
      vertex 9.34999942779541 -8.700270652770996 10.24097728729248
      vertex 9.142538070678711 -8.608153343200684 10.060128211975098
      vertex 9.34999942779541 -8.647320747375488 10.257040023803711
    endloop
  endfacet
  facet normal 0.6936859676619705 0.20908876188548128 -0.6892616831959195
    outer loop
      vertex 9.142538070678711 -8.608153343200684 10.060128211975098
      vertex 9.34999942779541 -8.700270652770996 10.24097728729248
      vertex 9.15310001373291 -8.722672462463379 10.036018371582031
    endloop
  endfacet
  facet normal 0.693687102366743 0.4569338810614806 -0.5567850863197795
    outer loop
      vertex 9.34999942779541 -10.028191566467285 9.685064315795898
      vertex 9.14908218383789 -9.944367408752441 9.50353717803955
      vertex 9.142539024353027 -9.916650772094727 9.518131256103516
    endloop
  endfacet
  facet normal 0.6936868690310374 0.4569354106691621 -0.5567841217298861
    outer loop
      vertex 9.14908218383789 -9.944367408752441 9.50353717803955
      vertex 9.34999942779541 -10.028191566467285 9.685064315795898
      vertex 9.34999942779541 -10.070963859558105 9.649962425231934
    endloop
  endfacet
  facet normal 0.6936868321019392 0.45693320912140356 -0.556785974473488
    outer loop
      vertex 9.14908218383789 -9.944367408752441 9.50353717803955
      vertex 9.34999942779541 -10.070963859558105 9.649962425231934
      vertex 9.16624927520752 -10.017082214355469 9.465250968933105
    endloop
  endfacet
  facet normal 0.6936865250769986 0.5567843777958089 -0.4569356208145003
    outer loop
      vertex 9.34999942779541 -10.643776893615723 9.165902137756348
      vertex 9.155384063720703 -10.475500106811523 9.075499534606934
      vertex 9.34999942779541 -10.608675003051758 9.208674430847168
    endloop
  endfacet
  facet normal 0.6936860016118764 0.5567813889014036 -0.45694005749195565
    outer loop
      vertex 9.155384063720703 -10.475500106811523 9.075499534606934
      vertex 9.34999942779541 -10.643776893615723 9.165902137756348
      vertex 9.158659934997559 -10.546882629394531 8.99349308013916
    endloop
  endfacet
  facet normal 0.6936792924186899 0.5568082431766914 -0.4569175194715041
    outer loop
      vertex 9.158659934997559 -10.546882629394531 8.99349308013916
      vertex 9.34999942779541 -10.643776893615723 9.165902137756348
      vertex 9.15886402130127 -10.551322937011719 8.988391876220703
    endloop
  endfacet
  facet normal 0.5647330617435133 0.825273632787209 0
    outer loop
      vertex 9.155384063720703 -10.475500106811523 3.924499034881592
      vertex 9.34999942779541 -10.608675003051758 3.7913246154785156
      vertex 9.155384063720703 -10.475500106811523 3.9244987964630127
    endloop
  endfacet
  facet normal 0.6936850923938642 0.45694057846382813 0.5567820941298834
    outer loop
      vertex 9.172618865966797 -10.044060707092285 3.5489532947540283
      vertex 9.34999942779541 -10.070963859558105 3.350036859512329
      vertex 9.16624927520752 -10.017082214355469 3.5347483158111572
    endloop
  endfacet
  facet normal 0.6936854473702837 0.4569394714186665 0.556782560400664
    outer loop
      vertex 9.158659934997559 -10.393492698669434 3.8531157970428467
      vertex 9.34999942779541 -10.070963859558105 3.350036859512329
      vertex 9.172618865966797 -10.044060707092285 3.5489532947540283
    endloop
  endfacet
  facet normal 0.6936856494495277 0.45693907730279126 0.5567826320759842
    outer loop
      vertex 9.34999942779541 -10.608675003051758 3.7913246154785156
      vertex 9.158659934997559 -10.393492698669434 3.8531157970428467
      vertex 9.155384063720703 -10.475500106811523 3.9244987964630127
    endloop
  endfacet
  facet normal 0.6936857111516392 0.4569391779654929 0.5567824725907452
    outer loop
      vertex 9.158659934997559 -10.393492698669434 3.8531157970428467
      vertex 9.34999942779541 -10.608675003051758 3.7913246154785156
      vertex 9.34999942779541 -10.070963859558105 3.350036859512329
    endloop
  endfacet
  facet normal 0.693691994805736 0.5567583596028259 0.456959019338506
    outer loop
      vertex 9.34999942779541 -10.643776893615723 3.834097146987915
      vertex 9.158659934997559 -10.546882629394531 4.006506443023682
      vertex 9.15886402130127 -10.551322937011719 4.011606693267822
    endloop
  endfacet
  facet normal 0.6936855217489318 0.5567842722356654 0.4569372726172736
    outer loop
      vertex 9.158659934997559 -10.546882629394531 4.006506443023682
      vertex 9.34999942779541 -10.643776893615723 3.834097146987915
      vertex 9.155384063720703 -10.475500106811523 3.924499034881592
    endloop
  endfacet
  facet normal 0.6936858473531868 0.5567861313774369 0.45693451290927745
    outer loop
      vertex 9.155384063720703 -10.475500106811523 3.924499034881592
      vertex 9.34999942779541 -10.643776893615723 3.834097146987915
      vertex 9.34999942779541 -10.608675003051758 3.7913246154785156
    endloop
  endfacet
  facet normal 0.6936861854727263 0.456935948248784 0.5567845321866286
    outer loop
      vertex 9.34999942779541 -10.070963859558105 3.350036859512329
      vertex 9.14908218383789 -9.944367408752441 3.4964616298675537
      vertex 9.16624927520752 -10.017082214355469 3.5347483158111572
    endloop
  endfacet
  facet normal 0.6936862450580277 0.4569395009768795 0.5567815423164585
    outer loop
      vertex 9.34999942779541 -10.028191566467285 3.314934492111206
      vertex 9.14908218383789 -9.944367408752441 3.4964616298675537
      vertex 9.34999942779541 -10.070963859558105 3.350036859512329
    endloop
  endfacet
  facet normal 0.69368656831334 0.45693738196786543 0.5567828785999214
    outer loop
      vertex 9.14908218383789 -9.944367408752441 3.4964616298675537
      vertex 9.34999942779541 -10.028191566467285 3.314934492111206
      vertex 9.142539024353027 -9.916650772094727 3.4818673133850098
    endloop
  endfacet
  facet normal 0.6936859144833255 -0.7168092466438013 0.0705999714828436
    outer loop
      vertex 9.158659934997559 -4.265204429626465 6.391536712646484
      vertex 9.34999942779541 -4.06935453414917 6.5
      vertex 9.155384063720703 -4.257691860198975 6.5
    endloop
  endfacet
  facet normal 0.693686433394582 -0.7168088968410592 0.07059842444281544
    outer loop
      vertex 9.17261791229248 -4.297214984893799 5.929374694824219
      vertex 9.34999942779541 -4.06935453414917 6.5
      vertex 9.158659934997559 -4.265204429626465 6.391536712646484
    endloop
  endfacet
  facet normal 0.6936882803648888 -0.7168060185889903 0.0706094993538662
    outer loop
      vertex 9.34999942779541 -4.137535572052002 5.807743549346924
      vertex 9.17261791229248 -4.297214984893799 5.929374694824219
      vertex 9.16624927520752 -4.306246757507324 5.900254249572754
    endloop
  endfacet
  facet normal 0.693685044084939 -0.716810149530214 0.07059935653636375
    outer loop
      vertex 9.17261791229248 -4.297214984893799 5.929374694824219
      vertex 9.34999942779541 -4.137535572052002 5.807743549346924
      vertex 9.34999942779541 -4.06935453414917 6.5
    endloop
  endfacet
  facet normal 0.6936862521131895 -0.7168088951150815 -0.07060022317990783
    outer loop
      vertex 9.142538070678711 -4.339870452880859 7.208153247833252
      vertex 9.34999942779541 -4.137535572052002 7.192255973815918
      vertex 9.34999942779541 -4.142959117889404 7.247321605682373
    endloop
  endfacet
  facet normal 0.6936872859341576 -0.7168090407687205 -0.07058858551868612
    outer loop
      vertex 9.14908218383789 -4.330591201782227 7.178235054016113
      vertex 9.34999942779541 -4.137535572052002 7.192255973815918
      vertex 9.142538070678711 -4.339870452880859 7.208153247833252
    endloop
  endfacet
  facet normal 0.6936870869154628 -0.7168077110784448 -0.07060404227252165
    outer loop
      vertex 9.34999942779541 -4.137535572052002 7.192255973815918
      vertex 9.14908218383789 -4.330591201782227 7.178235054016113
      vertex 9.16624927520752 -4.306246757507324 7.099745273590088
    endloop
  endfacet
  facet normal 0.6936863888200824 0.6892623381398064 0.20908520556892735
    outer loop
      vertex 9.181260108947754 -11.371729850769043 5.371965408325195
      vertex 9.34999942779541 -11.439054489135742 5.0340752601623535
      vertex 9.138273239135742 -11.249754905700684 5.112485885620117
    endloop
  endfacet
  facet normal 0.693684589608931 0.689263465243268 0.20908745926030875
    outer loop
      vertex 9.34999942779541 -11.64097785949707 5.699727535247803
      vertex 9.181260108947754 -11.371729850769043 5.371965408325195
      vertex 9.153098106384277 -11.436017990112305 5.67732572555542
    endloop
  endfacet
  facet normal 0.6936865655386727 0.6892621203526013 0.20908533721472888
    outer loop
      vertex 9.181260108947754 -11.371729850769043 5.371965408325195
      vertex 9.34999942779541 -11.64097785949707 5.699727535247803
      vertex 9.34999942779541 -11.439054489135742 5.0340752601623535
    endloop
  endfacet
  facet normal 0.6936853496343149 0.6352298027120077 0.3395345835834427
    outer loop
      vertex 9.138273239135742 -11.249754905700684 5.112485885620117
      vertex 9.34999942779541 -11.412970542907715 4.985276699066162
      vertex 9.15571403503418 -11.210307121276855 5.003051280975342
    endloop
  endfacet
  facet normal 0.6936861315041742 0.6352248712939218 0.3395422121745599
    outer loop
      vertex 9.34999942779541 -11.412970542907715 4.985276699066162
      vertex 9.138273239135742 -11.249754905700684 5.112485885620117
      vertex 9.34999942779541 -11.439054489135742 5.0340752601623535
    endloop
  endfacet
  facet normal 0.69368579465696 0.6892639950418268 -0.20908171471968218
    outer loop
      vertex 9.34999942779541 -11.64097785949707 7.300271511077881
      vertex 9.142537117004395 -11.460127830505371 7.208153247833252
      vertex 9.153098106384277 -11.436017990112305 7.322673320770264
    endloop
  endfacet
  facet normal 0.6936867758206693 0.6892598962470962 -0.20909197133550378
    outer loop
      vertex 9.142537117004395 -11.460127830505371 7.208153247833252
      vertex 9.34999942779541 -11.64097785949707 7.300271511077881
      vertex 9.34999942779541 -11.6570405960083 7.247321605682373
    endloop
  endfacet
  facet normal 0.69368579465696 0.6892639950418268 0.20908171471968218
    outer loop
      vertex 9.142537117004395 -11.460127830505371 5.791845798492432
      vertex 9.34999942779541 -11.64097785949707 5.699727535247803
      vertex 9.153098106384277 -11.436017990112305 5.67732572555542
    endloop
  endfacet
  facet normal 0.6936867758206693 0.6892598962470962 0.20909197133550378
    outer loop
      vertex 9.34999942779541 -11.64097785949707 5.699727535247803
      vertex 9.142537117004395 -11.460127830505371 5.791845798492432
      vertex 9.34999942779541 -11.6570405960083 5.7526774406433105
    endloop
  endfacet
  facet normal -0.6936857864714808 -0.07060119571620238 0.7168092499479102
    outer loop
      vertex -9.142538070678711 -7.191845893859863 2.939870595932007
      vertex -9.34999942779541 -7.1526780128479 2.742959499359131
      vertex -9.17261791229248 -7.32937479019165 2.8972153663635254
    endloop
  endfacet
  facet normal -0.6936849301102748 -0.07059946362097004 0.7168102492810315
    outer loop
      vertex -9.34999942779541 -7.84493350982666 2.674778461456299
      vertex -9.17261791229248 -7.32937479019165 2.8972153663635254
      vertex -9.34999942779541 -7.1526780128479 2.742959499359131
    endloop
  endfacet
  facet normal -0.6936871635392301 -0.0705978320029996 0.7168082485974709
    outer loop
      vertex -9.17261791229248 -7.32937479019165 2.8972153663635254
      vertex -9.34999942779541 -7.84493350982666 2.674778461456299
      vertex -9.15886402130127 -7.784790515899658 2.8656721115112305
    endloop
  endfacet
  facet normal -0.24267071767157078 0.48534143534314156 -0.8399729840440249
    outer loop
      vertex -9.15538501739502 -5.324499130249023 9.07550048828125
      vertex -9.34999942779541 -5.191324234008789 9.208674430847168
      vertex -9.155384063720703 -5.324498653411865 9.07550048828125
    endloop
  endfacet
  facet normal -0.6936871270417496 -0.45693924141475234 -0.556780656481414
    outer loop
      vertex -9.169441223144531 -5.6764044761657715 9.381814956665039
      vertex -9.34999942779541 -5.191324234008789 9.208674430847168
      vertex -9.15538501739502 -5.324499130249023 9.07550048828125
    endloop
  endfacet
  facet normal -0.6936865922991052 -0.4569392713891869 -0.5567812981115422
    outer loop
      vertex -9.169441223144531 -5.6764044761657715 9.381814956665039
      vertex -9.34999942779541 -5.729034423828125 9.649962425231934
      vertex -9.34999942779541 -5.191324234008789 9.208674430847168
    endloop
  endfacet
  facet normal -0.693686970710272 -0.45693855723296434 -0.5567814127471061
    outer loop
      vertex -9.17261791229248 -5.75593900680542 9.451045036315918
      vertex -9.34999942779541 -5.729034423828125 9.649962425231934
      vertex -9.169441223144531 -5.6764044761657715 9.381814956665039
    endloop
  endfacet
  facet normal -0.693688518544381 -0.4569337299821289 -0.5567834459144066
    outer loop
      vertex -9.34999942779541 -5.729034423828125 9.649962425231934
      vertex -9.17261791229248 -5.75593900680542 9.451045036315918
      vertex -9.16624927520752 -5.78291654586792 9.465250015258789
    endloop
  endfacet
  facet normal -0.6936853757372355 -0.556783438547481 0.4569385101384364
    outer loop
      vertex -9.155384063720703 -5.324498653411865 3.924499034881592
      vertex -9.34999942779541 -5.156221866607666 3.834097146987915
      vertex -9.34999942779541 -5.191324234008789 3.7913246154785156
    endloop
  endfacet
  facet normal -0.6936855544623736 -0.5567844590218183 0.4569369953527625
    outer loop
      vertex -9.34999942779541 -5.156221866607666 3.834097146987915
      vertex -9.155384063720703 -5.324498653411865 3.924499034881592
      vertex -9.15886402130127 -5.248676300048828 4.011606693267822
    endloop
  endfacet
  facet normal -0.69368538363773 0.5567829505745879 0.4569390927430385
    outer loop
      vertex -9.34999942779541 -10.643776893615723 3.834097146987915
      vertex -9.17261791229248 -10.851044654846191 4.3559393882751465
      vertex -9.15886402130127 -10.551322937011719 4.011606693267822
    endloop
  endfacet
  facet normal -0.6936862904798389 0.5567819077141885 0.4569389867832132
    outer loop
      vertex -9.34999942779541 -11.085063934326172 4.371807098388672
      vertex -9.17261791229248 -10.851044654846191 4.3559393882751465
      vertex -9.34999942779541 -10.643776893615723 3.834097146987915
    endloop
  endfacet
  facet normal -0.6936855348680131 0.5567814505293045 0.456940690966959
    outer loop
      vertex -9.17261791229248 -10.851044654846191 4.3559393882751465
      vertex -9.34999942779541 -11.085063934326172 4.371807098388672
      vertex -9.149081230163574 -10.903536796569824 4.455632209777832
    endloop
  endfacet
  facet normal -0.6936856723751796 0.5567820189688141 0.456939789572331
    outer loop
      vertex -9.149081230163574 -10.903536796569824 4.455632209777832
      vertex -9.34999942779541 -11.085063934326172 4.371807098388672
      vertex -9.142538070678711 -10.918130874633789 4.483348369598389
    endloop
  endfacet
  facet normal -0.6936876170029984 -0.5567900581321203 -0.45692704142120033
    outer loop
      vertex -9.149081230163574 -4.8964619636535645 8.544366836547852
      vertex -9.34999942779541 -4.714934825897217 8.628191947937012
      vertex -9.142538070678711 -4.881868362426758 8.516650199890137
    endloop
  endfacet
  facet normal -0.6936852911568636 -0.5567804430607585 -0.4569422885416527
    outer loop
      vertex -9.17261791229248 -4.948954105377197 8.644059181213379
      vertex -9.34999942779541 -4.714934825897217 8.628191947937012
      vertex -9.149081230163574 -4.8964619636535645 8.544366836547852
    endloop
  endfacet
  facet normal -0.693687716001298 -0.5567819102291215 -0.45693681960476035
    outer loop
      vertex -9.169441223144531 -5.018184661865234 8.723594665527344
      vertex -9.34999942779541 -4.714934825897217 8.628191947937012
      vertex -9.17261791229248 -4.948954105377197 8.644059181213379
    endloop
  endfacet
  facet normal -0.6936865535365178 -0.5567818112315208 -0.4569387049970434
    outer loop
      vertex -9.169441223144531 -5.018184661865234 8.723594665527344
      vertex -9.34999942779541 -5.156221866607666 9.165902137756348
      vertex -9.34999942779541 -4.714934825897217 8.628191947937012
    endloop
  endfacet
  facet normal -0.69368719191358 -0.5567810077955964 -0.45693871485481735
    outer loop
      vertex -9.34999942779541 -5.156221866607666 9.165902137756348
      vertex -9.169441223144531 -5.018184661865234 8.723594665527344
      vertex -9.15886402130127 -5.248676300048828 8.988391876220703
    endloop
  endfacet
  facet normal -0.6936865448964049 -0.6352284800288682 -0.33953461618795494
    outer loop
      vertex -9.138273239135742 -4.550244331359863 7.887513160705566
      vertex -9.34999942779541 -4.387028217315674 8.01472282409668
      vertex -9.34999942779541 -4.360944747924805 7.96592378616333
    endloop
  endfacet
  facet normal -0.6936867511987208 -0.6352271788714551 -0.33953662900249243
    outer loop
      vertex -9.34999942779541 -4.387028217315674 8.01472282409668
      vertex -9.138273239135742 -4.550244331359863 7.887513160705566
      vertex -9.15571403503418 -4.58969259262085 7.996947765350342
    endloop
  endfacet
  facet normal -0.69368579465696 0.6892639950418268 -0.20908171471968218
    outer loop
      vertex -9.142537117004395 -11.460127830505371 7.208153247833252
      vertex -9.34999942779541 -11.64097785949707 7.300271511077881
      vertex -9.153098106384277 -11.436017990112305 7.322673320770264
    endloop
  endfacet
  facet normal -0.6936867758206693 0.6892598962470962 -0.20909197133550378
    outer loop
      vertex -9.34999942779541 -11.64097785949707 7.300271511077881
      vertex -9.142537117004395 -11.460127830505371 7.208153247833252
      vertex -9.34999942779541 -11.6570405960083 7.247321605682373
    endloop
  endfacet
  facet normal -0.6936869684233369 0.07060076104936694 -0.7168081489344904
    outer loop
      vertex -9.34999942779541 -8.592255592346191 10.262463569641113
      vertex -9.142538070678711 -8.608153343200684 10.060128211975098
      vertex -9.34999942779541 -8.647320747375488 10.257040023803711
    endloop
  endfacet
  facet normal -0.6936871079058738 0.07059919099265215 -0.7168081685893148
    outer loop
      vertex -9.142538070678711 -8.608153343200684 10.060128211975098
      vertex -9.34999942779541 -8.592255592346191 10.262463569641113
      vertex -9.16624927520752 -8.499744415283203 10.093751907348633
    endloop
  endfacet
  facet normal -0.6936852901254522 0.3395372619797398 0.6352284360691582
    outer loop
      vertex -9.34999942779541 -9.365923881530762 2.9609451293945312
      vertex -9.18126106262207 -9.557243347167969 3.247474193572998
      vertex -9.138273239135742 -9.287513732910156 3.1502442359924316
    endloop
  endfacet
  facet normal -0.693685933083098 0.33953636300764406 0.6352282144538078
    outer loop
      vertex -9.34999942779541 -9.979393005371094 3.288851022720337
      vertex -9.18126106262207 -9.557243347167969 3.247474193572998
      vertex -9.34999942779541 -9.365923881530762 2.9609451293945312
    endloop
  endfacet
  facet normal -0.6936866975020465 0.339536575598288 0.6352272660549864
    outer loop
      vertex -9.18126106262207 -9.557243347167969 3.247474193572998
      vertex -9.34999942779541 -9.979393005371094 3.288851022720337
      vertex -9.15310001373291 -9.818624496459961 3.417938232421875
    endloop
  endfacet
  facet normal -0.6936862598929475 0.5567823305229541 -0.4569385180231166
    outer loop
      vertex -9.17261791229248 -10.851044654846191 8.644059181213379
      vertex -9.34999942779541 -10.643776893615723 9.165902137756348
      vertex -9.15886402130127 -10.551322937011719 8.988391876220703
    endloop
  endfacet
  facet normal -0.6936852911568636 0.5567804430607585 -0.4569422885416527
    outer loop
      vertex -9.34999942779541 -11.085063934326172 8.628191947937012
      vertex -9.17261791229248 -10.851044654846191 8.644059181213379
      vertex -9.149081230163574 -10.903536796569824 8.544366836547852
    endloop
  endfacet
  facet normal -0.6936865489380332 0.5567856426460023 -0.45693404334293153
    outer loop
      vertex -9.34999942779541 -11.085063934326172 8.628191947937012
      vertex -9.149081230163574 -10.903536796569824 8.544366836547852
      vertex -9.142538070678711 -10.918130874633789 8.516650199890137
    endloop
  endfacet
  facet normal -0.6936870013655289 0.5567814778345043 -0.4569384313853738
    outer loop
      vertex -9.17261791229248 -10.851044654846191 8.644059181213379
      vertex -9.34999942779541 -11.085063934326172 8.628191947937012
      vertex -9.34999942779541 -10.643776893615723 9.165902137756348
    endloop
  endfacet
  facet normal -0.6936868321019392 0.45693320912140356 -0.556785974473488
    outer loop
      vertex -9.34999942779541 -10.070963859558105 9.649962425231934
      vertex -9.14908218383789 -9.944367408752441 9.50353717803955
      vertex -9.16624927520752 -10.017082214355469 9.465250968933105
    endloop
  endfacet
  facet normal -0.6936868690310374 0.4569354106691621 -0.5567841217298861
    outer loop
      vertex -9.34999942779541 -10.028191566467285 9.685064315795898
      vertex -9.14908218383789 -9.944367408752441 9.50353717803955
      vertex -9.34999942779541 -10.070963859558105 9.649962425231934
    endloop
  endfacet
  facet normal -0.693687102366743 0.4569338810614806 -0.5567850863197795
    outer loop
      vertex -9.14908218383789 -9.944367408752441 9.50353717803955
      vertex -9.34999942779541 -10.028191566467285 9.685064315795898
      vertex -9.142539024353027 -9.916650772094727 9.518131256103516
    endloop
  endfacet
  facet normal -0.6936857566167948 0.6352294010065515 -0.3395345036426241
    outer loop
      vertex -9.138273239135742 -11.249754905700684 7.887513160705566
      vertex -9.34999942779541 -11.412970542907715 8.01472282409668
      vertex -9.15571403503418 -11.210307121276855 7.996947765350342
    endloop
  endfacet
  facet normal -0.6936862755068144 0.6352261283309243 -0.339539566264652
    outer loop
      vertex -9.34999942779541 -11.412970542907715 8.01472282409668
      vertex -9.138273239135742 -11.249754905700684 7.887513160705566
      vertex -9.34999942779541 -11.439054489135742 7.96592378616333
    endloop
  endfacet
  facet normal -0.6936779103421272 -0.07064188531067184 0.7168128631261674
    outer loop
      vertex -9.34999942779541 -7.84493350982666 2.674778461456299
      vertex -9.158659934997559 -7.791536331176758 2.8652048110961914
      vertex -9.15886402130127 -7.784790515899658 2.8656721115112305
    endloop
  endfacet
  facet normal -0.6936862652096805 -0.07059839367640004 0.7168090626308772
    outer loop
      vertex -9.158659934997559 -7.791536331176758 2.8652048110961914
      vertex -9.34999942779541 -7.84493350982666 2.674778461456299
      vertex -9.155384063720703 -7.899999618530273 2.8576924800872803
    endloop
  endfacet
  facet normal -0.693686385982946 -0.07059960506368192 0.7168088264431259
    outer loop
      vertex -9.155384063720703 -7.899999618530273 2.8576924800872803
      vertex -9.34999942779541 -7.84493350982666 2.674778461456299
      vertex -9.34999942779541 -7.899999618530273 2.6693549156188965
    endloop
  endfacet
  facet normal -0.6936861919187296 -0.689262618157008 -0.20908493573817818
    outer loop
      vertex -9.181260108947754 -4.428268909454346 7.628033638000488
      vertex -9.34999942779541 -4.159021377563477 7.300271511077881
      vertex -9.153099060058594 -4.363980770111084 7.3226728439331055
    endloop
  endfacet
  facet normal -0.6936855550343428 -0.6892630516452547 -0.20908561971921122
    outer loop
      vertex -9.34999942779541 -4.159021377563477 7.300271511077881
      vertex -9.181260108947754 -4.428268909454346 7.628033638000488
      vertex -9.34999942779541 -4.360944747924805 7.96592378616333
    endloop
  endfacet
  facet normal -0.6936864450204283 -0.689261954831283 -0.2090862827090263
    outer loop
      vertex -9.34999942779541 -4.360944747924805 7.96592378616333
      vertex -9.181260108947754 -4.428268909454346 7.628033638000488
      vertex -9.138273239135742 -4.550244331359863 7.887513160705566
    endloop
  endfacet
  facet normal -0.693685555783045 -0.33953506523690824 0.6352293201455175
    outer loop
      vertex -9.34999942779541 -5.820605754852295 3.288851022720337
      vertex -9.142538070678711 -5.883347988128662 3.481867551803589
      vertex -9.34999942779541 -5.771806716918945 3.314934492111206
    endloop
  endfacet
  facet normal -0.6936857396488706 -0.33953316300757724 0.6352301361127866
    outer loop
      vertex -9.142538070678711 -5.883347988128662 3.481867551803589
      vertex -9.34999942779541 -5.820605754852295 3.288851022720337
      vertex -9.15310001373291 -5.9813737869262695 3.417938470840454
    endloop
  endfacet
  facet normal -0.6936875661523307 0.33953812337062383 -0.6352254901557484
    outer loop
      vertex -9.142539024353027 -9.916650772094727 9.518131256103516
      vertex -9.34999942779541 -9.979393005371094 9.711148262023926
      vertex -9.15310001373291 -9.818624496459961 9.582060813903809
    endloop
  endfacet
  facet normal -0.6936872186193639 0.33954171862199384 -0.6352239479422618
    outer loop
      vertex -9.34999942779541 -9.979393005371094 9.711148262023926
      vertex -9.142539024353027 -9.916650772094727 9.518131256103516
      vertex -9.34999942779541 -10.028191566467285 9.685064315795898
    endloop
  endfacet
  facet normal -0.693686647295074 0.3395363907527927 0.6352274196845461
    outer loop
      vertex -9.34999942779541 -9.979393005371094 3.288851022720337
      vertex -9.142539024353027 -9.916650772094727 3.4818673133850098
      vertex -9.15310001373291 -9.818624496459961 3.417938232421875
    endloop
  endfacet
  facet normal -0.6936865705155453 0.33953718507282005 0.6352270789561847
    outer loop
      vertex -9.142539024353027 -9.916650772094727 3.4818673133850098
      vertex -9.34999942779541 -9.979393005371094 3.288851022720337
      vertex -9.34999942779541 -10.028191566467285 3.314934492111206
    endloop
  endfacet
  facet normal -0.6936862877239202 0.20909210779618967 -0.6892603460820544
    outer loop
      vertex -9.142538070678711 -8.608153343200684 10.060128211975098
      vertex -9.34999942779541 -8.700270652770996 10.24097728729248
      vertex -9.34999942779541 -8.647320747375488 10.257040023803711
    endloop
  endfacet
  facet normal -0.6936859676619705 0.20908876188548128 -0.6892616831959195
    outer loop
      vertex -9.34999942779541 -8.700270652770996 10.24097728729248
      vertex -9.142538070678711 -8.608153343200684 10.060128211975098
      vertex -9.15310001373291 -8.722672462463379 10.036018371582031
    endloop
  endfacet
  facet normal -0.69368656831334 0.45693738196786543 0.5567828785999214
    outer loop
      vertex -9.34999942779541 -10.028191566467285 3.314934492111206
      vertex -9.14908218383789 -9.944367408752441 3.4964616298675537
      vertex -9.142539024353027 -9.916650772094727 3.4818673133850098
    endloop
  endfacet
  facet normal -0.6936862450580277 0.4569395009768795 0.5567815423164585
    outer loop
      vertex -9.14908218383789 -9.944367408752441 3.4964616298675537
      vertex -9.34999942779541 -10.028191566467285 3.314934492111206
      vertex -9.34999942779541 -10.070963859558105 3.350036859512329
    endloop
  endfacet
  facet normal -0.6936861854727263 0.456935948248784 0.5567845321866286
    outer loop
      vertex -9.14908218383789 -9.944367408752441 3.4964616298675537
      vertex -9.34999942779541 -10.070963859558105 3.350036859512329
      vertex -9.16624927520752 -10.017082214355469 3.5347483158111572
    endloop
  endfacet
  facet normal -0.6936848522657301 -0.20908594282198179 -0.6892636609101883
    outer loop
      vertex -9.165184020996094 -6.674922943115234 9.92611312866211
      vertex -9.34999942779541 -6.487024784088135 10.055115699768066
      vertex -9.15571403503418 -6.61776065826416 9.899242401123047
    endloop
  endfacet
  facet normal -0.693683087000988 -0.20908220923045945 -0.6892665700526105
    outer loop
      vertex -9.18126106262207 -6.771965980529785 9.97173023223877
      vertex -9.34999942779541 -6.487024784088135 10.055115699768066
      vertex -9.165184020996094 -6.674922943115234 9.92611312866211
    endloop
  endfacet
  facet normal -0.6936876741589733 -0.209086672933962 -0.689260599426168
    outer loop
      vertex -9.171795845031738 -6.874601364135742 9.993338584899902
      vertex -9.34999942779541 -6.487024784088135 10.055115699768066
      vertex -9.18126106262207 -6.771965980529785 9.97173023223877
    endloop
  endfacet
  facet normal -0.6936865835380331 -0.20908596215685513 -0.6892619126633023
    outer loop
      vertex -9.171795845031738 -6.874601364135742 9.993338584899902
      vertex -9.34999942779541 -7.1526780128479 10.257040023803711
      vertex -9.34999942779541 -6.487024784088135 10.055115699768066
    endloop
  endfacet
  facet normal -0.6936868626296212 -0.20908561640178253 -0.6892617366639178
    outer loop
      vertex -9.34999942779541 -7.1526780128479 10.257040023803711
      vertex -9.171795845031738 -6.874601364135742 9.993338584899902
      vertex -9.142538070678711 -7.191845893859863 10.060128211975098
    endloop
  endfacet
  facet normal -0.6936874828017602 -0.4569381173583723 -0.5567811357339112
    outer loop
      vertex -9.14908218383789 -5.855631351470947 9.50353717803955
      vertex -9.34999942779541 -5.729034423828125 9.649962425231934
      vertex -9.16624927520752 -5.78291654586792 9.465250015258789
    endloop
  endfacet
  facet normal -0.6936874316390839 -0.4569350669325178 -0.5567837028805234
    outer loop
      vertex -9.34999942779541 -5.729034423828125 9.649962425231934
      vertex -9.14908218383789 -5.855631351470947 9.50353717803955
      vertex -9.34999942779541 -5.771806716918945 9.685064315795898
    endloop
  endfacet
  facet normal -0.693684974858858 -0.45695117121844453 -0.5567735471241043
    outer loop
      vertex -9.34999942779541 -5.771806716918945 9.685064315795898
      vertex -9.14908218383789 -5.855631351470947 9.50353717803955
      vertex -9.142538070678711 -5.883347988128662 9.518131256103516
    endloop
  endfacet
  facet normal -0.693686154420965 -0.6352263665384072 -0.33953936799591594
    outer loop
      vertex -9.165184020996094 -4.611111640930176 8.056366920471191
      vertex -9.34999942779541 -4.387028217315674 8.01472282409668
      vertex -9.15571403503418 -4.58969259262085 7.996947765350342
    endloop
  endfacet
  facet normal -0.6936887495815286 -0.6352272235994818 -0.3395324625158973
    outer loop
      vertex -9.181260108947754 -4.647475242614746 8.157243728637695
      vertex -9.34999942779541 -4.387028217315674 8.01472282409668
      vertex -9.165184020996094 -4.611111640930176 8.056366920471191
    endloop
  endfacet
  facet normal -0.693685979589451 -0.6352278670494503 -0.33953691794093566
    outer loop
      vertex -9.181260108947754 -4.647475242614746 8.157243728637695
      vertex -9.34999942779541 -4.714934825897217 8.628191947937012
      vertex -9.34999942779541 -4.387028217315674 8.01472282409668
    endloop
  endfacet
  facet normal -0.6936868638927085 -0.6352268127318242 -0.3395370837615045
    outer loop
      vertex -9.34999942779541 -4.714934825897217 8.628191947937012
      vertex -9.181260108947754 -4.647475242614746 8.157243728637695
      vertex -9.142538070678711 -4.881868362426758 8.516650199890137
    endloop
  endfacet
  facet normal -0.6936852653582202 -0.20908571188507435 0.6892633152216993
    outer loop
      vertex -9.34999942779541 -6.487024784088135 2.944883108139038
      vertex -9.165184020996094 -6.674922943115234 3.073885917663574
      vertex -9.15571403503418 -6.61776065826416 3.1007566452026367
    endloop
  endfacet
  facet normal -0.6936846085752508 -0.20908432276214511 0.6892643976014546
    outer loop
      vertex -9.34999942779541 -6.487024784088135 2.944883108139038
      vertex -9.18126106262207 -6.771965980529785 3.028268337249756
      vertex -9.165184020996094 -6.674922943115234 3.073885917663574
    endloop
  endfacet
  facet normal -0.6936857047545025 -0.20908538943856855 0.689262970819245
    outer loop
      vertex -9.34999942779541 -6.487024784088135 2.944883108139038
      vertex -9.171795845031738 -6.874601364135742 3.006660223007202
      vertex -9.18126106262207 -6.771965980529785 3.028268337249756
    endloop
  endfacet
  facet normal -0.6936858552810754 -0.2090854875392774 0.6892627895682644
    outer loop
      vertex -9.34999942779541 -7.1526780128479 2.742959499359131
      vertex -9.171795845031738 -6.874601364135742 3.006660223007202
      vertex -9.34999942779541 -6.487024784088135 2.944883108139038
    endloop
  endfacet
  facet normal -0.693685640289172 -0.20908575388329445 0.6892629251451552
    outer loop
      vertex -9.171795845031738 -6.874601364135742 3.006660223007202
      vertex -9.34999942779541 -7.1526780128479 2.742959499359131
      vertex -9.142538070678711 -7.191845893859863 2.939870595932007
    endloop
  endfacet
  facet normal -0.6936862521131895 -0.7168088951150815 -0.07060022317990783
    outer loop
      vertex -9.34999942779541 -4.137535572052002 7.192255973815918
      vertex -9.142538070678711 -4.339870452880859 7.208153247833252
      vertex -9.34999942779541 -4.142959117889404 7.247321605682373
    endloop
  endfacet
  facet normal -0.6936872859341576 -0.7168090407687205 -0.07058858551868612
    outer loop
      vertex -9.34999942779541 -4.137535572052002 7.192255973815918
      vertex -9.14908218383789 -4.330591201782227 7.178235054016113
      vertex -9.142538070678711 -4.339870452880859 7.208153247833252
    endloop
  endfacet
  facet normal -0.6936870869154628 -0.7168077110784448 -0.07060404227252165
    outer loop
      vertex -9.14908218383789 -4.330591201782227 7.178235054016113
      vertex -9.34999942779541 -4.137535572052002 7.192255973815918
      vertex -9.16624927520752 -4.306246757507324 7.099745273590088
    endloop
  endfacet
  facet normal -0.6936850824167272 0.20908391868437584 0.6892640432955167
    outer loop
      vertex -9.34999942779541 -8.700270652770996 2.759021520614624
      vertex -9.142538070678711 -8.608153343200684 2.9398703575134277
      vertex -9.34999942779541 -8.647320747375488 2.742959499359131
    endloop
  endfacet
  facet normal -0.6936856778694299 0.20909014331592649 0.6892615557877537
    outer loop
      vertex -9.142538070678711 -8.608153343200684 2.9398703575134277
      vertex -9.34999942779541 -8.700270652770996 2.759021520614624
      vertex -9.15310001373291 -8.722672462463379 2.9639804363250732
    endloop
  endfacet
  facet normal -0.6936862568012143 -0.6892620988493259 -0.2090864324028272
    outer loop
      vertex -9.142538070678711 -4.339870452880859 7.208153247833252
      vertex -9.34999942779541 -4.159021377563477 7.300271511077881
      vertex -9.34999942779541 -4.142959117889404 7.247321605682373
    endloop
  endfacet
  facet normal -0.6936861381468296 -0.6892625945158961 -0.20908519207288007
    outer loop
      vertex -9.34999942779541 -4.159021377563477 7.300271511077881
      vertex -9.142538070678711 -4.339870452880859 7.208153247833252
      vertex -9.153099060058594 -4.363980770111084 7.3226728439331055
    endloop
  endfacet
  facet normal -0.6936860688127657 0.7168094061176604 0.0705968358804968
    outer loop
      vertex -9.158659934997559 -11.534794807434082 6.391536712646484
      vertex -9.34999942779541 -11.730644226074219 6.5
      vertex -9.155384063720703 -11.542306900024414 6.5
    endloop
  endfacet
  facet normal -0.6936852592850585 0.716809951830186 0.07059924934322857
    outer loop
      vertex -9.172616958618164 -11.502782821655273 5.929374694824219
      vertex -9.34999942779541 -11.730644226074219 6.5
      vertex -9.158659934997559 -11.534794807434082 6.391536712646484
    endloop
  endfacet
  facet normal -0.6936872894369716 0.7168079397770957 0.07059973049596356
    outer loop
      vertex -9.34999942779541 -11.662464141845703 5.807743549346924
      vertex -9.172616958618164 -11.502782821655273 5.929374694824219
      vertex -9.166248321533203 -11.493751525878906 5.900254726409912
    endloop
  endfacet
  facet normal -0.6936868050227446 0.7168085580947795 0.07059821229620453
    outer loop
      vertex -9.172616958618164 -11.502782821655273 5.929374694824219
      vertex -9.34999942779541 -11.662464141845703 5.807743549346924
      vertex -9.34999942779541 -11.730644226074219 6.5
    endloop
  endfacet
  facet normal -0.6936856355479578 -0.5567867964267863 -0.4569340240770239
    outer loop
      vertex -9.155384063720703 -5.324498653411865 9.07550048828125
      vertex -9.34999942779541 -5.156221866607666 9.165902137756348
      vertex -9.15886402130127 -5.248676300048828 8.988391876220703
    endloop
  endfacet
  facet normal -0.6936848917931425 -0.5567825497825766 -0.4569403277842182
    outer loop
      vertex -9.34999942779541 -5.156221866607666 9.165902137756348
      vertex -9.155384063720703 -5.324498653411865 9.07550048828125
      vertex -9.34999942779541 -5.191324234008789 9.208674430847168
    endloop
  endfacet
  facet normal -0.6936866640336862 -0.3395365662904906 0.6352273075785384
    outer loop
      vertex -9.34999942779541 -5.820605754852295 3.288851022720337
      vertex -9.18126106262207 -6.24275541305542 3.247474193572998
      vertex -9.15310001373291 -5.9813737869262695 3.417938470840454
    endloop
  endfacet
  facet normal -0.693685933083098 -0.33953636300764406 0.6352282144538078
    outer loop
      vertex -9.34999942779541 -6.434074878692627 2.9609451293945312
      vertex -9.18126106262207 -6.24275541305542 3.247474193572998
      vertex -9.34999942779541 -5.820605754852295 3.288851022720337
    endloop
  endfacet
  facet normal -0.6936870013022695 -0.3395348694386685 0.6352278462563897
    outer loop
      vertex -9.18126106262207 -6.24275541305542 3.247474193572998
      vertex -9.34999942779541 -6.434074878692627 2.9609451293945312
      vertex -9.138274192810059 -6.512485027313232 3.1502442359924316
    endloop
  endfacet
  facet normal -0.6936855217489318 0.5567842722356654 0.4569372726172736
    outer loop
      vertex -9.34999942779541 -10.643776893615723 3.834097146987915
      vertex -9.158659934997559 -10.546882629394531 4.006506443023682
      vertex -9.155384063720703 -10.475500106811523 3.924499034881592
    endloop
  endfacet
  facet normal -0.6936858473531868 0.5567861313774369 0.45693451290927745
    outer loop
      vertex -9.34999942779541 -10.643776893615723 3.834097146987915
      vertex -9.155384063720703 -10.475500106811523 3.924499034881592
      vertex -9.34999942779541 -10.608675003051758 3.7913246154785156
    endloop
  endfacet
  facet normal -0.693691994805736 0.5567583596028259 0.456959019338506
    outer loop
      vertex -9.158659934997559 -10.546882629394531 4.006506443023682
      vertex -9.34999942779541 -10.643776893615723 3.834097146987915
      vertex -9.15886402130127 -10.551322937011719 4.011606693267822
    endloop
  endfacet
  facet normal -0.6936847519124926 -0.0706007619768127 -0.7168102938521442
    outer loop
      vertex -9.158659934997559 -7.791536331176758 10.134795188903809
      vertex -9.34999942779541 -7.899999618530273 10.330644607543945
      vertex -9.17261791229248 -7.32937479019165 10.102783203125
    endloop
  endfacet
  facet normal -0.6936860688127657 -0.0705968358804968 -0.7168094061176604
    outer loop
      vertex -9.34999942779541 -7.899999618530273 10.330644607543945
      vertex -9.158659934997559 -7.791536331176758 10.134795188903809
      vertex -9.155384063720703 -7.899999618530273 10.14230728149414
    endloop
  endfacet
  facet normal -0.693687058381374 -0.070599214553179 -0.7168082141958685
    outer loop
      vertex -9.34999942779541 -7.2077436447143555 10.262463569641113
      vertex -9.17261791229248 -7.32937479019165 10.102783203125
      vertex -9.34999942779541 -7.899999618530273 10.330644607543945
    endloop
  endfacet
  facet normal -0.6936872321995492 -0.0705997593128232 -0.716807992330094
    outer loop
      vertex -9.17261791229248 -7.32937479019165 10.102783203125
      vertex -9.34999942779541 -7.2077436447143555 10.262463569641113
      vertex -9.16624927520752 -7.300254821777344 10.093751907348633
    endloop
  endfacet
  facet normal -0.6936871079058738 -0.07059919099265215 -0.7168081685893148
    outer loop
      vertex -9.34999942779541 -7.2077436447143555 10.262463569641113
      vertex -9.142538070678711 -7.191845893859863 10.060128211975098
      vertex -9.16624927520752 -7.300254821777344 10.093751907348633
    endloop
  endfacet
  facet normal -0.6936870226696012 -0.07060015043968727 -0.7168081565786466
    outer loop
      vertex -9.142538070678711 -7.191845893859863 10.060128211975098
      vertex -9.34999942779541 -7.2077436447143555 10.262463569641113
      vertex -9.34999942779541 -7.1526780128479 10.257040023803711
    endloop
  endfacet
  facet normal -0.6936868752424579 -0.2090834174725208 0.6892623910053169
    outer loop
      vertex -9.34999942779541 -6.487024784088135 2.944883108139038
      vertex -9.138274192810059 -6.512485027313232 3.1502442359924316
      vertex -9.34999942779541 -6.434074878692627 2.9609451293945312
    endloop
  endfacet
  facet normal -0.6936862926668612 -0.20909003473853877 0.6892609699809953
    outer loop
      vertex -9.138274192810059 -6.512485027313232 3.1502442359924316
      vertex -9.34999942779541 -6.487024784088135 2.944883108139038
      vertex -9.15571403503418 -6.61776065826416 3.1007566452026367
    endloop
  endfacet
  facet normal -0.693686363556306 -0.339535460025972 -0.6352282270184315
    outer loop
      vertex -9.18126106262207 -6.24275541305542 9.752524375915527
      vertex -9.34999942779541 -5.820605754852295 9.711148262023926
      vertex -9.15310001373291 -5.9813737869262695 9.582060813903809
    endloop
  endfacet
  facet normal -0.6936870677381386 -0.33953565586561996 -0.6352273533537157
    outer loop
      vertex -9.18126106262207 -6.24275541305542 9.752524375915527
      vertex -9.34999942779541 -6.434074878692627 10.039053916931152
      vertex -9.34999942779541 -5.820605754852295 9.711148262023926
    endloop
  endfacet
  facet normal -0.6936861660213245 -0.33953691663306174 -0.6352276641598261
    outer loop
      vertex -9.34999942779541 -6.434074878692627 10.039053916931152
      vertex -9.18126106262207 -6.24275541305542 9.752524375915527
      vertex -9.138274192810059 -6.512485027313232 9.84975528717041
    endloop
  endfacet
  facet normal -0.6936870111959089 0.07059874879698079 -0.716808305732005
    outer loop
      vertex -9.16624927520752 -8.499744415283203 10.093751907348633
      vertex -9.34999942779541 -8.592255592346191 10.262463569641113
      vertex -9.17261791229248 -8.470623970031738 10.102783203125
    endloop
  endfacet
  facet normal -0.6936871568414188 0.07059920525870034 -0.7168081198271324
    outer loop
      vertex -9.34999942779541 -7.899999618530273 10.330644607543945
      vertex -9.17261791229248 -8.470623970031738 10.102783203125
      vertex -9.34999942779541 -8.592255592346191 10.262463569641113
    endloop
  endfacet
  facet normal -0.6936847273433991 0.0706008352246878 -0.7168103104141922
    outer loop
      vertex -9.17261791229248 -8.470623970031738 10.102783203125
      vertex -9.34999942779541 -7.899999618530273 10.330644607543945
      vertex -9.158659934997559 -8.008462905883789 10.134795188903809
    endloop
  endfacet
  facet normal -0.6936860688127657 0.0705968358804968 -0.7168094061176604
    outer loop
      vertex -9.158659934997559 -8.008462905883789 10.134795188903809
      vertex -9.34999942779541 -7.899999618530273 10.330644607543945
      vertex -9.155384063720703 -7.899999618530273 10.14230728149414
    endloop
  endfacet
  facet normal -0.49581671182310655 0.1335341116124647 0.8580993120337483
    outer loop
      vertex -9.34999942779541 -5.191324234008789 3.7913246154785156
      vertex -9.15538501739502 -5.324499130249023 3.9244985580444336
      vertex -9.155384063720703 -5.324498653411865 3.924499034881592
    endloop
  endfacet
  facet normal -0.6936871270417496 -0.45693924141475234 0.556780656481414
    outer loop
      vertex -9.34999942779541 -5.191324234008789 3.7913246154785156
      vertex -9.169441223144531 -5.6764044761657715 3.6181840896606445
      vertex -9.15538501739502 -5.324499130249023 3.9244985580444336
    endloop
  endfacet
  facet normal -0.6936863264615327 -0.45693928629030256 0.5567816170859207
    outer loop
      vertex -9.34999942779541 -5.729034423828125 3.350036859512329
      vertex -9.169441223144531 -5.6764044761657715 3.6181840896606445
      vertex -9.34999942779541 -5.191324234008789 3.7913246154785156
    endloop
  endfacet
  facet normal -0.6936849940857044 -0.45694180080622 0.5567812134548771
    outer loop
      vertex -9.34999942779541 -5.729034423828125 3.350036859512329
      vertex -9.17261791229248 -5.75593900680542 3.5489535331726074
      vertex -9.169441223144531 -5.6764044761657715 3.6181840896606445
    endloop
  endfacet
  facet normal -0.6936899168350125 -0.4569264480168312 0.5567876798063653
    outer loop
      vertex -9.17261791229248 -5.75593900680542 3.5489535331726074
      vertex -9.34999942779541 -5.729034423828125 3.350036859512329
      vertex -9.16624927520752 -5.78291654586792 3.5347490310668945
    endloop
  endfacet
  facet normal -0.6936869913582849 0.20908388190604466 -0.6892621332609168
    outer loop
      vertex -9.171795845031738 -8.925397872924805 9.993338584899902
      vertex -9.34999942779541 -8.700270652770996 10.24097728729248
      vertex -9.15310001373291 -8.722672462463379 10.036018371582031
    endloop
  endfacet
  facet normal -0.6936848040378824 0.20908699576821707 -0.6892633900386314
    outer loop
      vertex -9.18126106262207 -9.028033256530762 9.97173023223877
      vertex -9.34999942779541 -8.700270652770996 10.24097728729248
      vertex -9.171795845031738 -8.925397872924805 9.993338584899902
    endloop
  endfacet
  facet normal -0.6936829264473525 0.20908229898603706 -0.6892667044084971
    outer loop
      vertex -9.34999942779541 -9.365923881530762 10.039053916931152
      vertex -9.18126106262207 -9.028033256530762 9.97173023223877
      vertex -9.165184020996094 -9.125076293945312 9.92611312866211
    endloop
  endfacet
  facet normal -0.6936862390189132 0.2090870850331971 -0.6892619187711706
    outer loop
      vertex -9.34999942779541 -9.365923881530762 10.039053916931152
      vertex -9.165184020996094 -9.125076293945312 9.92611312866211
      vertex -9.138273239135742 -9.287513732910156 9.849754333496094
    endloop
  endfacet
  facet normal -0.6936866172950586 0.2090850484329095 -0.6892621558649125
    outer loop
      vertex -9.18126106262207 -9.028033256530762 9.97173023223877
      vertex -9.34999942779541 -9.365923881530762 10.039053916931152
      vertex -9.34999942779541 -8.700270652770996 10.24097728729248
    endloop
  endfacet
  facet normal -0.6936860218166927 0.33953711825759403 -0.6352277138644532
    outer loop
      vertex -9.18126106262207 -9.557243347167969 9.752524375915527
      vertex -9.34999942779541 -9.365923881530762 10.039053916931152
      vertex -9.138273239135742 -9.287513732910156 9.849754333496094
    endloop
  endfacet
  facet normal -0.6936868819043943 0.3395356041835112 -0.6352275839142195
    outer loop
      vertex -9.34999942779541 -9.979393005371094 9.711148262023926
      vertex -9.18126106262207 -9.557243347167969 9.752524375915527
      vertex -9.15310001373291 -9.818624496459961 9.582060813903809
    endloop
  endfacet
  facet normal -0.6936870677381386 0.33953565586561996 -0.6352273533537157
    outer loop
      vertex -9.18126106262207 -9.557243347167969 9.752524375915527
      vertex -9.34999942779541 -9.979393005371094 9.711148262023926
      vertex -9.34999942779541 -9.365923881530762 10.039053916931152
    endloop
  endfacet
  facet normal -0.6936863842584214 0.0705985709336435 0.716808929964328
    outer loop
      vertex -9.158659934997559 -8.008462905883789 2.8652048110961914
      vertex -9.34999942779541 -7.899999618530273 2.6693549156188965
      vertex -9.17261791229248 -8.470623970031738 2.8972153663635254
    endloop
  endfacet
  facet normal -0.6936864459314074 0.0705983870664649 0.7168088883898316
    outer loop
      vertex -9.34999942779541 -7.899999618530273 2.6693549156188965
      vertex -9.158659934997559 -8.008462905883789 2.8652048110961914
      vertex -9.155384063720703 -7.899999618530273 2.8576924800872803
    endloop
  endfacet
  facet normal -0.6936851574639941 0.07059939399639376 0.7168100361194003
    outer loop
      vertex -9.34999942779541 -8.592255592346191 2.7375359535217285
      vertex -9.17261791229248 -8.470623970031738 2.8972153663635254
      vertex -9.34999942779541 -7.899999618530273 2.6693549156188965
    endloop
  endfacet
  facet normal -0.6936883677653439 0.07060945535056765 0.7168059383418562
    outer loop
      vertex -9.17261791229248 -8.470623970031738 2.8972153663635254
      vertex -9.34999942779541 -8.592255592346191 2.7375359535217285
      vertex -9.16624927520752 -8.499744415283203 2.906247138977051
    endloop
  endfacet
  facet normal -0.6936870049188701 -0.7168078273597273 0.07060366734465545
    outer loop
      vertex -9.34999942779541 -4.137535572052002 5.807743549346924
      vertex -9.14908218383789 -4.330591201782227 5.82176399230957
      vertex -9.16624927520752 -4.306246757507324 5.900254249572754
    endloop
  endfacet
  facet normal -0.6936871985602926 -0.7168091209919231 0.07058862951183983
    outer loop
      vertex -9.34999942779541 -4.137535572052002 5.807743549346924
      vertex -9.142538070678711 -4.339870452880859 5.791845798492432
      vertex -9.14908218383789 -4.330591201782227 5.82176399230957
    endloop
  endfacet
  facet normal -0.6936862221726411 -0.7168089834462665 0.07059962052716298
    outer loop
      vertex -9.142538070678711 -4.339870452880859 5.791845798492432
      vertex -9.34999942779541 -4.137535572052002 5.807743549346924
      vertex -9.34999942779541 -4.142959117889404 5.7526774406433105
    endloop
  endfacet
  facet normal -0.6936859144833255 -0.7168092466438013 0.0705999714828436
    outer loop
      vertex -9.34999942779541 -4.06935453414917 6.5
      vertex -9.158659934997559 -4.265204429626465 6.391536712646484
      vertex -9.155384063720703 -4.257691860198975 6.5
    endloop
  endfacet
  facet normal -0.693686433394582 -0.7168088968410592 0.07059842444281544
    outer loop
      vertex -9.34999942779541 -4.06935453414917 6.5
      vertex -9.17261791229248 -4.297214984893799 5.929374694824219
      vertex -9.158659934997559 -4.265204429626465 6.391536712646484
    endloop
  endfacet
  facet normal -0.693685044084939 -0.716810149530214 0.07059935653636375
    outer loop
      vertex -9.34999942779541 -4.137535572052002 5.807743549346924
      vertex -9.17261791229248 -4.297214984893799 5.929374694824219
      vertex -9.34999942779541 -4.06935453414917 6.5
    endloop
  endfacet
  facet normal -0.6936882803648888 -0.7168060185889903 0.0706094993538662
    outer loop
      vertex -9.17261791229248 -4.297214984893799 5.929374694824219
      vertex -9.34999942779541 -4.137535572052002 5.807743549346924
      vertex -9.16624927520752 -4.306246757507324 5.900254249572754
    endloop
  endfacet
  facet normal -0.6936856179023092 0.07059688176159584 0.7168098379633407
    outer loop
      vertex -9.34999942779541 -8.592255592346191 2.7375359535217285
      vertex -9.142538070678711 -8.608153343200684 2.9398703575134277
      vertex -9.16624927520752 -8.499744415283203 2.906247138977051
    endloop
  endfacet
  facet normal -0.6936852589358954 0.07060092242545453 0.7168097873827579
    outer loop
      vertex -9.142538070678711 -8.608153343200684 2.9398703575134277
      vertex -9.34999942779541 -8.592255592346191 2.7375359535217285
      vertex -9.34999942779541 -8.647320747375488 2.742959499359131
    endloop
  endfacet
  facet normal -0.6936869913582849 0.20908388190604466 0.6892621332609168
    outer loop
      vertex -9.34999942779541 -8.700270652770996 2.759021520614624
      vertex -9.171795845031738 -8.925397872924805 3.006660223007202
      vertex -9.15310001373291 -8.722672462463379 2.9639804363250732
    endloop
  endfacet
  facet normal -0.6936859519288863 0.20908536163673383 0.6892627304923363
    outer loop
      vertex -9.34999942779541 -8.700270652770996 2.759021520614624
      vertex -9.18126106262207 -9.028033256530762 3.028268337249756
      vertex -9.171795845031738 -8.925397872924805 3.006660223007202
    endloop
  endfacet
  facet normal -0.6936858274501229 0.20908549531990928 0.6892628152175818
    outer loop
      vertex -9.34999942779541 -9.365923881530762 2.9609451293945312
      vertex -9.18126106262207 -9.028033256530762 3.028268337249756
      vertex -9.34999942779541 -8.700270652770996 2.759021520614624
    endloop
  endfacet
  facet normal -0.6936855422517114 0.209085282865406 0.6892631666932756
    outer loop
      vertex -9.18126106262207 -9.028033256530762 3.028268337249756
      vertex -9.34999942779541 -9.365923881530762 2.9609451293945312
      vertex -9.165184020996094 -9.125076293945312 3.0738861560821533
    endloop
  endfacet
  facet normal -0.6936853104272327 0.20908494792142224 0.6892635016089058
    outer loop
      vertex -9.165184020996094 -9.125076293945312 3.0738861560821533
      vertex -9.34999942779541 -9.365923881530762 2.9609451293945312
      vertex -9.138273239135742 -9.287513732910156 3.1502442359924316
    endloop
  endfacet
  facet normal -0.6936862568012143 -0.6892620988493259 0.2090864324028272
    outer loop
      vertex -9.34999942779541 -4.159021377563477 5.699727535247803
      vertex -9.142538070678711 -4.339870452880859 5.791845798492432
      vertex -9.34999942779541 -4.142959117889404 5.7526774406433105
    endloop
  endfacet
  facet normal -0.6936861381468296 -0.6892625945158961 0.20908519207288007
    outer loop
      vertex -9.142538070678711 -4.339870452880859 5.791845798492432
      vertex -9.34999942779541 -4.159021377563477 5.699727535247803
      vertex -9.153099060058594 -4.363980770111084 5.677326202392578
    endloop
  endfacet
  facet normal -0.5647330617435133 0.825273632787209 0
    outer loop
      vertex -9.155384063720703 -10.475500106811523 9.075499534606934
      vertex -9.34999942779541 -10.608675003051758 9.208674430847168
      vertex -9.155384063720703 -10.475500106811523 9.07550048828125
    endloop
  endfacet
  facet normal -0.6936850923938642 0.45694057846382813 -0.5567820941298834
    outer loop
      vertex -9.172618865966797 -10.044060707092285 9.451045989990234
      vertex -9.34999942779541 -10.070963859558105 9.649962425231934
      vertex -9.16624927520752 -10.017082214355469 9.465250968933105
    endloop
  endfacet
  facet normal -0.6936852674132513 0.4569400326411405 -0.5567823240223413
    outer loop
      vertex -9.158659934997559 -10.393492698669434 9.146883010864258
      vertex -9.34999942779541 -10.070963859558105 9.649962425231934
      vertex -9.172618865966797 -10.044060707092285 9.451045989990234
    endloop
  endfacet
  facet normal -0.6936851766990704 0.45693749892914226 -0.5567845163978247
    outer loop
      vertex -9.34999942779541 -10.608675003051758 9.208674430847168
      vertex -9.158659934997559 -10.393492698669434 9.146883010864258
      vertex -9.155384063720703 -10.475500106811523 9.07550048828125
    endloop
  endfacet
  facet normal -0.6936861368698076 0.45693906538236445 -0.5567820345899585
    outer loop
      vertex -9.158659934997559 -10.393492698669434 9.146883010864258
      vertex -9.34999942779541 -10.608675003051758 9.208674430847168
      vertex -9.34999942779541 -10.070963859558105 9.649962425231934
    endloop
  endfacet
  facet normal -0.6936857474342599 -0.6352267682492359 0.3395394479382384
    outer loop
      vertex -9.34999942779541 -4.387028217315674 4.985276699066162
      vertex -9.165184020996094 -4.611111640930176 4.943632125854492
      vertex -9.15571403503418 -4.58969259262085 5.003051280975342
    endloop
  endfacet
  facet normal -0.6936883426020478 -0.6352276253023061 0.33953254246215764
    outer loop
      vertex -9.34999942779541 -4.387028217315674 4.985276699066162
      vertex -9.181260108947754 -4.647475242614746 4.842755317687988
      vertex -9.165184020996094 -4.611111640930176 4.943632125854492
    endloop
  endfacet
  facet normal -0.6936856596111944 -0.6352282485453917 0.33953685793995325
    outer loop
      vertex -9.34999942779541 -4.714934825897217 4.371807098388672
      vertex -9.181260108947754 -4.647475242614746 4.842755317687988
      vertex -9.34999942779541 -4.387028217315674 4.985276699066162
    endloop
  endfacet
  facet normal -0.6936864439887438 -0.6352273133660321 0.3395370050230521
    outer loop
      vertex -9.181260108947754 -4.647475242614746 4.842755317687988
      vertex -9.34999942779541 -4.714934825897217 4.371807098388672
      vertex -9.142538070678711 -4.881868362426758 4.483348369598389
    endloop
  endfacet
  facet normal -0.6936862615711903 0.7168093973641841 0.07059503068758458
    outer loop
      vertex -9.149080276489258 -11.469407081604004 5.821763515472412
      vertex -9.34999942779541 -11.662464141845703 5.807743549346924
      vertex -9.166248321533203 -11.493751525878906 5.900254726409912
    endloop
  endfacet
  facet normal -0.6936860460605476 0.716807958297773 0.0706117583824524
    outer loop
      vertex -9.142537117004395 -11.460127830505371 5.791845798492432
      vertex -9.34999942779541 -11.662464141845703 5.807743549346924
      vertex -9.149080276489258 -11.469407081604004 5.821763515472412
    endloop
  endfacet
  facet normal -0.6936871320547698 0.7168081113735365 0.07059953463537698
    outer loop
      vertex -9.34999942779541 -11.662464141845703 5.807743549346924
      vertex -9.142537117004395 -11.460127830505371 5.791845798492432
      vertex -9.34999942779541 -11.6570405960083 5.7526774406433105
    endloop
  endfacet
  facet normal -0.6936856929779475 0.6352278894305319 0.33953746162586673
    outer loop
      vertex -9.34999942779541 -11.085063934326172 4.371807098388672
      vertex -9.181260108947754 -11.1525239944458 4.842755317687988
      vertex -9.142538070678711 -10.918130874633789 4.483348369598389
    endloop
  endfacet
  facet normal -0.6936847283220234 0.6352290395451867 0.3395372807385074
    outer loop
      vertex -9.34999942779541 -11.412970542907715 4.985276699066162
      vertex -9.181260108947754 -11.1525239944458 4.842755317687988
      vertex -9.34999942779541 -11.085063934326172 4.371807098388672
    endloop
  endfacet
  facet normal -0.6936875811870009 0.6352283768441117 0.33953269203262765
    outer loop
      vertex -9.181260108947754 -11.1525239944458 4.842755317687988
      vertex -9.34999942779541 -11.412970542907715 4.985276699066162
      vertex -9.165184020996094 -11.188887596130371 4.943632125854492
    endloop
  endfacet
  facet normal -0.6936832516947474 0.6352269470147693 0.3395442122971577
    outer loop
      vertex -9.165184020996094 -11.188887596130371 4.943632125854492
      vertex -9.34999942779541 -11.412970542907715 4.985276699066162
      vertex -9.15571403503418 -11.210307121276855 5.003051280975342
    endloop
  endfacet
  facet normal -0.6936863888200824 0.6892623381398064 0.20908520556892735
    outer loop
      vertex -9.34999942779541 -11.439054489135742 5.0340752601623535
      vertex -9.181260108947754 -11.371729850769043 5.371965408325195
      vertex -9.138273239135742 -11.249754905700684 5.112485885620117
    endloop
  endfacet
  facet normal -0.6936865655386727 0.6892621203526013 0.20908533721472888
    outer loop
      vertex -9.34999942779541 -11.64097785949707 5.699727535247803
      vertex -9.181260108947754 -11.371729850769043 5.371965408325195
      vertex -9.34999942779541 -11.439054489135742 5.0340752601623535
    endloop
  endfacet
  facet normal -0.693684589608931 0.689263465243268 0.20908745926030875
    outer loop
      vertex -9.181260108947754 -11.371729850769043 5.371965408325195
      vertex -9.34999942779541 -11.64097785949707 5.699727535247803
      vertex -9.153098106384277 -11.436017990112305 5.67732572555542
    endloop
  endfacet
  facet normal -0.6936861128834625 0.6352273887955573 -0.3395375403642579
    outer loop
      vertex -9.181260108947754 -11.1525239944458 8.157243728637695
      vertex -9.34999942779541 -11.085063934326172 8.628191947937012
      vertex -9.142538070678711 -10.918130874633789 8.516650199890137
    endloop
  endfacet
  facet normal -0.6936879881675752 0.6352279751410315 -0.33953261208644925
    outer loop
      vertex -9.34999942779541 -11.412970542907715 8.01472282409668
      vertex -9.181260108947754 -11.1525239944458 8.157243728637695
      vertex -9.165184020996094 -11.188887596130371 8.056366920471191
    endloop
  endfacet
  facet normal -0.6936836586897601 0.6352265452991237 -0.3395441323511991
    outer loop
      vertex -9.34999942779541 -11.412970542907715 8.01472282409668
      vertex -9.165184020996094 -11.188887596130371 8.056366920471191
      vertex -9.15571403503418 -11.210307121276855 7.996947765350342
    endloop
  endfacet
  facet normal -0.6936850483016361 0.63522865804866 -0.3395373407395056
    outer loop
      vertex -9.181260108947754 -11.1525239944458 8.157243728637695
      vertex -9.34999942779541 -11.412970542907715 8.01472282409668
      vertex -9.34999942779541 -11.085063934326172 8.628191947937012
    endloop
  endfacet
  facet normal -0.6936850923938642 0.45694057846382813 0.5567820941298834
    outer loop
      vertex -9.34999942779541 -10.070963859558105 3.350036859512329
      vertex -9.172618865966797 -10.044060707092285 3.5489532947540283
      vertex -9.16624927520752 -10.017082214355469 3.5347483158111572
    endloop
  endfacet
  facet normal -0.6936854473702837 0.4569394714186665 0.556782560400664
    outer loop
      vertex -9.34999942779541 -10.070963859558105 3.350036859512329
      vertex -9.158659934997559 -10.393492698669434 3.8531157970428467
      vertex -9.172618865966797 -10.044060707092285 3.5489532947540283
    endloop
  endfacet
  facet normal -0.6936857111516392 0.4569391779654929 0.5567824725907452
    outer loop
      vertex -9.34999942779541 -10.608675003051758 3.7913246154785156
      vertex -9.158659934997559 -10.393492698669434 3.8531157970428467
      vertex -9.34999942779541 -10.070963859558105 3.350036859512329
    endloop
  endfacet
  facet normal -0.5647330617435133 0.825273632787209 0
    outer loop
      vertex -9.155384063720703 -10.475500106811523 3.9244987964630127
      vertex -9.34999942779541 -10.608675003051758 3.7913246154785156
      vertex -9.155384063720703 -10.475500106811523 3.924499034881592
    endloop
  endfacet
  facet normal -0.6936856494495277 0.45693907730279126 0.5567826320759842
    outer loop
      vertex -9.158659934997559 -10.393492698669434 3.8531157970428467
      vertex -9.34999942779541 -10.608675003051758 3.7913246154785156
      vertex -9.155384063720703 -10.475500106811523 3.9244987964630127
    endloop
  endfacet
  facet normal -0.6936855550343428 -0.6892630516452547 0.20908561971921122
    outer loop
      vertex -9.181260108947754 -4.428268909454346 5.371965408325195
      vertex -9.34999942779541 -4.159021377563477 5.699727535247803
      vertex -9.34999942779541 -4.360944747924805 5.0340752601623535
    endloop
  endfacet
  facet normal -0.6936861919187296 -0.689262618157008 0.20908493573817818
    outer loop
      vertex -9.34999942779541 -4.159021377563477 5.699727535247803
      vertex -9.181260108947754 -4.428268909454346 5.371965408325195
      vertex -9.153099060058594 -4.363980770111084 5.677326202392578
    endloop
  endfacet
  facet normal -0.6936864450204283 -0.689261954831283 0.2090862827090263
    outer loop
      vertex -9.181260108947754 -4.428268909454346 5.371965408325195
      vertex -9.34999942779541 -4.360944747924805 5.0340752601623535
      vertex -9.138273239135742 -4.550244331359863 5.112485885620117
    endloop
  endfacet
  facet normal -0.6936858251699863 -0.33953977071660346 -0.635226510828973
    outer loop
      vertex -9.142538070678711 -5.883347988128662 9.518131256103516
      vertex -9.34999942779541 -5.820605754852295 9.711148262023926
      vertex -9.34999942779541 -5.771806716918945 9.685064315795898
    endloop
  endfacet
  facet normal -0.6936862737931329 -0.3395351295467369 -0.6352285016863454
    outer loop
      vertex -9.34999942779541 -5.820605754852295 9.711148262023926
      vertex -9.142538070678711 -5.883347988128662 9.518131256103516
      vertex -9.15310001373291 -5.9813737869262695 9.582060813903809
    endloop
  endfacet
  facet normal -0.6936859237378911 -0.2090808414332417 -0.6892641300354142
    outer loop
      vertex -9.138274192810059 -6.512485027313232 9.84975528717041
      vertex -9.34999942779541 -6.487024784088135 10.055115699768066
      vertex -9.34999942779541 -6.434074878692627 10.039053916931152
    endloop
  endfacet
  facet normal -0.6936853063968769 -0.20908785376706857 -0.6892626241833748
    outer loop
      vertex -9.34999942779541 -6.487024784088135 10.055115699768066
      vertex -9.138274192810059 -6.512485027313232 9.84975528717041
      vertex -9.15571403503418 -6.61776065826416 9.899242401123047
    endloop
  endfacet
  facet normal -0.6936880593431846 -0.7168063320351341 -0.07060848871788412
    outer loop
      vertex -9.34999942779541 -4.137535572052002 7.192255973815918
      vertex -9.17261791229248 -4.297214984893799 7.070624351501465
      vertex -9.16624927520752 -4.306246757507324 7.099745273590088
    endloop
  endfacet
  facet normal -0.6936851574639941 -0.7168100361194003 -0.07059939399639376
    outer loop
      vertex -9.34999942779541 -4.06935453414917 6.5
      vertex -9.17261791229248 -4.297214984893799 7.070624351501465
      vertex -9.34999942779541 -4.137535572052002 7.192255973815918
    endloop
  endfacet
  facet normal -0.6936863842584214 -0.716808929964328 -0.0705985709336435
    outer loop
      vertex -9.17261791229248 -4.297214984893799 7.070624351501465
      vertex -9.34999942779541 -4.06935453414917 6.5
      vertex -9.158659934997559 -4.265204429626465 6.608463287353516
    endloop
  endfacet
  facet normal -0.6936859144833255 -0.7168092466438013 -0.0705999714828436
    outer loop
      vertex -9.158659934997559 -4.265204429626465 6.608463287353516
      vertex -9.34999942779541 -4.06935453414917 6.5
      vertex -9.155384063720703 -4.257691860198975 6.5
    endloop
  endfacet
  facet normal -0.6936868076720493 -0.45693915723439044 0.5567811234656636
    outer loop
      vertex -9.14908218383789 -5.855631351470947 3.4964616298675537
      vertex -9.34999942779541 -5.729034423828125 3.350036859512329
      vertex -9.34999942779541 -5.771806716918945 3.314934492111206
    endloop
  endfacet
  facet normal -0.6936868148952573 -0.4569395879409865 0.5567807609937634
    outer loop
      vertex -9.34999942779541 -5.729034423828125 3.350036859512329
      vertex -9.14908218383789 -5.855631351470947 3.4964616298675537
      vertex -9.16624927520752 -5.78291654586792 3.5347490310668945
    endloop
  endfacet
  facet normal -0.693684974858858 -0.45695117121844453 0.5567735471241043
    outer loop
      vertex -9.14908218383789 -5.855631351470947 3.4964616298675537
      vertex -9.34999942779541 -5.771806716918945 3.314934492111206
      vertex -9.142538070678711 -5.883347988128662 3.481867551803589
    endloop
  endfacet
  facet normal -0.69368579465696 0.6892639950418268 0.20908171471968218
    outer loop
      vertex -9.34999942779541 -11.64097785949707 5.699727535247803
      vertex -9.142537117004395 -11.460127830505371 5.791845798492432
      vertex -9.153098106384277 -11.436017990112305 5.67732572555542
    endloop
  endfacet
  facet normal -0.6936867758206693 0.6892598962470962 0.20909197133550378
    outer loop
      vertex -9.142537117004395 -11.460127830505371 5.791845798492432
      vertex -9.34999942779541 -11.64097785949707 5.699727535247803
      vertex -9.34999942779541 -11.6570405960083 5.7526774406433105
    endloop
  endfacet
  facet normal -0.6936813163834786 0.716815594885703 -0.07058069303385853
    outer loop
      vertex -9.172616958618164 -11.502782821655273 7.070624351501465
      vertex -9.34999942779541 -11.662464141845703 7.192255973815918
      vertex -9.166247367858887 -11.493751525878906 7.0997443199157715
    endloop
  endfacet
  facet normal -0.693685210148065 0.7168099849537758 -0.07059939583595981
    outer loop
      vertex -9.34999942779541 -11.730644226074219 6.5
      vertex -9.172616958618164 -11.502782821655273 7.070624351501465
      vertex -9.158659934997559 -11.534794807434082 6.608463287353516
    endloop
  endfacet
  facet normal -0.6936860688127657 0.7168094061176604 -0.0705968358804968
    outer loop
      vertex -9.34999942779541 -11.730644226074219 6.5
      vertex -9.158659934997559 -11.534794807434082 6.608463287353516
      vertex -9.155384063720703 -11.542306900024414 6.5
    endloop
  endfacet
  facet normal -0.693686918398827 0.7168084446864103 -0.07059824975584336
    outer loop
      vertex -9.172616958618164 -11.502782821655273 7.070624351501465
      vertex -9.34999942779541 -11.730644226074219 6.5
      vertex -9.34999942779541 -11.662464141845703 7.192255973815918
    endloop
  endfacet
  facet normal -0.693687161994858 0.7168080230427926 -0.07060013728742151
    outer loop
      vertex -9.142537117004395 -11.460127830505371 7.208153247833252
      vertex -9.34999942779541 -11.662464141845703 7.192255973815918
      vertex -9.34999942779541 -11.6570405960083 7.247321605682373
    endloop
  endfacet
  facet normal -0.6936861334630501 0.7168078780494656 -0.070611714377333
    outer loop
      vertex -9.149080276489258 -11.469407081604004 7.1782355308532715
      vertex -9.34999942779541 -11.662464141845703 7.192255973815918
      vertex -9.142537117004395 -11.460127830505371 7.208153247833252
    endloop
  endfacet
  facet normal -0.6936862429321217 0.7168086089693925 -0.07060321858160673
    outer loop
      vertex -9.34999942779541 -11.662464141845703 7.192255973815918
      vertex -9.149080276489258 -11.469407081604004 7.1782355308532715
      vertex -9.166247367858887 -11.493751525878906 7.0997443199157715
    endloop
  endfacet
  facet normal -0.6936863888200824 0.6892623381398064 -0.20908520556892735
    outer loop
      vertex -9.181260108947754 -11.371729850769043 7.628033638000488
      vertex -9.34999942779541 -11.439054489135742 7.96592378616333
      vertex -9.138273239135742 -11.249754905700684 7.887513160705566
    endloop
  endfacet
  facet normal -0.693684589608931 0.689263465243268 -0.20908745926030875
    outer loop
      vertex -9.34999942779541 -11.64097785949707 7.300271511077881
      vertex -9.181260108947754 -11.371729850769043 7.628033638000488
      vertex -9.153098106384277 -11.436017990112305 7.322673320770264
    endloop
  endfacet
  facet normal -0.6936865655386727 0.6892621203526013 -0.20908533721472888
    outer loop
      vertex -9.181260108947754 -11.371729850769043 7.628033638000488
      vertex -9.34999942779541 -11.64097785949707 7.300271511077881
      vertex -9.34999942779541 -11.439054489135742 7.96592378616333
    endloop
  endfacet
  facet normal -0.6936867404862843 -0.5567864345135554 0.4569327876342392
    outer loop
      vertex -9.34999942779541 -4.714934825897217 4.371807098388672
      vertex -9.149081230163574 -4.8964619636535645 4.455632209777832
      vertex -9.142538070678711 -4.881868362426758 4.483348369598389
    endloop
  endfacet
  facet normal -0.6936855348680131 -0.5567814505293045 0.456940690966959
    outer loop
      vertex -9.34999942779541 -4.714934825897217 4.371807098388672
      vertex -9.17261791229248 -4.948954105377197 4.3559393882751465
      vertex -9.149081230163574 -4.8964619636535645 4.455632209777832
    endloop
  endfacet
  facet normal -0.6936850627456419 -0.5567811648701899 0.4569417557735005
    outer loop
      vertex -9.34999942779541 -4.714934825897217 4.371807098388672
      vertex -9.169441223144531 -5.018184661865234 4.276404857635498
      vertex -9.17261791229248 -4.948954105377197 4.3559393882751465
    endloop
  endfacet
  facet normal -0.693687059829035 -0.5567813349540468 0.45693851673123204
    outer loop
      vertex -9.34999942779541 -5.156221866607666 3.834097146987915
      vertex -9.169441223144531 -5.018184661865234 4.276404857635498
      vertex -9.34999942779541 -4.714934825897217 4.371807098388672
    endloop
  endfacet
  facet normal -0.693686054086635 -0.5567826007398674 0.45693850120017654
    outer loop
      vertex -9.169441223144531 -5.018184661865234 4.276404857635498
      vertex -9.34999942779541 -5.156221866607666 3.834097146987915
      vertex -9.15886402130127 -5.248676300048828 4.011606693267822
    endloop
  endfacet
  facet normal -0.6936860016118764 0.5567813889014036 -0.45694005749195565
    outer loop
      vertex -9.34999942779541 -10.643776893615723 9.165902137756348
      vertex -9.155384063720703 -10.475500106811523 9.075499534606934
      vertex -9.158659934997559 -10.546882629394531 8.99349308013916
    endloop
  endfacet
  facet normal -0.6936792924186899 0.5568082431766914 -0.4569175194715041
    outer loop
      vertex -9.34999942779541 -10.643776893615723 9.165902137756348
      vertex -9.158659934997559 -10.546882629394531 8.99349308013916
      vertex -9.15886402130127 -10.551322937011719 8.988391876220703
    endloop
  endfacet
  facet normal -0.6936865250769986 0.5567843777958089 -0.4569356208145003
    outer loop
      vertex -9.155384063720703 -10.475500106811523 9.075499534606934
      vertex -9.34999942779541 -10.643776893615723 9.165902137756348
      vertex -9.34999942779541 -10.608675003051758 9.208674430847168
    endloop
  endfacet
  facet normal -0.6936853496343149 0.6352298027120077 0.3395345835834427
    outer loop
      vertex -9.34999942779541 -11.412970542907715 4.985276699066162
      vertex -9.138273239135742 -11.249754905700684 5.112485885620117
      vertex -9.15571403503418 -11.210307121276855 5.003051280975342
    endloop
  endfacet
  facet normal -0.6936861315041742 0.6352248712939218 0.3395422121745599
    outer loop
      vertex -9.138273239135742 -11.249754905700684 5.112485885620117
      vertex -9.34999942779541 -11.412970542907715 4.985276699066162
      vertex -9.34999942779541 -11.439054489135742 5.0340752601623535
    endloop
  endfacet
  facet normal -0.693686400906494 -0.6352272230157603 0.3395372620745481
    outer loop
      vertex -9.34999942779541 -4.387028217315674 4.985276699066162
      vertex -9.138273239135742 -4.550244331359863 5.112485885620117
      vertex -9.34999942779541 -4.360944747924805 5.0340752601623535
    endloop
  endfacet
  facet normal -0.6936863442151048 -0.6352275805787371 0.33953670894553845
    outer loop
      vertex -9.138273239135742 -4.550244331359863 5.112485885620117
      vertex -9.34999942779541 -4.387028217315674 4.985276699066162
      vertex -9.15571403503418 -4.58969259262085 5.003051280975342
    endloop
  endfacet
  facet normal 0 -0.8660253810100895 -0.5000000394463275
    outer loop
      vertex -9.34999942779541 -9.64301586151123 0.6855335235595703
      vertex -6.5 -13 6.5
      vertex -9.34999942779541 -13 6.5
    endloop
  endfacet
  facet normal 0 -0.8660253976706075 -0.5000000105894661
    outer loop
      vertex -6.5 -9.362692832946777 0.19999980926513672
      vertex -9.34999942779541 -9.64301586151123 0.6855335235595703
      vertex -8.864465713500977 -9.362692832946777 0.19999980926513672
    endloop
  endfacet
  facet normal -6.049671180543526e-9 -0.8660253822940964 -0.5000000372223627
    outer loop
      vertex -9.34999942779541 -9.64301586151123 0.6855335235595703
      vertex -6.5 -9.362692832946777 0.19999980926513672
      vertex -6.5 -13 6.5
    endloop
  endfacet
  facet normal 0 -0.8660253810100895 -0.5000000394463275
    outer loop
      vertex 6.5 -13 6.5
      vertex 9.34999942779541 -9.64301586151123 0.6855335235595703
      vertex 9.34999942779541 -13 6.5
    endloop
  endfacet
  facet normal 6.049671180543526e-9 -0.8660253822940964 -0.5000000372223627
    outer loop
      vertex 6.5 -9.362692832946777 0.19999980926513672
      vertex 9.34999942779541 -9.64301586151123 0.6855335235595703
      vertex 6.5 -13 6.5
    endloop
  endfacet
  facet normal 0 -0.8660253976706075 -0.5000000105894661
    outer loop
      vertex 9.34999942779541 -9.64301586151123 0.6855335235595703
      vertex 6.5 -9.362692832946777 0.19999980926513672
      vertex 8.864465713500977 -9.362692832946777 0.19999980926513672
    endloop
  endfacet
  facet normal 0.2974366919408737 -0.0749100980427015 -0.9517982409620762
    outer loop
      vertex 9.17261791229248 -7.32937479019165 10.102783203125
      vertex 9.158659934997559 -7.791536331176758 10.134795188903809
      vertex 7.899999618530273 -7.391587257385254 9.709986686706543
    endloop
  endfacet
  facet normal 0.29743679341784873 -0.3653628055708194 0.8820665361676111
    outer loop
      vertex 9.18126106262207 -6.24275541305542 3.247474193572998
      vertex 7.899999618530273 -6.424530029296875 3.6042280197143555
      vertex 9.138274192810059 -6.512485027313232 3.1502442359924316
    endloop
  endfacet
  facet normal 0.2974366860298827 -0.365363926198152 0.882066108200872
    outer loop
      vertex 9.15571403503418 -6.61776065826416 3.1007566452026367
      vertex 7.899999618530273 -6.424530029296875 3.6042280197143555
      vertex 9.165184020996094 -6.674922943115234 3.073885917663574
    endloop
  endfacet
  facet normal 0.2974362980825221 -0.3653653026223176 0.8820656688833703
    outer loop
      vertex 7.899999618530273 -6.424530029296875 3.6042280197143555
      vertex 9.15571403503418 -6.61776065826416 3.1007566452026367
      vertex 9.138274192810059 -6.512485027313232 3.1502442359924316
    endloop
  endfacet
  facet normal 0.29743664338684955 -0.9283618244460552 -0.22288060947950544
    outer loop
      vertex 7.899999618530273 -4.690011978149414 7.008411407470703
      vertex 9.14908218383789 -4.330591201782227 7.178235054016113
      vertex 7.899999618530273 -4.809065818786621 7.504304885864258
    endloop
  endfacet
  facet normal 0.29743698608904673 -0.9283603709250412 -0.22288620639730988
    outer loop
      vertex 9.14908218383789 -4.330591201782227 7.178235054016113
      vertex 7.899999618530273 -4.690011978149414 7.008411407470703
      vertex 9.16624927520752 -4.306246757507324 7.099745273590088
    endloop
  endfacet
  facet normal 0.2974369894140744 -0.9283617535183473 -0.22288044313629443
    outer loop
      vertex 9.16624927520752 -4.306246757507324 7.099745273590088
      vertex 7.899999618530273 -4.690011978149414 7.008411407470703
      vertex 9.17261791229248 -4.297214984893799 7.070624351501465
    endloop
  endfacet
  facet normal 0.2974368106662993 -0.07490427938994464 -0.9517986617923633
    outer loop
      vertex 7.899999618530273 -7.899999618530273 9.75
      vertex 9.158659934997559 -7.791536331176758 10.134795188903809
      vertex 9.155384063720703 -7.899999618530273 10.14230728149414
    endloop
  endfacet
  facet normal 0.2974370714786252 -0.07490887950401798 -0.9517982182593493
    outer loop
      vertex 9.158659934997559 -7.791536331176758 10.134795188903809
      vertex 7.899999618530273 -7.899999618530273 9.75
      vertex 7.899999618530273 -7.391587257385254 9.709986686706543
    endloop
  endfacet
  facet normal 0.2974368217695103 -0.8820660023083118 -0.3653640713418413
    outer loop
      vertex 9.138273239135742 -4.550244331359863 7.887513160705566
      vertex 7.899999618530273 -4.809065818786621 7.504304885864258
      vertex 9.181260108947754 -4.428268909454346 7.628033638000488
    endloop
  endfacet
  facet normal 0.2974368756283286 -0.8820658770029645 -0.36536433000971674
    outer loop
      vertex 9.15571403503418 -4.58969259262085 7.996947765350342
      vertex 7.899999618530273 -4.809065818786621 7.504304885864258
      vertex 9.138273239135742 -4.550244331359863 7.887513160705566
    endloop
  endfacet
  facet normal 0.2974372995905168 -0.8820651528481723 -0.3653657331267281
    outer loop
      vertex 7.899999618530273 -4.809065818786621 7.504304885864258
      vertex 9.15571403503418 -4.58969259262085 7.996947765350342
      vertex 9.165184020996094 -4.611111640930176 8.056366920471191
    endloop
  endfacet
  facet normal 0.2974368457069368 -0.8140506039122376 -0.49885161830551283
    outer loop
      vertex 9.142538070678711 -4.881868362426758 8.516650199890137
      vertex 7.899999618530273 -5.004228591918945 7.975468635559082
      vertex 9.181260108947754 -4.647475242614746 8.157243728637695
    endloop
  endfacet
  facet normal 0.2974330217246783 -0.8140584713062325 -0.4988410597397599
    outer loop
      vertex 7.899999618530273 -5.004228591918945 7.975468635559082
      vertex 9.142538070678711 -4.881868362426758 8.516650199890137
      vertex 9.149081230163574 -4.8964619636535645 8.544366836547852
    endloop
  endfacet
  facet normal 0.2974366680615297 0.07491017470933885 -0.951798242390409
    outer loop
      vertex 9.158659934997559 -8.008462905883789 10.134795188903809
      vertex 9.17261791229248 -8.470623970031738 10.102783203125
      vertex 7.899999618530273 -8.408411979675293 9.709986686706543
    endloop
  endfacet
  facet normal 0.29743705509299034 -0.36535842555978665 -0.8820682621714055
    outer loop
      vertex 7.899999618530273 -6.895694732666016 9.590932846069336
      vertex 9.165184020996094 -6.674922943115234 9.92611312866211
      vertex 9.18126106262207 -6.771965980529785 9.97173023223877
    endloop
  endfacet
  facet normal 0.2974372746204769 -0.36536211808349495 -0.8820666586692216
    outer loop
      vertex 9.165184020996094 -6.674922943115234 9.92611312866211
      vertex 7.899999618530273 -6.895694732666016 9.590932846069336
      vertex 7.899999618530273 -6.424530029296875 9.395771026611328
    endloop
  endfacet
  facet normal 0.2974371187206686 -0.8140505415393061 0.4988515573060883
    outer loop
      vertex 7.899999618530273 -5.270694732666016 4.58969783782959
      vertex 9.149081230163574 -4.8964619636535645 4.455632209777832
      vertex 7.899999618530273 -5.004228591918945 5.024530410766602
    endloop
  endfacet
  facet normal 0.2974371082893433 -0.8140504523613937 0.49885170905057924
    outer loop
      vertex 9.149081230163574 -4.8964619636535645 4.455632209777832
      vertex 7.899999618530273 -5.270694732666016 4.58969783782959
      vertex 9.17261791229248 -4.948954105377197 4.3559393882751465
    endloop
  endfacet
  facet normal 0.2974371498330273 -0.7259922833406255 0.6200535028762197
    outer loop
      vertex 7.899999618530273 -5.601902008056641 4.201902389526367
      vertex 9.17261791229248 -4.948954105377197 4.3559393882751465
      vertex 7.899999618530273 -5.270694732666016 4.58969783782959
    endloop
  endfacet
  facet normal 0.2974359577942713 -0.7259905685607295 0.6200560824408331
    outer loop
      vertex 9.17261791229248 -4.948954105377197 4.3559393882751465
      vertex 7.899999618530273 -5.601902008056641 4.201902389526367
      vertex 9.169441223144531 -5.018184661865234 4.276404857635498
    endloop
  endfacet
  facet normal 0.2974373199631473 0.6200521636889313 -0.725993357406123
    outer loop
      vertex 7.899999618530273 -10.19809627532959 8.798096656799316
      vertex 9.158659934997559 -10.393492698669434 9.146883010864258
      vertex 9.155384063720703 -10.475500106811523 9.07550048828125
    endloop
  endfacet
  facet normal 0.29743708104095323 0.6200554308272417 -0.7259906649010586
    outer loop
      vertex 9.158659934997559 -10.393492698669434 9.146883010864258
      vertex 7.899999618530273 -10.19809627532959 8.798096656799316
      vertex 7.899999618530273 -9.810301780700684 9.129304885864258
    endloop
  endfacet
  facet normal 1 0 0
    outer loop
      vertex 7.899999618530273 -4.690011978149414 7.008411407470703
      vertex 7.899999618530273 -4.690011978149414 5.9915876388549805
      vertex 7.899999618530273 -4.649999618530273 6.5
    endloop
  endfacet
  facet normal 1 0 0
    outer loop
      vertex 7.899999618530273 -4.809065818786621 7.504304885864258
      vertex 7.899999618530273 -4.690011978149414 5.9915876388549805
      vertex 7.899999618530273 -4.690011978149414 7.008411407470703
    endloop
  endfacet
  facet normal 1 0 0
    outer loop
      vertex 7.899999618530273 -4.809065818786621 7.504304885864258
      vertex 7.899999618530273 -4.809065818786621 5.495694160461426
      vertex 7.899999618530273 -4.690011978149414 5.9915876388549805
    endloop
  endfacet
  facet normal 1 0 0
    outer loop
      vertex 7.899999618530273 -5.004228591918945 7.975468635559082
      vertex 7.899999618530273 -4.809065818786621 5.495694160461426
      vertex 7.899999618530273 -4.809065818786621 7.504304885864258
    endloop
  endfacet
  facet normal 1 0 0
    outer loop
      vertex 7.899999618530273 -5.004228591918945 7.975468635559082
      vertex 7.899999618530273 -5.004228591918945 5.024530410766602
      vertex 7.899999618530273 -4.809065818786621 5.495694160461426
    endloop
  endfacet
  facet normal 1 0 0
    outer loop
      vertex 7.899999618530273 -5.270694732666016 8.410301208496094
      vertex 7.899999618530273 -5.004228591918945 5.024530410766602
      vertex 7.899999618530273 -5.004228591918945 7.975468635559082
    endloop
  endfacet
  facet normal 1 0 0
    outer loop
      vertex 7.899999618530273 -5.270694732666016 8.410301208496094
      vertex 7.899999618530273 -5.270694732666016 4.58969783782959
      vertex 7.899999618530273 -5.004228591918945 5.024530410766602
    endloop
  endfacet
  facet normal 1 0 0
    outer loop
      vertex 7.899999618530273 -5.601902008056641 8.798096656799316
      vertex 7.899999618530273 -5.270694732666016 4.58969783782959
      vertex 7.899999618530273 -5.270694732666016 8.410301208496094
    endloop
  endfacet
  facet normal 1 0 0
    outer loop
      vertex 7.899999618530273 -5.601902008056641 8.798096656799316
      vertex 7.899999618530273 -5.601902008056641 4.201902389526367
      vertex 7.899999618530273 -5.270694732666016 4.58969783782959
    endloop
  endfacet
  facet normal 1 0 0
    outer loop
      vertex 7.899999618530273 -5.989697456359863 9.129304885864258
      vertex 7.899999618530273 -5.601902008056641 4.201902389526367
      vertex 7.899999618530273 -5.601902008056641 8.798096656799316
    endloop
  endfacet
  facet normal 1 0 0
    outer loop
      vertex 7.899999618530273 -5.989697456359863 9.129304885864258
      vertex 7.899999618530273 -5.989697456359863 3.870694160461426
      vertex 7.899999618530273 -5.601902008056641 4.201902389526367
    endloop
  endfacet
  facet normal 1 0 0
    outer loop
      vertex 7.899999618530273 -6.424530029296875 9.395771026611328
      vertex 7.899999618530273 -5.989697456359863 3.870694160461426
      vertex 7.899999618530273 -5.989697456359863 9.129304885864258
    endloop
  endfacet
  facet normal 1 0 0
    outer loop
      vertex 7.899999618530273 -6.424530029296875 9.395771026611328
      vertex 7.899999618530273 -6.424530029296875 3.6042280197143555
      vertex 7.899999618530273 -5.989697456359863 3.870694160461426
    endloop
  endfacet
  facet normal 1 0 0
    outer loop
      vertex 7.899999618530273 -6.895694732666016 9.590932846069336
      vertex 7.899999618530273 -6.424530029296875 3.6042280197143555
      vertex 7.899999618530273 -6.424530029296875 9.395771026611328
    endloop
  endfacet
  facet normal 1 0 0
    outer loop
      vertex 7.899999618530273 -6.895694732666016 9.590932846069336
      vertex 7.899999618530273 -6.895694732666016 3.4090662002563477
      vertex 7.899999618530273 -6.424530029296875 3.6042280197143555
    endloop
  endfacet
  facet normal 1 0 0
    outer loop
      vertex 7.899999618530273 -7.391587257385254 9.709986686706543
      vertex 7.899999618530273 -6.895694732666016 3.4090662002563477
      vertex 7.899999618530273 -6.895694732666016 9.590932846069336
    endloop
  endfacet
  facet normal 1 0 0
    outer loop
      vertex 7.899999618530273 -7.391587257385254 9.709986686706543
      vertex 7.899999618530273 -7.391587257385254 3.2900123596191406
      vertex 7.899999618530273 -6.895694732666016 3.4090662002563477
    endloop
  endfacet
  facet normal 1 0 0
    outer loop
      vertex 7.899999618530273 -7.899999618530273 9.75
      vertex 7.899999618530273 -7.391587257385254 3.2900123596191406
      vertex 7.899999618530273 -7.391587257385254 9.709986686706543
    endloop
  endfacet
  facet normal 1 0 0
    outer loop
      vertex 7.899999618530273 -7.899999618530273 9.75
      vertex 7.899999618530273 -7.899999618530273 3.25
      vertex 7.899999618530273 -7.391587257385254 3.2900123596191406
    endloop
  endfacet
  facet normal 1 0 0
    outer loop
      vertex 7.899999618530273 -8.408411979675293 9.709986686706543
      vertex 7.899999618530273 -7.899999618530273 3.25
      vertex 7.899999618530273 -7.899999618530273 9.75
    endloop
  endfacet
  facet normal 1 0 0
    outer loop
      vertex 7.899999618530273 -8.408411979675293 9.709986686706543
      vertex 7.899999618530273 -8.408411979675293 3.2900123596191406
      vertex 7.899999618530273 -7.899999618530273 3.25
    endloop
  endfacet
  facet normal 1 0 0
    outer loop
      vertex 7.899999618530273 -8.904304504394531 9.590932846069336
      vertex 7.899999618530273 -8.408411979675293 3.2900123596191406
      vertex 7.899999618530273 -8.408411979675293 9.709986686706543
    endloop
  endfacet
  facet normal 1 0 0
    outer loop
      vertex 7.899999618530273 -8.904304504394531 9.590932846069336
      vertex 7.899999618530273 -8.904304504394531 3.4090662002563477
      vertex 7.899999618530273 -8.408411979675293 3.2900123596191406
    endloop
  endfacet
  facet normal 1 0 0
    outer loop
      vertex 7.899999618530273 -9.375468254089355 9.395771026611328
      vertex 7.899999618530273 -8.904304504394531 3.4090662002563477
      vertex 7.899999618530273 -8.904304504394531 9.590932846069336
    endloop
  endfacet
  facet normal 1 0 0
    outer loop
      vertex 7.899999618530273 -9.375468254089355 9.395771026611328
      vertex 7.899999618530273 -9.375468254089355 3.6042280197143555
      vertex 7.899999618530273 -8.904304504394531 3.4090662002563477
    endloop
  endfacet
  facet normal 1 0 0
    outer loop
      vertex 7.899999618530273 -9.810301780700684 9.129304885864258
      vertex 7.899999618530273 -9.375468254089355 3.6042280197143555
      vertex 7.899999618530273 -9.375468254089355 9.395771026611328
    endloop
  endfacet
  facet normal 1 0 0
    outer loop
      vertex 7.899999618530273 -9.810301780700684 9.129304885864258
      vertex 7.899999618530273 -9.810301780700684 3.870694160461426
      vertex 7.899999618530273 -9.375468254089355 3.6042280197143555
    endloop
  endfacet
  facet normal 1 0 0
    outer loop
      vertex 7.899999618530273 -10.19809627532959 8.798096656799316
      vertex 7.899999618530273 -9.810301780700684 3.870694160461426
      vertex 7.899999618530273 -9.810301780700684 9.129304885864258
    endloop
  endfacet
  facet normal 1 0 0
    outer loop
      vertex 7.899999618530273 -10.19809627532959 8.798096656799316
      vertex 7.899999618530273 -10.19809627532959 4.201902389526367
      vertex 7.899999618530273 -9.810301780700684 3.870694160461426
    endloop
  endfacet
  facet normal 1 0 0
    outer loop
      vertex 7.899999618530273 -10.529304504394531 8.410301208496094
      vertex 7.899999618530273 -10.19809627532959 4.201902389526367
      vertex 7.899999618530273 -10.19809627532959 8.798096656799316
    endloop
  endfacet
  facet normal 1 0 0
    outer loop
      vertex 7.899999618530273 -10.529304504394531 8.410301208496094
      vertex 7.899999618530273 -10.529304504394531 4.58969783782959
      vertex 7.899999618530273 -10.19809627532959 4.201902389526367
    endloop
  endfacet
  facet normal 1 0 0
    outer loop
      vertex 7.899999618530273 -10.795770645141602 7.975468635559082
      vertex 7.899999618530273 -10.529304504394531 4.58969783782959
      vertex 7.899999618530273 -10.529304504394531 8.410301208496094
    endloop
  endfacet
  facet normal 1 0 0
    outer loop
      vertex 7.899999618530273 -10.795770645141602 7.975468635559082
      vertex 7.899999618530273 -10.795770645141602 5.024530410766602
      vertex 7.899999618530273 -10.529304504394531 4.58969783782959
    endloop
  endfacet
  facet normal 1 0 0
    outer loop
      vertex 7.899999618530273 -10.990933418273926 7.504304885864258
      vertex 7.899999618530273 -10.795770645141602 5.024530410766602
      vertex 7.899999618530273 -10.795770645141602 7.975468635559082
    endloop
  endfacet
  facet normal 1 0 0
    outer loop
      vertex 7.899999618530273 -10.990933418273926 7.504304885864258
      vertex 7.899999618530273 -10.990933418273926 5.495694160461426
      vertex 7.899999618530273 -10.795770645141602 5.024530410766602
    endloop
  endfacet
  facet normal 1 0 0
    outer loop
      vertex 7.899999618530273 -11.109986305236816 7.008411407470703
      vertex 7.899999618530273 -10.990933418273926 5.495694160461426
      vertex 7.899999618530273 -10.990933418273926 7.504304885864258
    endloop
  endfacet
  facet normal 1 0 0
    outer loop
      vertex 7.899999618530273 -11.109986305236816 7.008411407470703
      vertex 7.899999618530273 -11.109986305236816 5.9915876388549805
      vertex 7.899999618530273 -10.990933418273926 5.495694160461426
    endloop
  endfacet
  facet normal 1 0 0
    outer loop
      vertex 7.899999618530273 -11.109986305236816 5.9915876388549805
      vertex 7.899999618530273 -11.109986305236816 7.008411407470703
      vertex 7.899999618530273 -11.149999618530273 6.5
    endloop
  endfacet
  facet normal 0.2974366508846394 -0.7259923650640283 -0.6200536465333202
    outer loop
      vertex 7.899999618530273 -5.601902008056641 8.798096656799316
      vertex 9.15886402130127 -5.248676300048828 8.988391876220703
      vertex 9.15538501739502 -5.324499130249023 9.07550048828125
    endloop
  endfacet
  facet normal 0.29743653780175616 -0.7259911943791071 -0.6200550714771245
    outer loop
      vertex 9.15886402130127 -5.248676300048828 8.988391876220703
      vertex 7.899999618530273 -5.601902008056641 8.798096656799316
      vertex 9.169441223144531 -5.018184661865234 8.723594665527344
    endloop
  endfacet
  facet normal 0.3498275403748898 0.6996550807497796 0.6229795020514514
    outer loop
      vertex 9.15538501739502 -5.324499130249023 9.07550048828125
      vertex 9.15886402130127 -5.248676300048828 8.988391876220703
      vertex 9.155384063720703 -5.324498653411865 9.07550048828125
    endloop
  endfacet
  facet normal 0.2974367692642465 -0.6200551543885476 -0.7259910287364727
    outer loop
      vertex 9.15538501739502 -5.324499130249023 9.07550048828125
      vertex 9.169441223144531 -5.6764044761657715 9.381814956665039
      vertex 7.899999618530273 -5.601902008056641 8.798096656799316
    endloop
  endfacet
  facet normal 0.2974366876819254 0.7259923224815585 -0.6200536787397017
    outer loop
      vertex 7.899999618530273 -10.529304504394531 8.410301208496094
      vertex 9.15886402130127 -10.551322937011719 8.988391876220703
      vertex 9.17261791229248 -10.851044654846191 8.644059181213379
    endloop
  endfacet
  facet normal 0.2974324608632531 0.7260022378942069 -0.6200440966555789
    outer loop
      vertex 9.15886402130127 -10.551322937011719 8.988391876220703
      vertex 7.899999618530273 -10.529304504394531 8.410301208496094
      vertex 9.158659934997559 -10.546882629394531 8.99349308013916
    endloop
  endfacet
  facet normal 0.29743653238409373 -0.498849467636998 -0.8140520363229918
    outer loop
      vertex 7.899999618530273 -6.424530029296875 9.395771026611328
      vertex 9.15310001373291 -5.9813737869262695 9.582060813903809
      vertex 9.18126106262207 -6.24275541305542 9.752524375915527
    endloop
  endfacet
  facet normal 0.29743715036150836 -0.49885194926791687 -0.8140502897833924
    outer loop
      vertex 9.15310001373291 -5.9813737869262695 9.582060813903809
      vertex 7.899999618530273 -6.424530029296875 9.395771026611328
      vertex 9.142538070678711 -5.883347988128662 9.518131256103516
    endloop
  endfacet
  facet normal 0.29743992624883625 -0.4988596139244189 -0.8140445785509948
    outer loop
      vertex 9.14908218383789 -5.855631351470947 9.50353717803955
      vertex 9.142538070678711 -5.883347988128662 9.518131256103516
      vertex 7.899999618530273 -6.424530029296875 9.395771026611328
    endloop
  endfacet
  facet normal 0.297436794315836 -0.9283619381643182 -0.22287993439273432
    outer loop
      vertex 7.899999618530273 -4.809065818786621 7.504304885864258
      vertex 9.153099060058594 -4.363980770111084 7.3226728439331055
      vertex 9.181260108947754 -4.428268909454346 7.628033638000488
    endloop
  endfacet
  facet normal 0.2974364393838841 -0.9283616396265438 -0.22288165154752443
    outer loop
      vertex 7.899999618530273 -4.809065818786621 7.504304885864258
      vertex 9.142538070678711 -4.339870452880859 7.208153247833252
      vertex 9.153099060058594 -4.363980770111084 7.3226728439331055
    endloop
  endfacet
  facet normal 0.2974381731952076 -0.928362502393123 -0.22287574402943985
    outer loop
      vertex 9.142538070678711 -4.339870452880859 7.208153247833252
      vertex 7.899999618530273 -4.809065818786621 7.504304885864258
      vertex 9.14908218383789 -4.330591201782227 7.178235054016113
    endloop
  endfacet
  facet normal 0.29743685640490064 -0.49884214116063047 0.8140564075383524
    outer loop
      vertex 7.899999618530273 -5.989697456359863 3.870694160461426
      vertex 9.16624927520752 -5.78291654586792 3.5347490310668945
      vertex 9.17261791229248 -5.75593900680542 3.5489535331726074
    endloop
  endfacet
  facet normal 0.2974368633997564 -0.49885275351864994 0.8140499017859875
    outer loop
      vertex 9.16624927520752 -5.78291654586792 3.5347490310668945
      vertex 7.899999618530273 -5.989697456359863 3.870694160461426
      vertex 9.14908218383789 -5.855631351470947 3.4964616298675537
    endloop
  endfacet
  facet normal 0.29743694367156726 -0.49885158580017386 0.8140505880373583
    outer loop
      vertex 9.14908218383789 -5.855631351470947 3.4964616298675537
      vertex 7.899999618530273 -5.989697456359863 3.870694160461426
      vertex 7.899999618530273 -6.424530029296875 3.6042280197143555
    endloop
  endfacet
  facet normal 0.29743697101656635 -0.07490710757720895 0.9517983891071191
    outer loop
      vertex 7.899999618530273 -7.899999618530273 3.25
      vertex 9.158659934997559 -7.791536331176758 2.8652048110961914
      vertex 7.899999618530273 -7.391587257385254 3.2900123596191406
    endloop
  endfacet
  facet normal 0.2974369287020644 -0.0749063612486246 0.9517984610666135
    outer loop
      vertex 9.158659934997559 -7.791536331176758 2.8652048110961914
      vertex 7.899999618530273 -7.899999618530273 3.25
      vertex 9.155384063720703 -7.899999618530273 2.8576924800872803
    endloop
  endfacet
  facet normal 0.2974369029892111 0.8140504860586536 -0.498851776470583
    outer loop
      vertex 9.142538070678711 -10.918130874633789 8.516650199890137
      vertex 7.899999618530273 -10.795770645141602 7.975468635559082
      vertex 9.149081230163574 -10.903536796569824 8.544366836547852
    endloop
  endfacet
  facet normal 0.2974368457069368 0.8140506039122376 -0.49885161830551283
    outer loop
      vertex 7.899999618530273 -10.795770645141602 7.975468635559082
      vertex 9.142538070678711 -10.918130874633789 8.516650199890137
      vertex 9.181260108947754 -11.1525239944458 8.157243728637695
    endloop
  endfacet
  facet normal 0.29743676410366293 -0.22287315491036833 -0.928363575427128
    outer loop
      vertex 7.899999618530273 -7.391587257385254 9.709986686706543
      vertex 9.16624927520752 -7.300254821777344 10.093751907348633
      vertex 9.17261791229248 -7.32937479019165 10.102783203125
    endloop
  endfacet
  facet normal 0.29743675920484974 -0.2228816583582415 -0.9283615355243862
    outer loop
      vertex 9.16624927520752 -7.300254821777344 10.093751907348633
      vertex 7.899999618530273 -7.391587257385254 9.709986686706543
      vertex 9.142538070678711 -7.191845893859863 10.060128211975098
    endloop
  endfacet
  facet normal 0.2974365721636323 -0.22287946792476301 -0.9283621213282686
    outer loop
      vertex 9.171795845031738 -6.874601364135742 9.993338584899902
      vertex 9.142538070678711 -7.191845893859863 10.060128211975098
      vertex 7.899999618530273 -7.391587257385254 9.709986686706543
    endloop
  endfacet
  facet normal 0.29743720639376947 0.6200554054649617 0.7259906352056837
    outer loop
      vertex 7.899999618530273 -10.19809627532959 4.201902389526367
      vertex 9.158659934997559 -10.393492698669434 3.8531157970428467
      vertex 7.899999618530273 -9.810301780700684 3.870694160461426
    endloop
  endfacet
  facet normal 0.29743726549002286 0.6200545973634003 0.7259913011781403
    outer loop
      vertex 9.158659934997559 -10.393492698669434 3.8531157970428467
      vertex 7.899999618530273 -10.19809627532959 4.201902389526367
      vertex 9.155384063720703 -10.475500106811523 3.9244987964630127
    endloop
  endfacet
  facet normal 0.2974370714786252 0.07490887950401798 -0.9517982182593493
    outer loop
      vertex 7.899999618530273 -7.899999618530273 9.75
      vertex 9.158659934997559 -8.008462905883789 10.134795188903809
      vertex 7.899999618530273 -8.408411979675293 9.709986686706543
    endloop
  endfacet
  facet normal 0.2974368106662993 0.07490427938994464 -0.9517986617923633
    outer loop
      vertex 9.158659934997559 -8.008462905883789 10.134795188903809
      vertex 7.899999618530273 -7.899999618530273 9.75
      vertex 9.155384063720703 -7.899999618530273 10.14230728149414
    endloop
  endfacet
  facet normal 0.29743697362080035 0.2228828004379204 -0.9283611926358455
    outer loop
      vertex 7.899999618530273 -8.904304504394531 9.590932846069336
      vertex 9.171795845031738 -8.925397872924805 9.993338584899902
      vertex 9.18126106262207 -9.028033256530762 9.97173023223877
    endloop
  endfacet
  facet normal 0.2974370715705926 0.22288098361191308 -0.9283615974391101
    outer loop
      vertex 9.171795845031738 -8.925397872924805 9.993338584899902
      vertex 7.899999618530273 -8.904304504394531 9.590932846069336
      vertex 7.899999618530273 -8.408411979675293 9.709986686706543
    endloop
  endfacet
  facet normal 0.29743697885182363 -0.9517983756656392 -0.07490724725786312
    outer loop
      vertex 9.158659934997559 -4.265204429626465 6.608463287353516
      vertex 9.17261791229248 -4.297214984893799 7.070624351501465
      vertex 7.899999618530273 -4.690011978149414 7.008411407470703
    endloop
  endfacet
  facet normal 0.29743684151723704 -0.8820661527976711 -0.3653636919522322
    outer loop
      vertex 7.899999618530273 -5.004228591918945 7.975468635559082
      vertex 9.165184020996094 -4.611111640930176 8.056366920471191
      vertex 9.181260108947754 -4.647475242614746 8.157243728637695
    endloop
  endfacet
  facet normal 0.29743680415524615 -0.8820659013945716 -0.36536432930828866
    outer loop
      vertex 9.165184020996094 -4.611111640930176 8.056366920471191
      vertex 7.899999618530273 -5.004228591918945 7.975468635559082
      vertex 7.899999618530273 -4.809065818786621 7.504304885864258
    endloop
  endfacet
  facet normal 0.29743705401662895 0.49885178145865644 -0.8140504278196982
    outer loop
      vertex 9.14908218383789 -9.944367408752441 9.50353717803955
      vertex 7.899999618530273 -9.375468254089355 9.395771026611328
      vertex 9.142539024353027 -9.916650772094727 9.518131256103516
    endloop
  endfacet
  facet normal 0.29743668490765857 0.49885008012995036 -0.8140516052594481
    outer loop
      vertex 9.15310001373291 -9.818624496459961 9.582060813903809
      vertex 7.899999618530273 -9.375468254089355 9.395771026611328
      vertex 9.18126106262207 -9.557243347167969 9.752524375915527
    endloop
  endfacet
  facet normal 0.29743722864483724 0.49885226363316537 -0.8140500685364173
    outer loop
      vertex 7.899999618530273 -9.375468254089355 9.395771026611328
      vertex 9.15310001373291 -9.818624496459961 9.582060813903809
      vertex 9.142539024353027 -9.916650772094727 9.518131256103516
    endloop
  endfacet
  facet normal 0.2974369789230414 -0.9517983756613787 -0.07490724702921135
    outer loop
      vertex 7.899999618530273 -4.649999618530273 6.5
      vertex 9.158659934997559 -4.265204429626465 6.608463287353516
      vertex 7.899999618530273 -4.690011978149414 7.008411407470703
    endloop
  endfacet
  facet normal 0.2974370467364745 -0.9517982603367717 -0.07490844310609775
    outer loop
      vertex 9.158659934997559 -4.265204429626465 6.608463287353516
      vertex 7.899999618530273 -4.649999618530273 6.5
      vertex 9.155384063720703 -4.257691860198975 6.5
    endloop
  endfacet
  facet normal 0.29743682537838845 0.4988508096657947 0.8140511068751194
    outer loop
      vertex 7.899999618530273 -9.810301780700684 3.870694160461426
      vertex 9.14908218383789 -9.944367408752441 3.4964616298675537
      vertex 7.899999618530273 -9.375468254089355 3.6042280197143555
    endloop
  endfacet
  facet normal 0.2974371073603899 0.498846707586885 0.8140535175864108
    outer loop
      vertex 9.14908218383789 -9.944367408752441 3.4964616298675537
      vertex 7.899999618530273 -9.810301780700684 3.870694160461426
      vertex 9.16624927520752 -10.017082214355469 3.5347483158111572
    endloop
  endfacet
  facet normal 0.29743710797772394 0.49884764498832823 0.8140529429265928
    outer loop
      vertex 9.16624927520752 -10.017082214355469 3.5347483158111572
      vertex 7.899999618530273 -9.810301780700684 3.870694160461426
      vertex 9.172618865966797 -10.044060707092285 3.5489532947540283
    endloop
  endfacet
  facet normal 0.29743380118128065 0.928360680144921 0.22288916859218116
    outer loop
      vertex 9.142537117004395 -11.460127830505371 5.791845798492432
      vertex 7.899999618530273 -10.990933418273926 5.495694160461426
      vertex 9.149080276489258 -11.469407081604004 5.821763515472412
    endloop
  endfacet
  facet normal 0.2974373403433544 0.9283624413233015 0.2228771098828035
    outer loop
      vertex 9.153098106384277 -11.436017990112305 5.67732572555542
      vertex 7.899999618530273 -10.990933418273926 5.495694160461426
      vertex 9.142537117004395 -11.460127830505371 5.791845798492432
    endloop
  endfacet
  facet normal 0.29743650668199545 0.9283617401237982 0.22288114313939755
    outer loop
      vertex 7.899999618530273 -10.990933418273926 5.495694160461426
      vertex 9.153098106384277 -11.436017990112305 5.67732572555542
      vertex 9.181260108947754 -11.371729850769043 5.371965408325195
    endloop
  endfacet
  facet normal 0.2974370715705926 -0.22288098361191308 -0.9283615974391101
    outer loop
      vertex 7.899999618530273 -6.895694732666016 9.590932846069336
      vertex 9.171795845031738 -6.874601364135742 9.993338584899902
      vertex 7.899999618530273 -7.391587257385254 9.709986686706543
    endloop
  endfacet
  facet normal 0.29743697362080035 -0.2228828004379204 -0.9283611926358455
    outer loop
      vertex 9.171795845031738 -6.874601364135742 9.993338584899902
      vertex 7.899999618530273 -6.895694732666016 9.590932846069336
      vertex 9.18126106262207 -6.771965980529785 9.97173023223877
    endloop
  endfacet
  facet normal 0.2974373186753107 -0.3653616815866674 -0.8820668246155755
    outer loop
      vertex 9.15571403503418 -6.61776065826416 9.899242401123047
      vertex 7.899999618530273 -6.424530029296875 9.395771026611328
      vertex 9.138274192810059 -6.512485027313232 9.84975528717041
    endloop
  endfacet
  facet normal 0.2974366860298827 -0.365363926198152 -0.882066108200872
    outer loop
      vertex 7.899999618530273 -6.424530029296875 9.395771026611328
      vertex 9.15571403503418 -6.61776065826416 9.899242401123047
      vertex 9.165184020996094 -6.674922943115234 9.92611312866211
    endloop
  endfacet
  facet normal 0.297436558966218 -0.36536551138327644 -0.8820654944401649
    outer loop
      vertex 9.18126106262207 -6.24275541305542 9.752524375915527
      vertex 9.138274192810059 -6.512485027313232 9.84975528717041
      vertex 7.899999618530273 -6.424530029296875 9.395771026611328
    endloop
  endfacet
  facet normal 0.2974367358767132 -0.22287947178532014 0.9283620679496243
    outer loop
      vertex 9.171795845031738 -6.874601364135742 3.006660223007202
      vertex 7.899999618530273 -7.391587257385254 3.2900123596191406
      vertex 9.142538070678711 -7.191845893859863 2.939870595932007
    endloop
  endfacet
  facet normal 0.29743689338153884 -0.22288131631918337 0.9283615746525528
    outer loop
      vertex 9.17261791229248 -7.32937479019165 2.8972153663635254
      vertex 9.142538070678711 -7.191845893859863 2.939870595932007
      vertex 7.899999618530273 -7.391587257385254 3.2900123596191406
    endloop
  endfacet
  facet normal 0.2974373321942998 0.620055990380112 -0.7259900840995532
    outer loop
      vertex 9.172618865966797 -10.044060707092285 9.451045989990234
      vertex 9.158659934997559 -10.393492698669434 9.146883010864258
      vertex 7.899999618530273 -9.810301780700684 9.129304885864258
    endloop
  endfacet
  facet normal 0.2974367692642465 -0.6200551543885476 0.7259910287364727
    outer loop
      vertex 9.169441223144531 -5.6764044761657715 3.6181840896606445
      vertex 9.15538501739502 -5.324499130249023 3.9244985580444336
      vertex 7.899999618530273 -5.601902008056641 4.201902389526367
    endloop
  endfacet
  facet normal 0.2974370448390378 0.9283635054339952 0.22287307180483845
    outer loop
      vertex 9.166248321533203 -11.493751525878906 5.900254726409912
      vertex 7.899999618530273 -11.109986305236816 5.9915876388549805
      vertex 9.172616958618164 -11.502782821655273 5.929374694824219
    endloop
  endfacet
  facet normal 0.2974370414018779 0.9283620722901132 0.2228790459762966
    outer loop
      vertex 9.149080276489258 -11.469407081604004 5.821763515472412
      vertex 7.899999618530273 -11.109986305236816 5.9915876388549805
      vertex 9.166248321533203 -11.493751525878906 5.900254726409912
    endloop
  endfacet
  facet normal 0.2974370320432006 0.9283621119817396 0.22287889313736328
    outer loop
      vertex 7.899999618530273 -11.109986305236816 5.9915876388549805
      vertex 9.149080276489258 -11.469407081604004 5.821763515472412
      vertex 7.899999618530273 -10.990933418273926 5.495694160461426
    endloop
  endfacet
  facet normal 0.29743646014240577 -0.6200559681769975 0.725990460340934
    outer loop
      vertex 7.899999618530273 -5.601902008056641 4.201902389526367
      vertex 9.17261791229248 -5.75593900680542 3.5489535331726074
      vertex 9.169441223144531 -5.6764044761657715 3.6181840896606445
    endloop
  endfacet
  facet normal 0.29743711949195684 -0.6200545413510783 0.7259914088322474
    outer loop
      vertex 9.17261791229248 -5.75593900680542 3.5489535331726074
      vertex 7.899999618530273 -5.601902008056641 4.201902389526367
      vertex 7.899999618530273 -5.989697456359863 3.870694160461426
    endloop
  endfacet
  facet normal 0.29743650668199545 0.9283617401237982 -0.22288114313939755
    outer loop
      vertex 9.153098106384277 -11.436017990112305 7.322673320770264
      vertex 7.899999618530273 -10.990933418273926 7.504304885864258
      vertex 9.181260108947754 -11.371729850769043 7.628033638000488
    endloop
  endfacet
  facet normal 0.2974373403433544 0.9283624413233015 -0.2228771098828035
    outer loop
      vertex 9.142537117004395 -11.460127830505371 7.208153247833252
      vertex 7.899999618530273 -10.990933418273926 7.504304885864258
      vertex 9.153098106384277 -11.436017990112305 7.322673320770264
    endloop
  endfacet
  facet normal 0.29743380118128065 0.928360680144921 -0.22288916859218116
    outer loop
      vertex 7.899999618530273 -10.990933418273926 7.504304885864258
      vertex 9.142537117004395 -11.460127830505371 7.208153247833252
      vertex 9.149080276489258 -11.469407081604004 7.1782355308532715
    endloop
  endfacet
  facet normal 0.2974366397019798 0.36536371552729335 -0.8820662110855884
    outer loop
      vertex 9.18126106262207 -9.557243347167969 9.752524375915527
      vertex 7.899999618530273 -9.375468254089355 9.395771026611328
      vertex 9.138273239135742 -9.287513732910156 9.849754333496094
    endloop
  endfacet
  facet normal 0.2974360840240722 0.3653665167719726 -0.8820652381441753
    outer loop
      vertex 9.165184020996094 -9.125076293945312 9.92611312866211
      vertex 9.138273239135742 -9.287513732910156 9.849754333496094
      vertex 7.899999618530273 -9.375468254089355 9.395771026611328
    endloop
  endfacet
  facet normal 0.29743680415524615 -0.8820659013945716 0.36536432930828866
    outer loop
      vertex 7.899999618530273 -5.004228591918945 5.024530410766602
      vertex 9.165184020996094 -4.611111640930176 4.943632125854492
      vertex 7.899999618530273 -4.809065818786621 5.495694160461426
    endloop
  endfacet
  facet normal 0.29743684151723704 -0.8820661527976711 0.3653636919522322
    outer loop
      vertex 9.165184020996094 -4.611111640930176 4.943632125854492
      vertex 7.899999618530273 -5.004228591918945 5.024530410766602
      vertex 9.181260108947754 -4.647475242614746 4.842755317687988
    endloop
  endfacet
  facet normal 0.2974369287020644 0.0749063612486246 0.9517984610666135
    outer loop
      vertex 7.899999618530273 -7.899999618530273 3.25
      vertex 9.158659934997559 -8.008462905883789 2.8652048110961914
      vertex 9.155384063720703 -7.899999618530273 2.8576924800872803
    endloop
  endfacet
  facet normal 0.29743697101656635 0.07490710757720895 0.9517983891071191
    outer loop
      vertex 9.158659934997559 -8.008462905883789 2.8652048110961914
      vertex 7.899999618530273 -7.899999618530273 3.25
      vertex 7.899999618530273 -8.408411979675293 3.2900123596191406
    endloop
  endfacet
  facet normal 0.21576625196720836 0.9764450442866834 0
    outer loop
      vertex 9.155384063720703 -10.475500106811523 9.075499534606934
      vertex 7.899999618530273 -10.19809627532959 8.798096656799316
      vertex 9.155384063720703 -10.475500106811523 9.07550048828125
    endloop
  endfacet
  facet normal 0.29743701238854625 0.7259898912397089 -0.6200563695980643
    outer loop
      vertex 9.158659934997559 -10.546882629394531 8.99349308013916
      vertex 7.899999618530273 -10.19809627532959 8.798096656799316
      vertex 9.155384063720703 -10.475500106811523 9.075499534606934
    endloop
  endfacet
  facet normal 0.2974371464873924 0.7259914024371745 -0.6200545358891763
    outer loop
      vertex 7.899999618530273 -10.19809627532959 8.798096656799316
      vertex 9.158659934997559 -10.546882629394531 8.99349308013916
      vertex 7.899999618530273 -10.529304504394531 8.410301208496094
    endloop
  endfacet
  facet normal 0.2974369845598145 -0.8140493945956717 -0.4988535089326176
    outer loop
      vertex 7.899999618530273 -5.270694732666016 8.410301208496094
      vertex 9.149081230163574 -4.8964619636535645 8.544366836547852
      vertex 9.17261791229248 -4.948954105377197 8.644059181213379
    endloop
  endfacet
  facet normal 0.2974371187206686 -0.8140505415393061 -0.4988515573060883
    outer loop
      vertex 9.149081230163574 -4.8964619636535645 8.544366836547852
      vertex 7.899999618530273 -5.270694732666016 8.410301208496094
      vertex 7.899999618530273 -5.004228591918945 7.975468635559082
    endloop
  endfacet
  facet normal 0.29743722483862933 0.6200554465588937 0.7259905925512711
    outer loop
      vertex 9.158659934997559 -10.393492698669434 3.8531157970428467
      vertex 9.172618865966797 -10.044060707092285 3.5489532947540283
      vertex 7.899999618530273 -9.810301780700684 3.870694160461426
    endloop
  endfacet
  facet normal 0.2974372302100551 0.22288097207451346 0.9283615493826156
    outer loop
      vertex 7.899999618530273 -8.904304504394531 3.4090662002563477
      vertex 9.171795845031738 -8.925397872924805 3.006660223007202
      vertex 7.899999618530273 -8.408411979675293 3.2900123596191406
    endloop
  endfacet
  facet normal 0.29743724196851484 0.22288075397100865 0.9283615979775756
    outer loop
      vertex 9.171795845031738 -8.925397872924805 3.006660223007202
      vertex 7.899999618530273 -8.904304504394531 3.4090662002563477
      vertex 9.18126106262207 -9.028033256530762 3.028268337249756
    endloop
  endfacet
  facet normal 0.297436244193155 0.2228784725439285 -0.9283624653747884
    outer loop
      vertex 7.899999618530273 -8.408411979675293 9.709986686706543
      vertex 9.15310001373291 -8.722672462463379 10.036018371582031
      vertex 9.171795845031738 -8.925397872924805 9.993338584899902
    endloop
  endfacet
  facet normal 0.29743672175792224 0.2228812198171669 -0.9283616528070902
    outer loop
      vertex 9.15310001373291 -8.722672462463379 10.036018371582031
      vertex 7.899999618530273 -8.408411979675293 9.709986686706543
      vertex 9.142538070678711 -8.608153343200684 10.060128211975098
    endloop
  endfacet
  facet normal 0.29743675920484974 0.2228816583582415 -0.9283615355243862
    outer loop
      vertex 7.899999618530273 -8.408411979675293 9.709986686706543
      vertex 9.16624927520752 -8.499744415283203 10.093751907348633
      vertex 9.142538070678711 -8.608153343200684 10.060128211975098
    endloop
  endfacet
  facet normal 0.2974367660543956 0.2228697577517106 -0.9283643903547769
    outer loop
      vertex 9.16624927520752 -8.499744415283203 10.093751907348633
      vertex 7.899999618530273 -8.408411979675293 9.709986686706543
      vertex 9.17261791229248 -8.470623970031738 10.102783203125
    endloop
  endfacet
  facet normal 0.29743724771133384 0.49884764960679984 -0.8140528890408031
    outer loop
      vertex 7.899999618530273 -9.810301780700684 9.129304885864258
      vertex 9.16624927520752 -10.017082214355469 9.465250968933105
      vertex 9.172618865966797 -10.044060707092285 9.451045989990234
    endloop
  endfacet
  facet normal 0.2974372444324482 0.4988426760774101 -0.8140559379725449
    outer loop
      vertex 7.899999618530273 -9.810301780700684 9.129304885864258
      vertex 9.14908218383789 -9.944367408752441 9.50353717803955
      vertex 9.16624927520752 -10.017082214355469 9.465250968933105
    endloop
  endfacet
  facet normal 0.29743668374284515 0.4988508327208387 -0.8140511444975582
    outer loop
      vertex 9.14908218383789 -9.944367408752441 9.50353717803955
      vertex 7.899999618530273 -9.810301780700684 9.129304885864258
      vertex 7.899999618530273 -9.375468254089355 9.395771026611328
    endloop
  endfacet
  facet normal 0.29743697540275915 -0.951798388844718 0.07490709349492411
    outer loop
      vertex 9.17261791229248 -4.297214984893799 5.929374694824219
      vertex 9.158659934997559 -4.265204429626465 6.391536712646484
      vertex 7.899999618530273 -4.690011978149414 5.9915876388549805
    endloop
  endfacet
  facet normal 0.29743675790483615 0.22288390833704613 0.9283609957615965
    outer loop
      vertex 7.899999618530273 -8.408411979675293 3.2900123596191406
      vertex 9.16624927520752 -8.499744415283203 2.906247138977051
      vertex 9.17261791229248 -8.470623970031738 2.8972153663635254
    endloop
  endfacet
  facet normal 0.29743676139744785 0.22287785728893866 0.9283624473769333
    outer loop
      vertex 9.16624927520752 -8.499744415283203 2.906247138977051
      vertex 7.899999618530273 -8.408411979675293 3.2900123596191406
      vertex 9.142538070678711 -8.608153343200684 2.9398703575134277
    endloop
  endfacet
  facet normal 0.29743720659829676 0.22288307102615973 0.9283610530289118
    outer loop
      vertex 7.899999618530273 -8.408411979675293 3.2900123596191406
      vertex 9.15310001373291 -8.722672462463379 2.9639804363250732
      vertex 9.142538070678711 -8.608153343200684 2.9398703575134277
    endloop
  endfacet
  facet normal 0.29743640790621 0.22287847640417258 0.9283624119963094
    outer loop
      vertex 9.15310001373291 -8.722672462463379 2.9639804363250732
      vertex 7.899999618530273 -8.408411979675293 3.2900123596191406
      vertex 9.171795845031738 -8.925397872924805 3.006660223007202
    endloop
  endfacet
  facet normal 0.2974368581291049 0.8140508910269435 0.4988511423706736
    outer loop
      vertex 9.142538070678711 -10.918130874633789 4.483348369598389
      vertex 7.899999618530273 -10.795770645141602 5.024530410766602
      vertex 9.181260108947754 -11.1525239944458 4.842755317687988
    endloop
  endfacet
  facet normal 0.2974394684454587 0.814045520465481 0.4988583498559156
    outer loop
      vertex 7.899999618530273 -10.795770645141602 5.024530410766602
      vertex 9.142538070678711 -10.918130874633789 4.483348369598389
      vertex 9.149081230163574 -10.903536796569824 4.455632209777832
    endloop
  endfacet
  facet normal 0.29743656497815524 0.49884959852580696 0.8140519442054276
    outer loop
      vertex 9.15310001373291 -9.818624496459961 3.417938232421875
      vertex 7.899999618530273 -9.375468254089355 3.6042280197143555
      vertex 9.142539024353027 -9.916650772094727 3.4818673133850098
    endloop
  endfacet
  facet normal 0.2974369338039037 0.4988510796301211 0.8140509018244466
    outer loop
      vertex 7.899999618530273 -9.375468254089355 3.6042280197143555
      vertex 9.15310001373291 -9.818624496459961 3.417938232421875
      vertex 9.18126106262207 -9.557243347167969 3.247474193572998
    endloop
  endfacet
  facet normal 0.29743929979955464 0.4988571497870479 0.8140463175035518
    outer loop
      vertex 9.14908218383789 -9.944367408752441 3.4964616298675537
      vertex 9.142539024353027 -9.916650772094727 3.4818673133850098
      vertex 7.899999618530273 -9.375468254089355 3.6042280197143555
    endloop
  endfacet
  facet normal 0.29744007884941054 -0.49885961896800474 0.8140445197021804
    outer loop
      vertex 9.14908218383789 -5.855631351470947 3.4964616298675537
      vertex 7.899999618530273 -6.424530029296875 3.6042280197143555
      vertex 9.142538070678711 -5.883347988128662 3.481867551803589
    endloop
  endfacet
  facet normal 0.2974363483084655 -0.49884931836754837 0.8140521950521095
    outer loop
      vertex 7.899999618530273 -6.424530029296875 3.6042280197143555
      vertex 9.15310001373291 -5.9813737869262695 3.417938470840454
      vertex 9.142538070678711 -5.883347988128662 3.481867551803589
    endloop
  endfacet
  facet normal 0.2974367673436325 -0.4988510010980167 0.8140510107700109
    outer loop
      vertex 9.15310001373291 -5.9813737869262695 3.417938470840454
      vertex 7.899999618530273 -6.424530029296875 3.6042280197143555
      vertex 9.18126106262207 -6.24275541305542 3.247474193572998
    endloop
  endfacet
  facet normal 0.2974368217695103 -0.8820660023083118 0.3653640713418413
    outer loop
      vertex 7.899999618530273 -4.809065818786621 5.495694160461426
      vertex 9.138273239135742 -4.550244331359863 5.112485885620117
      vertex 9.181260108947754 -4.428268909454346 5.371965408325195
    endloop
  endfacet
  facet normal 0.2974368756283286 -0.8820658770029645 0.36536433000971674
    outer loop
      vertex 7.899999618530273 -4.809065818786621 5.495694160461426
      vertex 9.15571403503418 -4.58969259262085 5.003051280975342
      vertex 9.138273239135742 -4.550244331359863 5.112485885620117
    endloop
  endfacet
  facet normal 0.2974372995905168 -0.8820651528481723 0.3653657331267281
    outer loop
      vertex 9.15571403503418 -4.58969259262085 5.003051280975342
      vertex 7.899999618530273 -4.809065818786621 5.495694160461426
      vertex 9.165184020996094 -4.611111640930176 4.943632125854492
    endloop
  endfacet
  facet normal 0.297437945395673 -0.725993782585986 -0.6200513658442282
    outer loop
      vertex 7.899999618530273 -5.601902008056641 8.798096656799316
      vertex 9.17261791229248 -4.948954105377197 8.644059181213379
      vertex 9.169441223144531 -5.018184661865234 8.723594665527344
    endloop
  endfacet
  facet normal 0.2974369380590222 -0.7259923335087869 -0.6200535457237059
    outer loop
      vertex 9.17261791229248 -4.948954105377197 8.644059181213379
      vertex 7.899999618530273 -5.601902008056641 8.798096656799316
      vertex 7.899999618530273 -5.270694732666016 8.410301208496094
    endloop
  endfacet
  facet normal 0.2974369323645513 0.7259914531617007 0.6200545792119655
    outer loop
      vertex 9.158659934997559 -10.546882629394531 4.006506443023682
      vertex 7.899999618530273 -10.19809627532959 4.201902389526367
      vertex 7.899999618530273 -10.529304504394531 4.58969783782959
    endloop
  endfacet
  facet normal 0.2974371054408993 0.7259934036200307 0.6200522124846765
    outer loop
      vertex 9.155384063720703 -10.475500106811523 3.924499034881592
      vertex 7.899999618530273 -10.19809627532959 4.201902389526367
      vertex 9.158659934997559 -10.546882629394531 4.006506443023682
    endloop
  endfacet
  facet normal 0.21576625196720836 0.9764450442866834 0
    outer loop
      vertex 7.899999618530273 -10.19809627532959 4.201902389526367
      vertex 9.155384063720703 -10.475500106811523 3.924499034881592
      vertex 9.155384063720703 -10.475500106811523 3.9244987964630127
    endloop
  endfacet
  facet normal 0.29743691093852803 -0.9283609576075091 0.22288386303502292
    outer loop
      vertex 7.899999618530273 -4.690011978149414 5.9915876388549805
      vertex 9.16624927520752 -4.306246757507324 5.900254249572754
      vertex 9.17261791229248 -4.297214984893799 5.929374694824219
    endloop
  endfacet
  facet normal 0.2974369102999219 -0.9283606923798067 0.22288496861682355
    outer loop
      vertex 7.899999618530273 -4.690011978149414 5.9915876388549805
      vertex 9.14908218383789 -4.330591201782227 5.82176399230957
      vertex 9.16624927520752 -4.306246757507324 5.900254249572754
    endloop
  endfacet
  facet normal 0.29743664338684955 -0.9283618244460552 0.22288060947950544
    outer loop
      vertex 9.14908218383789 -4.330591201782227 5.82176399230957
      vertex 7.899999618530273 -4.690011978149414 5.9915876388549805
      vertex 7.899999618530273 -4.809065818786621 5.495694160461426
    endloop
  endfacet
  facet normal 0.29743684151723704 0.8820661527976711 -0.3653636919522322
    outer loop
      vertex 9.165184020996094 -11.188887596130371 8.056366920471191
      vertex 7.899999618530273 -10.795770645141602 7.975468635559082
      vertex 9.181260108947754 -11.1525239944458 8.157243728637695
    endloop
  endfacet
  facet normal 0.29743680415524615 0.8820659013945716 -0.36536432930828866
    outer loop
      vertex 7.899999618530273 -10.795770645141602 7.975468635559082
      vertex 9.165184020996094 -11.188887596130371 8.056366920471191
      vertex 7.899999618530273 -10.990933418273926 7.504304885864258
    endloop
  endfacet
  facet normal 0.29743685584401985 -0.7259922198450883 0.6200537182454636
    outer loop
      vertex 7.899999618530273 -5.601902008056641 4.201902389526367
      vertex 9.15886402130127 -5.248676300048828 4.011606693267822
      vertex 9.169441223144531 -5.018184661865234 4.276404857635498
    endloop
  endfacet
  facet normal 0.29743688590033546 -0.7259925310041806 0.6200533395056061
    outer loop
      vertex 7.899999618530273 -5.601902008056641 4.201902389526367
      vertex 9.155384063720703 -5.324498653411865 3.924499034881592
      vertex 9.15886402130127 -5.248676300048828 4.011606693267822
    endloop
  endfacet
  facet normal 0.27482482639237527 -0.34703285201772627 0.8966825048024768
    outer loop
      vertex 9.155384063720703 -5.324498653411865 3.924499034881592
      vertex 7.899999618530273 -5.601902008056641 4.201902389526367
      vertex 9.15538501739502 -5.324499130249023 3.9244985580444336
    endloop
  endfacet
  facet normal 0.29743708509154926 0.36536299417043194 0.882066359693566
    outer loop
      vertex 9.165184020996094 -9.125076293945312 3.0738861560821533
      vertex 7.899999618530273 -9.375468254089355 3.6042280197143555
      vertex 9.138273239135742 -9.287513732910156 3.1502442359924316
    endloop
  endfacet
  facet normal 0.2974369400372199 0.36536372541056483 0.8820661057173712
    outer loop
      vertex 9.18126106262207 -9.557243347167969 3.247474193572998
      vertex 9.138273239135742 -9.287513732910156 3.1502442359924316
      vertex 7.899999618530273 -9.375468254089355 3.6042280197143555
    endloop
  endfacet
  facet normal 0.2974369088986924 0.9517982150110381 -0.07490956632228299
    outer loop
      vertex 9.172616958618164 -11.502782821655273 7.070624351501465
      vertex 9.158659934997559 -11.534794807434082 6.608463287353516
      vertex 7.899999618530273 -11.109986305236816 7.008411407470703
    endloop
  endfacet
  facet normal 0.2974368581291049 -0.8140508910269435 0.4988511423706736
    outer loop
      vertex 7.899999618530273 -5.004228591918945 5.024530410766602
      vertex 9.142538070678711 -4.881868362426758 4.483348369598389
      vertex 9.181260108947754 -4.647475242614746 4.842755317687988
    endloop
  endfacet
  facet normal 0.29743558718519547 -0.814053505868755 0.4988476331091355
    outer loop
      vertex 9.142538070678711 -4.881868362426758 4.483348369598389
      vertex 7.899999618530273 -5.004228591918945 5.024530410766602
      vertex 9.149081230163574 -4.8964619636535645 4.455632209777832
    endloop
  endfacet
  facet normal 0.2974381731952076 -0.928362502393123 0.22287574402943985
    outer loop
      vertex 7.899999618530273 -4.809065818786621 5.495694160461426
      vertex 9.142538070678711 -4.339870452880859 5.791845798492432
      vertex 9.14908218383789 -4.330591201782227 5.82176399230957
    endloop
  endfacet
  facet normal 0.2974364393838841 -0.9283616396265438 0.22288165154752443
    outer loop
      vertex 7.899999618530273 -4.809065818786621 5.495694160461426
      vertex 9.153099060058594 -4.363980770111084 5.677326202392578
      vertex 9.142538070678711 -4.339870452880859 5.791845798492432
    endloop
  endfacet
  facet normal 0.297436794315836 -0.9283619381643182 0.22287993439273432
    outer loop
      vertex 9.153099060058594 -4.363980770111084 5.677326202392578
      vertex 7.899999618530273 -4.809065818786621 5.495694160461426
      vertex 9.181260108947754 -4.428268909454346 5.371965408325195
    endloop
  endfacet
  facet normal 0.2974372436841649 0.9283612143656382 -0.22288234952800587
    outer loop
      vertex 7.899999618530273 -11.109986305236816 7.008411407470703
      vertex 9.149080276489258 -11.469407081604004 7.1782355308532715
      vertex 9.166247367858887 -11.493751525878906 7.0997443199157715
    endloop
  endfacet
  facet normal 0.2974372542568846 0.9283656296619355 -0.2228639437919991
    outer loop
      vertex 7.899999618530273 -11.109986305236816 7.008411407470703
      vertex 9.166247367858887 -11.493751525878906 7.0997443199157715
      vertex 9.172616958618164 -11.502782821655273 7.070624351501465
    endloop
  endfacet
  facet normal 0.2974370320432006 0.9283621119817396 -0.22287889313736328
    outer loop
      vertex 9.149080276489258 -11.469407081604004 7.1782355308532715
      vertex 7.899999618530273 -11.109986305236816 7.008411407470703
      vertex 7.899999618530273 -10.990933418273926 7.504304885864258
    endloop
  endfacet
  facet normal 0.2974373118833203 0.3653627448641199 -0.8820663864840224
    outer loop
      vertex 7.899999618530273 -8.904304504394531 9.590932846069336
      vertex 9.165184020996094 -9.125076293945312 9.92611312866211
      vertex 7.899999618530273 -9.375468254089355 9.395771026611328
    endloop
  endfacet
  facet normal 0.29743705509299034 0.36535842555978665 -0.8820682621714055
    outer loop
      vertex 9.165184020996094 -9.125076293945312 9.92611312866211
      vertex 7.899999618530273 -8.904304504394531 9.590932846069336
      vertex 9.18126106262207 -9.028033256530762 9.97173023223877
    endloop
  endfacet
  facet normal 0.29743722330834316 0.36536382163566083 0.8820659703391849
    outer loop
      vertex 7.899999618530273 -8.904304504394531 3.4090662002563477
      vertex 9.165184020996094 -9.125076293945312 3.0738861560821533
      vertex 9.18126106262207 -9.028033256530762 3.028268337249756
    endloop
  endfacet
  facet normal 0.29743716036713214 0.3653627629278384 0.8820664300938297
    outer loop
      vertex 9.165184020996094 -9.125076293945312 3.0738861560821533
      vertex 7.899999618530273 -8.904304504394531 3.4090662002563477
      vertex 7.899999618530273 -9.375468254089355 3.6042280197143555
    endloop
  endfacet
  facet normal 0.29743694326094877 -0.07490680175729063 0.9517984218489107
    outer loop
      vertex 7.899999618530273 -7.391587257385254 3.2900123596191406
      vertex 9.15886402130127 -7.784790515899658 2.8656721115112305
      vertex 9.17261791229248 -7.32937479019165 2.8972153663635254
    endloop
  endfacet
  facet normal 0.2974292269374592 -0.07493197032234587 0.9517988520622394
    outer loop
      vertex 9.15886402130127 -7.784790515899658 2.8656721115112305
      vertex 7.899999618530273 -7.391587257385254 3.2900123596191406
      vertex 9.158659934997559 -7.791536331176758 2.8652048110961914
    endloop
  endfacet
  facet normal 0.2974394987236151 0.8820618301633176 -0.36537196439790404
    outer loop
      vertex 9.15571403503418 -11.210307121276855 7.996947765350342
      vertex 7.899999618530273 -10.990933418273926 7.504304885864258
      vertex 9.165184020996094 -11.188887596130371 8.056366920471191
    endloop
  endfacet
  facet normal 0.29743617452797444 0.8820675081389406 -0.3653609628404821
    outer loop
      vertex 9.138273239135742 -11.249754905700684 7.887513160705566
      vertex 7.899999618530273 -10.990933418273926 7.504304885864258
      vertex 9.15571403503418 -11.210307121276855 7.996947765350342
    endloop
  endfacet
  facet normal 0.29743655437584815 0.882066624411606 -0.3653627871310075
    outer loop
      vertex 7.899999618530273 -10.990933418273926 7.504304885864258
      vertex 9.138273239135742 -11.249754905700684 7.887513160705566
      vertex 9.181260108947754 -11.371729850769043 7.628033638000488
    endloop
  endfacet
  facet normal 0.2974368715357508 -0.6200545915192558 -0.7259914675717024
    outer loop
      vertex 7.899999618530273 -5.601902008056641 8.798096656799316
      vertex 9.17261791229248 -5.75593900680542 9.451045036315918
      vertex 7.899999618530273 -5.989697456359863 9.129304885864258
    endloop
  endfacet
  facet normal 0.2974374981574621 -0.6200532355117229 -0.7259923689828106
    outer loop
      vertex 9.17261791229248 -5.75593900680542 9.451045036315918
      vertex 7.899999618530273 -5.601902008056641 8.798096656799316
      vertex 9.169441223144531 -5.6764044761657715 9.381814956665039
    endloop
  endfacet
  facet normal 0.2974369276461264 0.074907246822075 0.9517983917017141
    outer loop
      vertex 9.17261791229248 -8.470623970031738 2.8972153663635254
      vertex 9.158659934997559 -8.008462905883789 2.8652048110961914
      vertex 7.899999618530273 -8.408411979675293 3.2900123596191406
    endloop
  endfacet
  facet normal 0.29743655437584815 0.882066624411606 0.3653627871310075
    outer loop
      vertex 9.138273239135742 -11.249754905700684 5.112485885620117
      vertex 7.899999618530273 -10.990933418273926 5.495694160461426
      vertex 9.181260108947754 -11.371729850769043 5.371965408325195
    endloop
  endfacet
  facet normal 0.29743617452797444 0.8820675081389406 0.3653609628404821
    outer loop
      vertex 9.15571403503418 -11.210307121276855 5.003051280975342
      vertex 7.899999618530273 -10.990933418273926 5.495694160461426
      vertex 9.138273239135742 -11.249754905700684 5.112485885620117
    endloop
  endfacet
  facet normal 0.2974394987236151 0.8820618301633176 0.36537196439790404
    outer loop
      vertex 7.899999618530273 -10.990933418273926 5.495694160461426
      vertex 9.15571403503418 -11.210307121276855 5.003051280975342
      vertex 9.165184020996094 -11.188887596130371 4.943632125854492
    endloop
  endfacet
  facet normal 0.2974370467364745 -0.9517982603367717 0.07490844310609775
    outer loop
      vertex 7.899999618530273 -4.649999618530273 6.5
      vertex 9.158659934997559 -4.265204429626465 6.391536712646484
      vertex 9.155384063720703 -4.257691860198975 6.5
    endloop
  endfacet
  facet normal 0.29743697101656635 -0.9517983891071191 0.07490710757720895
    outer loop
      vertex 9.158659934997559 -4.265204429626465 6.391536712646484
      vertex 7.899999618530273 -4.649999618530273 6.5
      vertex 7.899999618530273 -4.690011978149414 5.9915876388549805
    endloop
  endfacet
  facet normal 0.2974368620731681 -0.4988507354860136 -0.814051138925025
    outer loop
      vertex 7.899999618530273 -5.989697456359863 9.129304885864258
      vertex 9.16624927520752 -5.78291654586792 9.465250015258789
      vertex 9.14908218383789 -5.855631351470947 9.50353717803955
    endloop
  endfacet
  facet normal 0.29743680203612516 -0.49885160885524815 -0.814050625659764
    outer loop
      vertex 7.899999618530273 -5.989697456359863 9.129304885864258
      vertex 9.14908218383789 -5.855631351470947 9.50353717803955
      vertex 7.899999618530273 -6.424530029296875 9.395771026611328
    endloop
  endfacet
  facet normal 0.29743686357479004 -0.4988530199726493 -0.8140497384379897
    outer loop
      vertex 9.16624927520752 -5.78291654586792 9.465250015258789
      vertex 7.899999618530273 -5.989697456359863 9.129304885864258
      vertex 9.17261791229248 -5.75593900680542 9.451045036315918
    endloop
  endfacet
  facet normal 0.29743680415524615 0.8820659013945716 0.36536432930828866
    outer loop
      vertex 9.165184020996094 -11.188887596130371 4.943632125854492
      vertex 7.899999618530273 -10.795770645141602 5.024530410766602
      vertex 7.899999618530273 -10.990933418273926 5.495694160461426
    endloop
  endfacet
  facet normal 0.29743684151723704 0.8820661527976711 0.3653636919522322
    outer loop
      vertex 7.899999618530273 -10.795770645141602 5.024530410766602
      vertex 9.165184020996094 -11.188887596130371 4.943632125854492
      vertex 9.181260108947754 -11.1525239944458 4.842755317687988
    endloop
  endfacet
  facet normal 0.2974372746204769 -0.36536211808349495 0.8820666586692216
    outer loop
      vertex 7.899999618530273 -6.895694732666016 3.4090662002563477
      vertex 9.165184020996094 -6.674922943115234 3.073885917663574
      vertex 7.899999618530273 -6.424530029296875 3.6042280197143555
    endloop
  endfacet
  facet normal 0.2974372673495656 -0.36536199578319567 0.8820667117791845
    outer loop
      vertex 9.165184020996094 -6.674922943115234 3.073885917663574
      vertex 7.899999618530273 -6.895694732666016 3.4090662002563477
      vertex 9.18126106262207 -6.771965980529785 3.028268337249756
    endloop
  endfacet
  facet normal 0.29743724196851484 -0.22288075397100865 0.9283615979775756
    outer loop
      vertex 7.899999618530273 -6.895694732666016 3.4090662002563477
      vertex 9.171795845031738 -6.874601364135742 3.006660223007202
      vertex 9.18126106262207 -6.771965980529785 3.028268337249756
    endloop
  endfacet
  facet normal 0.2974372302100551 -0.22288097207451346 0.9283615493826156
    outer loop
      vertex 9.171795845031738 -6.874601364135742 3.006660223007202
      vertex 7.899999618530273 -6.895694732666016 3.4090662002563477
      vertex 7.899999618530273 -7.391587257385254 3.2900123596191406
    endloop
  endfacet
  facet normal 0.297436905449622 0.9517982281908642 0.07490941255465808
    outer loop
      vertex 9.158659934997559 -11.534794807434082 6.391536712646484
      vertex 9.172616958618164 -11.502782821655273 5.929374694824219
      vertex 7.899999618530273 -11.109986305236816 5.9915876388549805
    endloop
  endfacet
  facet normal 0.2974368106662993 0.9517986617923633 0.07490427938994464
    outer loop
      vertex 9.158659934997559 -11.534794807434082 6.391536712646484
      vertex 7.899999618530273 -11.149999618530273 6.5
      vertex 9.155384063720703 -11.542306900024414 6.5
    endloop
  endfacet
  facet normal 0.2974370714786252 0.9517982182593493 0.07490887950401798
    outer loop
      vertex 7.899999618530273 -11.149999618530273 6.5
      vertex 9.158659934997559 -11.534794807434082 6.391536712646484
      vertex 7.899999618530273 -11.109986305236816 5.9915876388549805
    endloop
  endfacet
  facet normal 0.2974367050937093 0.8140495023658195 -0.4988534996980168
    outer loop
      vertex 9.149081230163574 -10.903536796569824 8.544366836547852
      vertex 7.899999618530273 -10.529304504394531 8.410301208496094
      vertex 9.17261791229248 -10.851044654846191 8.644059181213379
    endloop
  endfacet
  facet normal 0.297436835449597 0.8140506167841964 -0.4988516034162852
    outer loop
      vertex 7.899999618530273 -10.529304504394531 8.410301208496094
      vertex 9.149081230163574 -10.903536796569824 8.544366836547852
      vertex 7.899999618530273 -10.795770645141602 7.975468635559082
    endloop
  endfacet
  facet normal 0.297436835449597 0.8140506167841964 0.4988516034162852
    outer loop
      vertex 9.149081230163574 -10.903536796569824 4.455632209777832
      vertex 7.899999618530273 -10.529304504394531 4.58969783782959
      vertex 7.899999618530273 -10.795770645141602 5.024530410766602
    endloop
  endfacet
  facet normal 0.2974368288228441 0.814050560131584 0.49885169981595184
    outer loop
      vertex 7.899999618530273 -10.529304504394531 4.58969783782959
      vertex 9.149081230163574 -10.903536796569824 4.455632209777832
      vertex 9.17261791229248 -10.851044654846191 4.3559393882751465
    endloop
  endfacet
  facet normal 0.29743689961256603 0.7259922768258396 0.6200536305337612
    outer loop
      vertex 9.15886402130127 -10.551322937011719 4.011606693267822
      vertex 7.899999618530273 -10.529304504394531 4.58969783782959
      vertex 9.17261791229248 -10.851044654846191 4.3559393882751465
    endloop
  endfacet
  facet normal 0.29745932889866755 0.7259396565310807 0.62010447726709
    outer loop
      vertex 7.899999618530273 -10.529304504394531 4.58969783782959
      vertex 9.15886402130127 -10.551322937011719 4.011606693267822
      vertex 9.158659934997559 -10.546882629394531 4.006506443023682
    endloop
  endfacet
  facet normal 0.2974368106662993 0.9517986617923633 -0.07490427938994464
    outer loop
      vertex 7.899999618530273 -11.149999618530273 6.5
      vertex 9.158659934997559 -11.534794807434082 6.608463287353516
      vertex 9.155384063720703 -11.542306900024414 6.5
    endloop
  endfacet
  facet normal 0.29743707938521147 0.9517982048130551 -0.07490901895927533
    outer loop
      vertex 9.158659934997559 -11.534794807434082 6.608463287353516
      vertex 7.899999618530273 -11.149999618530273 6.5
      vertex 7.899999618530273 -11.109986305236816 7.008411407470703
    endloop
  endfacet
  facet normal -0.2974292269374592 -0.07493197032234587 0.9517988520622394
    outer loop
      vertex -7.899999618530273 -7.391587257385254 3.2900123596191406
      vertex -9.15886402130127 -7.784790515899658 2.8656721115112305
      vertex -9.158659934997559 -7.791536331176758 2.8652048110961914
    endloop
  endfacet
  facet normal -0.29743694326094877 -0.07490680175729063 0.9517984218489107
    outer loop
      vertex -9.15886402130127 -7.784790515899658 2.8656721115112305
      vertex -7.899999618530273 -7.391587257385254 3.2900123596191406
      vertex -9.17261791229248 -7.32937479019165 2.8972153663635254
    endloop
  endfacet
  facet normal -0.2974330217246783 -0.8140584713062325 -0.4988410597397599
    outer loop
      vertex -9.142538070678711 -4.881868362426758 8.516650199890137
      vertex -7.899999618530273 -5.004228591918945 7.975468635559082
      vertex -9.149081230163574 -4.8964619636535645 8.544366836547852
    endloop
  endfacet
  facet normal -0.2974368457069368 -0.8140506039122376 -0.49885161830551283
    outer loop
      vertex -7.899999618530273 -5.004228591918945 7.975468635559082
      vertex -9.142538070678711 -4.881868362426758 8.516650199890137
      vertex -9.181260108947754 -4.647475242614746 8.157243728637695
    endloop
  endfacet
  facet normal -0.29743691093852803 -0.9283609576075091 0.22288386303502292
    outer loop
      vertex -9.16624927520752 -4.306246757507324 5.900254249572754
      vertex -7.899999618530273 -4.690011978149414 5.9915876388549805
      vertex -9.17261791229248 -4.297214984893799 5.929374694824219
    endloop
  endfacet
  facet normal -0.2974369102999219 -0.9283606923798067 0.22288496861682355
    outer loop
      vertex -9.14908218383789 -4.330591201782227 5.82176399230957
      vertex -7.899999618530273 -4.690011978149414 5.9915876388549805
      vertex -9.16624927520752 -4.306246757507324 5.900254249572754
    endloop
  endfacet
  facet normal -0.29743664338684955 -0.9283618244460552 0.22288060947950544
    outer loop
      vertex -7.899999618530273 -4.690011978149414 5.9915876388549805
      vertex -9.14908218383789 -4.330591201782227 5.82176399230957
      vertex -7.899999618530273 -4.809065818786621 5.495694160461426
    endloop
  endfacet
  facet normal -0.29743697101656635 -0.07490710757720895 0.9517983891071191
    outer loop
      vertex -9.158659934997559 -7.791536331176758 2.8652048110961914
      vertex -7.899999618530273 -7.899999618530273 3.25
      vertex -7.899999618530273 -7.391587257385254 3.2900123596191406
    endloop
  endfacet
  facet normal -0.2974369287020644 -0.0749063612486246 0.9517984610666135
    outer loop
      vertex -7.899999618530273 -7.899999618530273 3.25
      vertex -9.158659934997559 -7.791536331176758 2.8652048110961914
      vertex -9.155384063720703 -7.899999618530273 2.8576924800872803
    endloop
  endfacet
  facet normal -0.297436905449622 0.9517982281908642 0.07490941255465808
    outer loop
      vertex -9.158659934997559 -11.534794807434082 6.391536712646484
      vertex -7.899999618530273 -11.109986305236816 5.9915876388549805
      vertex -9.172616958618164 -11.502782821655273 5.929374694824219
    endloop
  endfacet
  facet normal -0.21576625196720836 0.9764450442866834 0
    outer loop
      vertex -7.899999618530273 -10.19809627532959 8.798096656799316
      vertex -9.155384063720703 -10.475500106811523 9.075499534606934
      vertex -9.155384063720703 -10.475500106811523 9.07550048828125
    endloop
  endfacet
  facet normal -0.29743701238854625 0.7259898912397089 -0.6200563695980643
    outer loop
      vertex -7.899999618530273 -10.19809627532959 8.798096656799316
      vertex -9.158659934997559 -10.546882629394531 8.99349308013916
      vertex -9.155384063720703 -10.475500106811523 9.075499534606934
    endloop
  endfacet
  facet normal -0.2974371464873924 0.7259914024371745 -0.6200545358891763
    outer loop
      vertex -9.158659934997559 -10.546882629394531 8.99349308013916
      vertex -7.899999618530273 -10.19809627532959 8.798096656799316
      vertex -7.899999618530273 -10.529304504394531 8.410301208496094
    endloop
  endfacet
  facet normal -0.2974368581291049 -0.8140508910269435 0.4988511423706736
    outer loop
      vertex -9.142538070678711 -4.881868362426758 4.483348369598389
      vertex -7.899999618530273 -5.004228591918945 5.024530410766602
      vertex -9.181260108947754 -4.647475242614746 4.842755317687988
    endloop
  endfacet
  facet normal -0.29743558718519547 -0.814053505868755 0.4988476331091355
    outer loop
      vertex -7.899999618530273 -5.004228591918945 5.024530410766602
      vertex -9.142538070678711 -4.881868362426758 4.483348369598389
      vertex -9.149081230163574 -4.8964619636535645 4.455632209777832
    endloop
  endfacet
  facet normal -0.2974369276461264 0.074907246822075 0.9517983917017141
    outer loop
      vertex -7.899999618530273 -8.408411979675293 3.2900123596191406
      vertex -9.158659934997559 -8.008462905883789 2.8652048110961914
      vertex -9.17261791229248 -8.470623970031738 2.8972153663635254
    endloop
  endfacet
  facet normal -0.29743656497815524 0.49884959852580696 0.8140519442054276
    outer loop
      vertex -7.899999618530273 -9.375468254089355 3.6042280197143555
      vertex -9.15310001373291 -9.818624496459961 3.417938232421875
      vertex -9.142539024353027 -9.916650772094727 3.4818673133850098
    endloop
  endfacet
  facet normal -0.2974369338039037 0.4988510796301211 0.8140509018244466
    outer loop
      vertex -9.15310001373291 -9.818624496459961 3.417938232421875
      vertex -7.899999618530273 -9.375468254089355 3.6042280197143555
      vertex -9.18126106262207 -9.557243347167969 3.247474193572998
    endloop
  endfacet
  facet normal -0.29743929979955464 0.4988571497870479 0.8140463175035518
    outer loop
      vertex -7.899999618530273 -9.375468254089355 3.6042280197143555
      vertex -9.142539024353027 -9.916650772094727 3.4818673133850098
      vertex -9.14908218383789 -9.944367408752441 3.4964616298675537
    endloop
  endfacet
  facet normal -0.29743697540275915 -0.951798388844718 0.07490709349492411
    outer loop
      vertex -7.899999618530273 -4.690011978149414 5.9915876388549805
      vertex -9.158659934997559 -4.265204429626465 6.391536712646484
      vertex -9.17261791229248 -4.297214984893799 5.929374694824219
    endloop
  endfacet
  facet normal -0.2974372746204769 -0.36536211808349495 -0.8820666586692216
    outer loop
      vertex -7.899999618530273 -6.895694732666016 9.590932846069336
      vertex -9.165184020996094 -6.674922943115234 9.92611312866211
      vertex -7.899999618530273 -6.424530029296875 9.395771026611328
    endloop
  endfacet
  facet normal -0.29743705509299034 -0.36535842555978665 -0.8820682621714055
    outer loop
      vertex -9.165184020996094 -6.674922943115234 9.92611312866211
      vertex -7.899999618530273 -6.895694732666016 9.590932846069336
      vertex -9.18126106262207 -6.771965980529785 9.97173023223877
    endloop
  endfacet
  facet normal -0.29743720639376947 0.6200554054649617 0.7259906352056837
    outer loop
      vertex -9.158659934997559 -10.393492698669434 3.8531157970428467
      vertex -7.899999618530273 -10.19809627532959 4.201902389526367
      vertex -7.899999618530273 -9.810301780700684 3.870694160461426
    endloop
  endfacet
  facet normal -0.29743726549002286 0.6200545973634003 0.7259913011781403
    outer loop
      vertex -7.899999618530273 -10.19809627532959 4.201902389526367
      vertex -9.158659934997559 -10.393492698669434 3.8531157970428467
      vertex -9.155384063720703 -10.475500106811523 3.9244987964630127
    endloop
  endfacet
  facet normal -0.29743676139744785 0.22287785728893866 0.9283624473769333
    outer loop
      vertex -7.899999618530273 -8.408411979675293 3.2900123596191406
      vertex -9.16624927520752 -8.499744415283203 2.906247138977051
      vertex -9.142538070678711 -8.608153343200684 2.9398703575134277
    endloop
  endfacet
  facet normal -0.29743675790483615 0.22288390833704613 0.9283609957615965
    outer loop
      vertex -9.16624927520752 -8.499744415283203 2.906247138977051
      vertex -7.899999618530273 -8.408411979675293 3.2900123596191406
      vertex -9.17261791229248 -8.470623970031738 2.8972153663635254
    endloop
  endfacet
  facet normal -0.29743720659829676 0.22288307102615973 0.9283610530289118
    outer loop
      vertex -9.15310001373291 -8.722672462463379 2.9639804363250732
      vertex -7.899999618530273 -8.408411979675293 3.2900123596191406
      vertex -9.142538070678711 -8.608153343200684 2.9398703575134277
    endloop
  endfacet
  facet normal -0.29743640790621 0.22287847640417258 0.9283624119963094
    outer loop
      vertex -7.899999618530273 -8.408411979675293 3.2900123596191406
      vertex -9.15310001373291 -8.722672462463379 2.9639804363250732
      vertex -9.171795845031738 -8.925397872924805 3.006660223007202
    endloop
  endfacet
  facet normal -0.2974367692642465 -0.6200551543885476 0.7259910287364727
    outer loop
      vertex -7.899999618530273 -5.601902008056641 4.201902389526367
      vertex -9.15538501739502 -5.324499130249023 3.9244985580444336
      vertex -9.169441223144531 -5.6764044761657715 3.6181840896606445
    endloop
  endfacet
  facet normal -0.297436794315836 -0.9283619381643182 -0.22287993439273432
    outer loop
      vertex -9.153099060058594 -4.363980770111084 7.3226728439331055
      vertex -7.899999618530273 -4.809065818786621 7.504304885864258
      vertex -9.181260108947754 -4.428268909454346 7.628033638000488
    endloop
  endfacet
  facet normal -0.2974364393838841 -0.9283616396265438 -0.22288165154752443
    outer loop
      vertex -9.142538070678711 -4.339870452880859 7.208153247833252
      vertex -7.899999618530273 -4.809065818786621 7.504304885864258
      vertex -9.153099060058594 -4.363980770111084 7.3226728439331055
    endloop
  endfacet
  facet normal -0.2974381731952076 -0.928362502393123 -0.22287574402943985
    outer loop
      vertex -7.899999618530273 -4.809065818786621 7.504304885864258
      vertex -9.142538070678711 -4.339870452880859 7.208153247833252
      vertex -9.14908218383789 -4.330591201782227 7.178235054016113
    endloop
  endfacet
  facet normal -0.29743715036150836 -0.49885194926791687 -0.8140502897833924
    outer loop
      vertex -7.899999618530273 -6.424530029296875 9.395771026611328
      vertex -9.15310001373291 -5.9813737869262695 9.582060813903809
      vertex -9.142538070678711 -5.883347988128662 9.518131256103516
    endloop
  endfacet
  facet normal -0.29743653238409373 -0.498849467636998 -0.8140520363229918
    outer loop
      vertex -9.15310001373291 -5.9813737869262695 9.582060813903809
      vertex -7.899999618530273 -6.424530029296875 9.395771026611328
      vertex -9.18126106262207 -6.24275541305542 9.752524375915527
    endloop
  endfacet
  facet normal -0.29743992624883625 -0.4988596139244189 -0.8140445785509948
    outer loop
      vertex -7.899999618530273 -6.424530029296875 9.395771026611328
      vertex -9.142538070678711 -5.883347988128662 9.518131256103516
      vertex -9.14908218383789 -5.855631351470947 9.50353717803955
    endloop
  endfacet
  facet normal -0.2974368457069368 0.8140506039122376 -0.49885161830551283
    outer loop
      vertex -9.142538070678711 -10.918130874633789 8.516650199890137
      vertex -7.899999618530273 -10.795770645141602 7.975468635559082
      vertex -9.181260108947754 -11.1525239944458 8.157243728637695
    endloop
  endfacet
  facet normal -0.2974369029892111 0.8140504860586536 -0.498851776470583
    outer loop
      vertex -7.899999618530273 -10.795770645141602 7.975468635559082
      vertex -9.142538070678711 -10.918130874633789 8.516650199890137
      vertex -9.149081230163574 -10.903536796569824 8.544366836547852
    endloop
  endfacet
  facet normal -0.2974368715357508 -0.6200545915192558 -0.7259914675717024
    outer loop
      vertex -9.17261791229248 -5.75593900680542 9.451045036315918
      vertex -7.899999618530273 -5.601902008056641 8.798096656799316
      vertex -7.899999618530273 -5.989697456359863 9.129304885864258
    endloop
  endfacet
  facet normal -0.2974374981574621 -0.6200532355117229 -0.7259923689828106
    outer loop
      vertex -7.899999618530273 -5.601902008056641 8.798096656799316
      vertex -9.17261791229248 -5.75593900680542 9.451045036315918
      vertex -9.169441223144531 -5.6764044761657715 9.381814956665039
    endloop
  endfacet
  facet normal -0.29744007884941054 -0.49885961896800474 0.8140445197021804
    outer loop
      vertex -7.899999618530273 -6.424530029296875 3.6042280197143555
      vertex -9.14908218383789 -5.855631351470947 3.4964616298675537
      vertex -9.142538070678711 -5.883347988128662 3.481867551803589
    endloop
  endfacet
  facet normal -0.2974363483084655 -0.49884931836754837 0.8140521950521095
    outer loop
      vertex -9.15310001373291 -5.9813737869262695 3.417938470840454
      vertex -7.899999618530273 -6.424530029296875 3.6042280197143555
      vertex -9.142538070678711 -5.883347988128662 3.481867551803589
    endloop
  endfacet
  facet normal -0.2974367673436325 -0.4988510010980167 0.8140510107700109
    outer loop
      vertex -7.899999618530273 -6.424530029296875 3.6042280197143555
      vertex -9.15310001373291 -5.9813737869262695 3.417938470840454
      vertex -9.18126106262207 -6.24275541305542 3.247474193572998
    endloop
  endfacet
  facet normal -0.2974381731952076 -0.928362502393123 0.22287574402943985
    outer loop
      vertex -9.142538070678711 -4.339870452880859 5.791845798492432
      vertex -7.899999618530273 -4.809065818786621 5.495694160461426
      vertex -9.14908218383789 -4.330591201782227 5.82176399230957
    endloop
  endfacet
  facet normal -0.2974364393838841 -0.9283616396265438 0.22288165154752443
    outer loop
      vertex -9.153099060058594 -4.363980770111084 5.677326202392578
      vertex -7.899999618530273 -4.809065818786621 5.495694160461426
      vertex -9.142538070678711 -4.339870452880859 5.791845798492432
    endloop
  endfacet
  facet normal -0.297436794315836 -0.9283619381643182 0.22287993439273432
    outer loop
      vertex -7.899999618530273 -4.809065818786621 5.495694160461426
      vertex -9.153099060058594 -4.363980770111084 5.677326202392578
      vertex -9.181260108947754 -4.428268909454346 5.371965408325195
    endloop
  endfacet
  facet normal -0.2974369088986924 0.9517982150110381 -0.07490956632228299
    outer loop
      vertex -7.899999618530273 -11.109986305236816 7.008411407470703
      vertex -9.158659934997559 -11.534794807434082 6.608463287353516
      vertex -9.172616958618164 -11.502782821655273 7.070624351501465
    endloop
  endfacet
  facet normal -0.2974372746204769 -0.36536211808349495 0.8820666586692216
    outer loop
      vertex -9.165184020996094 -6.674922943115234 3.073885917663574
      vertex -7.899999618530273 -6.895694732666016 3.4090662002563477
      vertex -7.899999618530273 -6.424530029296875 3.6042280197143555
    endloop
  endfacet
  facet normal -0.2974372673495656 -0.36536199578319567 0.8820667117791845
    outer loop
      vertex -7.899999618530273 -6.895694732666016 3.4090662002563477
      vertex -9.165184020996094 -6.674922943115234 3.073885917663574
      vertex -9.18126106262207 -6.771965980529785 3.028268337249756
    endloop
  endfacet
  facet normal -0.29743722483862933 0.6200554465588937 0.7259905925512711
    outer loop
      vertex -9.158659934997559 -10.393492698669434 3.8531157970428467
      vertex -7.899999618530273 -9.810301780700684 3.870694160461426
      vertex -9.172618865966797 -10.044060707092285 3.5489532947540283
    endloop
  endfacet
  facet normal -0.2974366919408737 -0.0749100980427015 -0.9517982409620762
    outer loop
      vertex -7.899999618530273 -7.391587257385254 9.709986686706543
      vertex -9.158659934997559 -7.791536331176758 10.134795188903809
      vertex -9.17261791229248 -7.32937479019165 10.102783203125
    endloop
  endfacet
  facet normal -0.29743716036713214 0.3653627629278384 0.8820664300938297
    outer loop
      vertex -7.899999618530273 -8.904304504394531 3.4090662002563477
      vertex -9.165184020996094 -9.125076293945312 3.0738861560821533
      vertex -7.899999618530273 -9.375468254089355 3.6042280197143555
    endloop
  endfacet
  facet normal -0.29743722330834316 0.36536382163566083 0.8820659703391849
    outer loop
      vertex -9.165184020996094 -9.125076293945312 3.0738861560821533
      vertex -7.899999618530273 -8.904304504394531 3.4090662002563477
      vertex -9.18126106262207 -9.028033256530762 3.028268337249756
    endloop
  endfacet
  facet normal -0.2974367358767132 -0.22287947178532014 0.9283620679496243
    outer loop
      vertex -7.899999618530273 -7.391587257385254 3.2900123596191406
      vertex -9.171795845031738 -6.874601364135742 3.006660223007202
      vertex -9.142538070678711 -7.191845893859863 2.939870595932007
    endloop
  endfacet
  facet normal -0.29743689338153884 -0.22288131631918337 0.9283615746525528
    outer loop
      vertex -7.899999618530273 -7.391587257385254 3.2900123596191406
      vertex -9.142538070678711 -7.191845893859863 2.939870595932007
      vertex -9.17261791229248 -7.32937479019165 2.8972153663635254
    endloop
  endfacet
  facet normal -0.29743698608904673 -0.9283603709250412 -0.22288620639730988
    outer loop
      vertex -7.899999618530273 -4.690011978149414 7.008411407470703
      vertex -9.14908218383789 -4.330591201782227 7.178235054016113
      vertex -9.16624927520752 -4.306246757507324 7.099745273590088
    endloop
  endfacet
  facet normal -0.2974369894140744 -0.9283617535183473 -0.22288044313629443
    outer loop
      vertex -7.899999618530273 -4.690011978149414 7.008411407470703
      vertex -9.16624927520752 -4.306246757507324 7.099745273590088
      vertex -9.17261791229248 -4.297214984893799 7.070624351501465
    endloop
  endfacet
  facet normal -0.29743664338684955 -0.9283618244460552 -0.22288060947950544
    outer loop
      vertex -9.14908218383789 -4.330591201782227 7.178235054016113
      vertex -7.899999618530273 -4.690011978149414 7.008411407470703
      vertex -7.899999618530273 -4.809065818786621 7.504304885864258
    endloop
  endfacet
  facet normal -0.2974369287020644 0.0749063612486246 0.9517984610666135
    outer loop
      vertex -9.158659934997559 -8.008462905883789 2.8652048110961914
      vertex -7.899999618530273 -7.899999618530273 3.25
      vertex -9.155384063720703 -7.899999618530273 2.8576924800872803
    endloop
  endfacet
  facet normal -0.29743697101656635 0.07490710757720895 0.9517983891071191
    outer loop
      vertex -7.899999618530273 -7.899999618530273 3.25
      vertex -9.158659934997559 -8.008462905883789 2.8652048110961914
      vertex -7.899999618530273 -8.408411979675293 3.2900123596191406
    endloop
  endfacet
  facet normal -0.29743685584401985 -0.7259922198450883 0.6200537182454636
    outer loop
      vertex -9.15886402130127 -5.248676300048828 4.011606693267822
      vertex -7.899999618530273 -5.601902008056641 4.201902389526367
      vertex -9.169441223144531 -5.018184661865234 4.276404857635498
    endloop
  endfacet
  facet normal -0.29743688590033546 -0.7259925310041806 0.6200533395056061
    outer loop
      vertex -9.155384063720703 -5.324498653411865 3.924499034881592
      vertex -7.899999618530273 -5.601902008056641 4.201902389526367
      vertex -9.15886402130127 -5.248676300048828 4.011606693267822
    endloop
  endfacet
  facet normal -0.27482482639237527 -0.34703285201772627 0.8966825048024768
    outer loop
      vertex -7.899999618530273 -5.601902008056641 4.201902389526367
      vertex -9.155384063720703 -5.324498653411865 3.924499034881592
      vertex -9.15538501739502 -5.324499130249023 3.9244985580444336
    endloop
  endfacet
  facet normal -0.29743668374284515 0.4988508327208387 -0.8140511444975582
    outer loop
      vertex -7.899999618530273 -9.810301780700684 9.129304885864258
      vertex -9.14908218383789 -9.944367408752441 9.50353717803955
      vertex -7.899999618530273 -9.375468254089355 9.395771026611328
    endloop
  endfacet
  facet normal -0.2974372444324482 0.4988426760774101 -0.8140559379725449
    outer loop
      vertex -7.899999618530273 -9.810301780700684 9.129304885864258
      vertex -9.16624927520752 -10.017082214355469 9.465250968933105
      vertex -9.14908218383789 -9.944367408752441 9.50353717803955
    endloop
  endfacet
  facet normal -0.29743724771133384 0.49884764960679984 -0.8140528890408031
    outer loop
      vertex -9.16624927520752 -10.017082214355469 9.465250968933105
      vertex -7.899999618530273 -9.810301780700684 9.129304885864258
      vertex -9.172618865966797 -10.044060707092285 9.451045989990234
    endloop
  endfacet
  facet normal -0.29743672175792224 0.2228812198171669 -0.9283616528070902
    outer loop
      vertex -7.899999618530273 -8.408411979675293 9.709986686706543
      vertex -9.15310001373291 -8.722672462463379 10.036018371582031
      vertex -9.142538070678711 -8.608153343200684 10.060128211975098
    endloop
  endfacet
  facet normal -0.297436244193155 0.2228784725439285 -0.9283624653747884
    outer loop
      vertex -9.15310001373291 -8.722672462463379 10.036018371582031
      vertex -7.899999618530273 -8.408411979675293 9.709986686706543
      vertex -9.171795845031738 -8.925397872924805 9.993338584899902
    endloop
  endfacet
  facet normal -0.29743675920484974 0.2228816583582415 -0.9283615355243862
    outer loop
      vertex -9.16624927520752 -8.499744415283203 10.093751907348633
      vertex -7.899999618530273 -8.408411979675293 9.709986686706543
      vertex -9.142538070678711 -8.608153343200684 10.060128211975098
    endloop
  endfacet
  facet normal -0.2974367660543956 0.2228697577517106 -0.9283643903547769
    outer loop
      vertex -7.899999618530273 -8.408411979675293 9.709986686706543
      vertex -9.16624927520752 -8.499744415283203 10.093751907348633
      vertex -9.17261791229248 -8.470623970031738 10.102783203125
    endloop
  endfacet
  facet normal -0.2974369860570583 -0.7259958349670083 -0.6200494229784024
    outer loop
      vertex -9.15886402130127 -5.248676300048828 8.988391876220703
      vertex -7.899999618530273 -5.601902008056641 8.798096656799316
      vertex -9.155384063720703 -5.324498653411865 9.07550048828125
    endloop
  endfacet
  facet normal -0.29743653780175616 -0.7259911943791071 -0.6200550714771245
    outer loop
      vertex -7.899999618530273 -5.601902008056641 8.798096656799316
      vertex -9.15886402130127 -5.248676300048828 8.988391876220703
      vertex -9.169441223144531 -5.018184661865234 8.723594665527344
    endloop
  endfacet
  facet normal -0.1449704838994246 0.2899409677988492 -0.9460009481971112
    outer loop
      vertex -9.155384063720703 -5.324498653411865 9.07550048828125
      vertex -7.899999618530273 -5.601902008056641 8.798096656799316
      vertex -9.15538501739502 -5.324499130249023 9.07550048828125
    endloop
  endfacet
  facet normal -0.29743680415524615 -0.8820659013945716 0.36536432930828866
    outer loop
      vertex -9.165184020996094 -4.611111640930176 4.943632125854492
      vertex -7.899999618530273 -5.004228591918945 5.024530410766602
      vertex -7.899999618530273 -4.809065818786621 5.495694160461426
    endloop
  endfacet
  facet normal -0.29743684151723704 -0.8820661527976711 0.3653636919522322
    outer loop
      vertex -7.899999618530273 -5.004228591918945 5.024530410766602
      vertex -9.165184020996094 -4.611111640930176 4.943632125854492
      vertex -9.181260108947754 -4.647475242614746 4.842755317687988
    endloop
  endfacet
  facet normal -0.2974369323645513 0.7259914531617007 0.6200545792119655
    outer loop
      vertex -7.899999618530273 -10.19809627532959 4.201902389526367
      vertex -9.158659934997559 -10.546882629394531 4.006506443023682
      vertex -7.899999618530273 -10.529304504394531 4.58969783782959
    endloop
  endfacet
  facet normal -0.2974371054408993 0.7259934036200307 0.6200522124846765
    outer loop
      vertex -7.899999618530273 -10.19809627532959 4.201902389526367
      vertex -9.155384063720703 -10.475500106811523 3.924499034881592
      vertex -9.158659934997559 -10.546882629394531 4.006506443023682
    endloop
  endfacet
  facet normal -0.21576625196720836 0.9764450442866834 0
    outer loop
      vertex -9.155384063720703 -10.475500106811523 3.924499034881592
      vertex -7.899999618530273 -10.19809627532959 4.201902389526367
      vertex -9.155384063720703 -10.475500106811523 3.9244987964630127
    endloop
  endfacet
  facet normal -0.2974371187206686 -0.8140505415393061 0.4988515573060883
    outer loop
      vertex -9.149081230163574 -4.8964619636535645 4.455632209777832
      vertex -7.899999618530273 -5.270694732666016 4.58969783782959
      vertex -7.899999618530273 -5.004228591918945 5.024530410766602
    endloop
  endfacet
  facet normal -0.2974371082893433 -0.8140504523613937 0.49885170905057924
    outer loop
      vertex -7.899999618530273 -5.270694732666016 4.58969783782959
      vertex -9.149081230163574 -4.8964619636535645 4.455632209777832
      vertex -9.17261791229248 -4.948954105377197 4.3559393882751465
    endloop
  endfacet
  facet normal -0.2974372302100551 -0.22288097207451346 0.9283615493826156
    outer loop
      vertex -7.899999618530273 -6.895694732666016 3.4090662002563477
      vertex -9.171795845031738 -6.874601364135742 3.006660223007202
      vertex -7.899999618530273 -7.391587257385254 3.2900123596191406
    endloop
  endfacet
  facet normal -0.29743724196851484 -0.22288075397100865 0.9283615979775756
    outer loop
      vertex -9.171795845031738 -6.874601364135742 3.006660223007202
      vertex -7.899999618530273 -6.895694732666016 3.4090662002563477
      vertex -9.18126106262207 -6.771965980529785 3.028268337249756
    endloop
  endfacet
  facet normal -0.29743679341784873 -0.3653628055708194 0.8820665361676111
    outer loop
      vertex -7.899999618530273 -6.424530029296875 3.6042280197143555
      vertex -9.18126106262207 -6.24275541305542 3.247474193572998
      vertex -9.138274192810059 -6.512485027313232 3.1502442359924316
    endloop
  endfacet
  facet normal -0.2974362980825221 -0.3653653026223176 0.8820656688833703
    outer loop
      vertex -9.15571403503418 -6.61776065826416 3.1007566452026367
      vertex -7.899999618530273 -6.424530029296875 3.6042280197143555
      vertex -9.138274192810059 -6.512485027313232 3.1502442359924316
    endloop
  endfacet
  facet normal -0.2974366860298827 -0.365363926198152 0.882066108200872
    outer loop
      vertex -7.899999618530273 -6.424530029296875 3.6042280197143555
      vertex -9.15571403503418 -6.61776065826416 3.1007566452026367
      vertex -9.165184020996094 -6.674922943115234 3.073885917663574
    endloop
  endfacet
  facet normal -0.2974367692642465 -0.6200551543885476 -0.7259910287364727
    outer loop
      vertex -9.15538501739502 -5.324499130249023 9.07550048828125
      vertex -7.899999618530273 -5.601902008056641 8.798096656799316
      vertex -9.169441223144531 -5.6764044761657715 9.381814956665039
    endloop
  endfacet
  facet normal -0.297437945395673 -0.725993782585986 -0.6200513658442282
    outer loop
      vertex -9.17261791229248 -4.948954105377197 8.644059181213379
      vertex -7.899999618530273 -5.601902008056641 8.798096656799316
      vertex -9.169441223144531 -5.018184661865234 8.723594665527344
    endloop
  endfacet
  facet normal -0.2974369380590222 -0.7259923335087869 -0.6200535457237059
    outer loop
      vertex -7.899999618530273 -5.601902008056641 8.798096656799316
      vertex -9.17261791229248 -4.948954105377197 8.644059181213379
      vertex -7.899999618530273 -5.270694732666016 8.410301208496094
    endloop
  endfacet
  facet normal -0.29743675920484974 -0.2228816583582415 -0.9283615355243862
    outer loop
      vertex -7.899999618530273 -7.391587257385254 9.709986686706543
      vertex -9.16624927520752 -7.300254821777344 10.093751907348633
      vertex -9.142538070678711 -7.191845893859863 10.060128211975098
    endloop
  endfacet
  facet normal -0.29743676410366293 -0.22287315491036833 -0.928363575427128
    outer loop
      vertex -9.16624927520752 -7.300254821777344 10.093751907348633
      vertex -7.899999618530273 -7.391587257385254 9.709986686706543
      vertex -9.17261791229248 -7.32937479019165 10.102783203125
    endloop
  endfacet
  facet normal -0.2974365721636323 -0.22287946792476301 -0.9283621213282686
    outer loop
      vertex -7.899999618530273 -7.391587257385254 9.709986686706543
      vertex -9.142538070678711 -7.191845893859863 10.060128211975098
      vertex -9.171795845031738 -6.874601364135742 9.993338584899902
    endloop
  endfacet
  facet normal -0.2974368106662993 -0.07490427938994464 -0.9517986617923633
    outer loop
      vertex -9.158659934997559 -7.791536331176758 10.134795188903809
      vertex -7.899999618530273 -7.899999618530273 9.75
      vertex -9.155384063720703 -7.899999618530273 10.14230728149414
    endloop
  endfacet
  facet normal -0.2974370714786252 -0.07490887950401798 -0.9517982182593493
    outer loop
      vertex -7.899999618530273 -7.899999618530273 9.75
      vertex -9.158659934997559 -7.791536331176758 10.134795188903809
      vertex -7.899999618530273 -7.391587257385254 9.709986686706543
    endloop
  endfacet
  facet normal -0.2974368217695103 -0.8820660023083118 0.3653640713418413
    outer loop
      vertex -9.138273239135742 -4.550244331359863 5.112485885620117
      vertex -7.899999618530273 -4.809065818786621 5.495694160461426
      vertex -9.181260108947754 -4.428268909454346 5.371965408325195
    endloop
  endfacet
  facet normal -0.2974368756283286 -0.8820658770029645 0.36536433000971674
    outer loop
      vertex -9.15571403503418 -4.58969259262085 5.003051280975342
      vertex -7.899999618530273 -4.809065818786621 5.495694160461426
      vertex -9.138273239135742 -4.550244331359863 5.112485885620117
    endloop
  endfacet
  facet normal -0.2974372995905168 -0.8820651528481723 0.3653657331267281
    outer loop
      vertex -7.899999618530273 -4.809065818786621 5.495694160461426
      vertex -9.15571403503418 -4.58969259262085 5.003051280975342
      vertex -9.165184020996094 -4.611111640930176 4.943632125854492
    endloop
  endfacet
  facet normal -0.2974373186753107 -0.3653616815866674 -0.8820668246155755
    outer loop
      vertex -7.899999618530273 -6.424530029296875 9.395771026611328
      vertex -9.15571403503418 -6.61776065826416 9.899242401123047
      vertex -9.138274192810059 -6.512485027313232 9.84975528717041
    endloop
  endfacet
  facet normal -0.2974366860298827 -0.365363926198152 -0.882066108200872
    outer loop
      vertex -9.15571403503418 -6.61776065826416 9.899242401123047
      vertex -7.899999618530273 -6.424530029296875 9.395771026611328
      vertex -9.165184020996094 -6.674922943115234 9.92611312866211
    endloop
  endfacet
  facet normal -0.297436558966218 -0.36536551138327644 -0.8820654944401649
    outer loop
      vertex -7.899999618530273 -6.424530029296875 9.395771026611328
      vertex -9.138274192810059 -6.512485027313232 9.84975528717041
      vertex -9.18126106262207 -6.24275541305542 9.752524375915527
    endloop
  endfacet
  facet normal -0.29743689961256603 0.7259922768258396 0.6200536305337612
    outer loop
      vertex -7.899999618530273 -10.529304504394531 4.58969783782959
      vertex -9.15886402130127 -10.551322937011719 4.011606693267822
      vertex -9.17261791229248 -10.851044654846191 4.3559393882751465
    endloop
  endfacet
  facet normal -0.29745932889866755 0.7259396565310807 0.62010447726709
    outer loop
      vertex -9.15886402130127 -10.551322937011719 4.011606693267822
      vertex -7.899999618530273 -10.529304504394531 4.58969783782959
      vertex -9.158659934997559 -10.546882629394531 4.006506443023682
    endloop
  endfacet
  facet normal -0.29743684151723704 -0.8820661527976711 -0.3653636919522322
    outer loop
      vertex -9.165184020996094 -4.611111640930176 8.056366920471191
      vertex -7.899999618530273 -5.004228591918945 7.975468635559082
      vertex -9.181260108947754 -4.647475242614746 8.157243728637695
    endloop
  endfacet
  facet normal -0.29743680415524615 -0.8820659013945716 -0.36536432930828866
    outer loop
      vertex -7.899999618530273 -5.004228591918945 7.975468635559082
      vertex -9.165184020996094 -4.611111640930176 8.056366920471191
      vertex -7.899999618530273 -4.809065818786621 7.504304885864258
    endloop
  endfacet
  facet normal -0.2974370715705926 -0.22288098361191308 -0.9283615974391101
    outer loop
      vertex -9.171795845031738 -6.874601364135742 9.993338584899902
      vertex -7.899999618530273 -6.895694732666016 9.590932846069336
      vertex -7.899999618530273 -7.391587257385254 9.709986686706543
    endloop
  endfacet
  facet normal -0.29743697362080035 -0.2228828004379204 -0.9283611926358455
    outer loop
      vertex -7.899999618530273 -6.895694732666016 9.590932846069336
      vertex -9.171795845031738 -6.874601364135742 9.993338584899902
      vertex -9.18126106262207 -6.771965980529785 9.97173023223877
    endloop
  endfacet
  facet normal -0.2974370714786252 0.07490887950401798 -0.9517982182593493
    outer loop
      vertex -9.158659934997559 -8.008462905883789 10.134795188903809
      vertex -7.899999618530273 -7.899999618530273 9.75
      vertex -7.899999618530273 -8.408411979675293 9.709986686706543
    endloop
  endfacet
  facet normal -0.2974368106662993 0.07490427938994464 -0.9517986617923633
    outer loop
      vertex -7.899999618530273 -7.899999618530273 9.75
      vertex -9.158659934997559 -8.008462905883789 10.134795188903809
      vertex -9.155384063720703 -7.899999618530273 10.14230728149414
    endloop
  endfacet
  facet normal -0.2974368581291049 0.8140508910269435 0.4988511423706736
    outer loop
      vertex -7.899999618530273 -10.795770645141602 5.024530410766602
      vertex -9.142538070678711 -10.918130874633789 4.483348369598389
      vertex -9.181260108947754 -11.1525239944458 4.842755317687988
    endloop
  endfacet
  facet normal -0.2974394684454587 0.814045520465481 0.4988583498559156
    outer loop
      vertex -9.142538070678711 -10.918130874633789 4.483348369598389
      vertex -7.899999618530273 -10.795770645141602 5.024530410766602
      vertex -9.149081230163574 -10.903536796569824 4.455632209777832
    endloop
  endfacet
  facet normal -0.2974373199631473 0.6200521636889313 -0.725993357406123
    outer loop
      vertex -9.158659934997559 -10.393492698669434 9.146883010864258
      vertex -7.899999618530273 -10.19809627532959 8.798096656799316
      vertex -9.155384063720703 -10.475500106811523 9.07550048828125
    endloop
  endfacet
  facet normal -0.29743708104095323 0.6200554308272417 -0.7259906649010586
    outer loop
      vertex -7.899999618530273 -10.19809627532959 8.798096656799316
      vertex -9.158659934997559 -10.393492698669434 9.146883010864258
      vertex -7.899999618530273 -9.810301780700684 9.129304885864258
    endloop
  endfacet
  facet normal -0.29743680203612516 -0.49885160885524815 -0.814050625659764
    outer loop
      vertex -9.14908218383789 -5.855631351470947 9.50353717803955
      vertex -7.899999618530273 -5.989697456359863 9.129304885864258
      vertex -7.899999618530273 -6.424530029296875 9.395771026611328
    endloop
  endfacet
  facet normal -0.2974368620731681 -0.4988507354860136 -0.814051138925025
    outer loop
      vertex -9.16624927520752 -5.78291654586792 9.465250015258789
      vertex -7.899999618530273 -5.989697456359863 9.129304885864258
      vertex -9.14908218383789 -5.855631351470947 9.50353717803955
    endloop
  endfacet
  facet normal -0.29743686357479004 -0.4988530199726493 -0.8140497384379897
    outer loop
      vertex -7.899999618530273 -5.989697456359863 9.129304885864258
      vertex -9.16624927520752 -5.78291654586792 9.465250015258789
      vertex -9.17261791229248 -5.75593900680542 9.451045036315918
    endloop
  endfacet
  facet normal -0.2974370448390378 0.9283635054339952 0.22287307180483845
    outer loop
      vertex -7.899999618530273 -11.109986305236816 5.9915876388549805
      vertex -9.166248321533203 -11.493751525878906 5.900254726409912
      vertex -9.172616958618164 -11.502782821655273 5.929374694824219
    endloop
  endfacet
  facet normal -0.2974370414018779 0.9283620722901132 0.2228790459762966
    outer loop
      vertex -7.899999618530273 -11.109986305236816 5.9915876388549805
      vertex -9.149080276489258 -11.469407081604004 5.821763515472412
      vertex -9.166248321533203 -11.493751525878906 5.900254726409912
    endloop
  endfacet
  facet normal -0.2974370320432006 0.9283621119817396 0.22287889313736328
    outer loop
      vertex -9.149080276489258 -11.469407081604004 5.821763515472412
      vertex -7.899999618530273 -11.109986305236816 5.9915876388549805
      vertex -7.899999618530273 -10.990933418273926 5.495694160461426
    endloop
  endfacet
  facet normal -0.29743380118128065 0.928360680144921 0.22288916859218116
    outer loop
      vertex -7.899999618530273 -10.990933418273926 5.495694160461426
      vertex -9.142537117004395 -11.460127830505371 5.791845798492432
      vertex -9.149080276489258 -11.469407081604004 5.821763515472412
    endloop
  endfacet
  facet normal -0.2974373403433544 0.9283624413233015 0.2228771098828035
    outer loop
      vertex -7.899999618530273 -10.990933418273926 5.495694160461426
      vertex -9.153098106384277 -11.436017990112305 5.67732572555542
      vertex -9.142537117004395 -11.460127830505371 5.791845798492432
    endloop
  endfacet
  facet normal -0.29743650668199545 0.9283617401237982 0.22288114313939755
    outer loop
      vertex -9.153098106384277 -11.436017990112305 5.67732572555542
      vertex -7.899999618530273 -10.990933418273926 5.495694160461426
      vertex -9.181260108947754 -11.371729850769043 5.371965408325195
    endloop
  endfacet
  facet normal -0.2974372302100551 0.22288097207451346 0.9283615493826156
    outer loop
      vertex -9.171795845031738 -8.925397872924805 3.006660223007202
      vertex -7.899999618530273 -8.904304504394531 3.4090662002563477
      vertex -7.899999618530273 -8.408411979675293 3.2900123596191406
    endloop
  endfacet
  facet normal -0.29743724196851484 0.22288075397100865 0.9283615979775756
    outer loop
      vertex -7.899999618530273 -8.904304504394531 3.4090662002563477
      vertex -9.171795845031738 -8.925397872924805 3.006660223007202
      vertex -9.18126106262207 -9.028033256530762 3.028268337249756
    endloop
  endfacet
  facet normal -0.2974370320432006 0.9283621119817396 -0.22287889313736328
    outer loop
      vertex -7.899999618530273 -11.109986305236816 7.008411407470703
      vertex -9.149080276489258 -11.469407081604004 7.1782355308532715
      vertex -7.899999618530273 -10.990933418273926 7.504304885864258
    endloop
  endfacet
  facet normal -0.2974372436841649 0.9283612143656382 -0.22288234952800587
    outer loop
      vertex -9.149080276489258 -11.469407081604004 7.1782355308532715
      vertex -7.899999618530273 -11.109986305236816 7.008411407470703
      vertex -9.166247367858887 -11.493751525878906 7.0997443199157715
    endloop
  endfacet
  facet normal -0.2974372542568846 0.9283656296619355 -0.2228639437919991
    outer loop
      vertex -9.166247367858887 -11.493751525878906 7.0997443199157715
      vertex -7.899999618530273 -11.109986305236816 7.008411407470703
      vertex -9.172616958618164 -11.502782821655273 7.070624351501465
    endloop
  endfacet
  facet normal -0.29743646014240577 -0.6200559681769975 0.725990460340934
    outer loop
      vertex -9.17261791229248 -5.75593900680542 3.5489535331726074
      vertex -7.899999618530273 -5.601902008056641 4.201902389526367
      vertex -9.169441223144531 -5.6764044761657715 3.6181840896606445
    endloop
  endfacet
  facet normal -0.29743711949195684 -0.6200545413510783 0.7259914088322474
    outer loop
      vertex -7.899999618530273 -5.601902008056641 4.201902389526367
      vertex -9.17261791229248 -5.75593900680542 3.5489535331726074
      vertex -7.899999618530273 -5.989697456359863 3.870694160461426
    endloop
  endfacet
  facet normal -0.29743708509154926 0.36536299417043194 0.882066359693566
    outer loop
      vertex -7.899999618530273 -9.375468254089355 3.6042280197143555
      vertex -9.165184020996094 -9.125076293945312 3.0738861560821533
      vertex -9.138273239135742 -9.287513732910156 3.1502442359924316
    endloop
  endfacet
  facet normal -0.2974369400372199 0.36536372541056483 0.8820661057173712
    outer loop
      vertex -7.899999618530273 -9.375468254089355 3.6042280197143555
      vertex -9.138273239135742 -9.287513732910156 3.1502442359924316
      vertex -9.18126106262207 -9.557243347167969 3.247474193572998
    endloop
  endfacet
  facet normal -0.29743682537838845 0.4988508096657947 0.8140511068751194
    outer loop
      vertex -9.14908218383789 -9.944367408752441 3.4964616298675537
      vertex -7.899999618530273 -9.810301780700684 3.870694160461426
      vertex -7.899999618530273 -9.375468254089355 3.6042280197143555
    endloop
  endfacet
  facet normal -0.2974371073603899 0.498846707586885 0.8140535175864108
    outer loop
      vertex -9.16624927520752 -10.017082214355469 3.5347483158111572
      vertex -7.899999618530273 -9.810301780700684 3.870694160461426
      vertex -9.14908218383789 -9.944367408752441 3.4964616298675537
    endloop
  endfacet
  facet normal -0.29743710797772394 0.49884764498832823 0.8140529429265928
    outer loop
      vertex -7.899999618530273 -9.810301780700684 3.870694160461426
      vertex -9.16624927520752 -10.017082214355469 3.5347483158111572
      vertex -9.172618865966797 -10.044060707092285 3.5489532947540283
    endloop
  endfacet
  facet normal -0.29743697885182363 -0.9517983756656392 -0.07490724725786312
    outer loop
      vertex -9.158659934997559 -4.265204429626465 6.608463287353516
      vertex -7.899999618530273 -4.690011978149414 7.008411407470703
      vertex -9.17261791229248 -4.297214984893799 7.070624351501465
    endloop
  endfacet
  facet normal -0.2974370467364745 -0.9517982603367717 0.07490844310609775
    outer loop
      vertex -9.158659934997559 -4.265204429626465 6.391536712646484
      vertex -7.899999618530273 -4.649999618530273 6.5
      vertex -9.155384063720703 -4.257691860198975 6.5
    endloop
  endfacet
  facet normal -0.29743697101656635 -0.9517983891071191 0.07490710757720895
    outer loop
      vertex -7.899999618530273 -4.649999618530273 6.5
      vertex -9.158659934997559 -4.265204429626465 6.391536712646484
      vertex -7.899999618530273 -4.690011978149414 5.9915876388549805
    endloop
  endfacet
  facet normal -0.2974372995905168 -0.8820651528481723 -0.3653657331267281
    outer loop
      vertex -9.15571403503418 -4.58969259262085 7.996947765350342
      vertex -7.899999618530273 -4.809065818786621 7.504304885864258
      vertex -9.165184020996094 -4.611111640930176 8.056366920471191
    endloop
  endfacet
  facet normal -0.2974368756283286 -0.8820658770029645 -0.36536433000971674
    outer loop
      vertex -9.138273239135742 -4.550244331359863 7.887513160705566
      vertex -7.899999618530273 -4.809065818786621 7.504304885864258
      vertex -9.15571403503418 -4.58969259262085 7.996947765350342
    endloop
  endfacet
  facet normal -0.2974368217695103 -0.8820660023083118 -0.3653640713418413
    outer loop
      vertex -7.899999618530273 -4.809065818786621 7.504304885864258
      vertex -9.138273239135742 -4.550244331359863 7.887513160705566
      vertex -9.181260108947754 -4.428268909454346 7.628033638000488
    endloop
  endfacet
  facet normal -0.2974359577942713 -0.7259905685607295 0.6200560824408331
    outer loop
      vertex -7.899999618530273 -5.601902008056641 4.201902389526367
      vertex -9.17261791229248 -4.948954105377197 4.3559393882751465
      vertex -9.169441223144531 -5.018184661865234 4.276404857635498
    endloop
  endfacet
  facet normal -0.2974371498330273 -0.7259922833406255 0.6200535028762197
    outer loop
      vertex -9.17261791229248 -4.948954105377197 4.3559393882751465
      vertex -7.899999618530273 -5.601902008056641 4.201902389526367
      vertex -7.899999618530273 -5.270694732666016 4.58969783782959
    endloop
  endfacet
  facet normal -0.2974373118833203 0.3653627448641199 -0.8820663864840224
    outer loop
      vertex -9.165184020996094 -9.125076293945312 9.92611312866211
      vertex -7.899999618530273 -8.904304504394531 9.590932846069336
      vertex -7.899999618530273 -9.375468254089355 9.395771026611328
    endloop
  endfacet
  facet normal -0.29743705509299034 0.36535842555978665 -0.8820682621714055
    outer loop
      vertex -7.899999618530273 -8.904304504394531 9.590932846069336
      vertex -9.165184020996094 -9.125076293945312 9.92611312866211
      vertex -9.18126106262207 -9.028033256530762 9.97173023223877
    endloop
  endfacet
  facet normal -0.2974373321942998 0.620055990380112 -0.7259900840995532
    outer loop
      vertex -7.899999618530273 -9.810301780700684 9.129304885864258
      vertex -9.158659934997559 -10.393492698669434 9.146883010864258
      vertex -9.172618865966797 -10.044060707092285 9.451045989990234
    endloop
  endfacet
  facet normal -0.2974366680615297 0.07491017470933885 -0.951798242390409
    outer loop
      vertex -9.158659934997559 -8.008462905883789 10.134795188903809
      vertex -7.899999618530273 -8.408411979675293 9.709986686706543
      vertex -9.17261791229248 -8.470623970031738 10.102783203125
    endloop
  endfacet
  facet normal -0.29743705401662895 0.49885178145865644 -0.8140504278196982
    outer loop
      vertex -7.899999618530273 -9.375468254089355 9.395771026611328
      vertex -9.14908218383789 -9.944367408752441 9.50353717803955
      vertex -9.142539024353027 -9.916650772094727 9.518131256103516
    endloop
  endfacet
  facet normal -0.29743722864483724 0.49885226363316537 -0.8140500685364173
    outer loop
      vertex -9.15310001373291 -9.818624496459961 9.582060813903809
      vertex -7.899999618530273 -9.375468254089355 9.395771026611328
      vertex -9.142539024353027 -9.916650772094727 9.518131256103516
    endloop
  endfacet
  facet normal -0.29743668490765857 0.49885008012995036 -0.8140516052594481
    outer loop
      vertex -7.899999618530273 -9.375468254089355 9.395771026611328
      vertex -9.15310001373291 -9.818624496459961 9.582060813903809
      vertex -9.18126106262207 -9.557243347167969 9.752524375915527
    endloop
  endfacet
  facet normal -0.2974366397019798 0.36536371552729335 -0.8820662110855884
    outer loop
      vertex -7.899999618530273 -9.375468254089355 9.395771026611328
      vertex -9.18126106262207 -9.557243347167969 9.752524375915527
      vertex -9.138273239135742 -9.287513732910156 9.849754333496094
    endloop
  endfacet
  facet normal -0.2974360840240722 0.3653665167719726 -0.8820652381441753
    outer loop
      vertex -7.899999618530273 -9.375468254089355 9.395771026611328
      vertex -9.138273239135742 -9.287513732910156 9.849754333496094
      vertex -9.165184020996094 -9.125076293945312 9.92611312866211
    endloop
  endfacet
  facet normal -0.29743680415524615 0.8820659013945716 0.36536432930828866
    outer loop
      vertex -7.899999618530273 -10.795770645141602 5.024530410766602
      vertex -9.165184020996094 -11.188887596130371 4.943632125854492
      vertex -7.899999618530273 -10.990933418273926 5.495694160461426
    endloop
  endfacet
  facet normal -0.29743684151723704 0.8820661527976711 0.3653636919522322
    outer loop
      vertex -9.165184020996094 -11.188887596130371 4.943632125854492
      vertex -7.899999618530273 -10.795770645141602 5.024530410766602
      vertex -9.181260108947754 -11.1525239944458 4.842755317687988
    endloop
  endfacet
  facet normal -0.2974369845598145 -0.8140493945956717 -0.4988535089326176
    outer loop
      vertex -9.149081230163574 -4.8964619636535645 8.544366836547852
      vertex -7.899999618530273 -5.270694732666016 8.410301208496094
      vertex -9.17261791229248 -4.948954105377197 8.644059181213379
    endloop
  endfacet
  facet normal -0.2974371187206686 -0.8140505415393061 -0.4988515573060883
    outer loop
      vertex -7.899999618530273 -5.270694732666016 8.410301208496094
      vertex -9.149081230163574 -4.8964619636535645 8.544366836547852
      vertex -7.899999618530273 -5.004228591918945 7.975468635559082
    endloop
  endfacet
  facet normal -0.29743655437584815 0.882066624411606 -0.3653627871310075
    outer loop
      vertex -9.138273239135742 -11.249754905700684 7.887513160705566
      vertex -7.899999618530273 -10.990933418273926 7.504304885864258
      vertex -9.181260108947754 -11.371729850769043 7.628033638000488
    endloop
  endfacet
  facet normal -0.29743617452797444 0.8820675081389406 -0.3653609628404821
    outer loop
      vertex -9.15571403503418 -11.210307121276855 7.996947765350342
      vertex -7.899999618530273 -10.990933418273926 7.504304885864258
      vertex -9.138273239135742 -11.249754905700684 7.887513160705566
    endloop
  endfacet
  facet normal -0.2974394987236151 0.8820618301633176 -0.36537196439790404
    outer loop
      vertex -7.899999618530273 -10.990933418273926 7.504304885864258
      vertex -9.15571403503418 -11.210307121276855 7.996947765350342
      vertex -9.165184020996094 -11.188887596130371 8.056366920471191
    endloop
  endfacet
  facet normal -0.297436835449597 0.8140506167841964 0.4988516034162852
    outer loop
      vertex -7.899999618530273 -10.529304504394531 4.58969783782959
      vertex -9.149081230163574 -10.903536796569824 4.455632209777832
      vertex -7.899999618530273 -10.795770645141602 5.024530410766602
    endloop
  endfacet
  facet normal -0.2974368288228441 0.814050560131584 0.49885169981595184
    outer loop
      vertex -9.149081230163574 -10.903536796569824 4.455632209777832
      vertex -7.899999618530273 -10.529304504394531 4.58969783782959
      vertex -9.17261791229248 -10.851044654846191 4.3559393882751465
    endloop
  endfacet
  facet normal -0.29743655437584815 0.882066624411606 0.3653627871310075
    outer loop
      vertex -7.899999618530273 -10.990933418273926 5.495694160461426
      vertex -9.138273239135742 -11.249754905700684 5.112485885620117
      vertex -9.181260108947754 -11.371729850769043 5.371965408325195
    endloop
  endfacet
  facet normal -0.29743617452797444 0.8820675081389406 0.3653609628404821
    outer loop
      vertex -7.899999618530273 -10.990933418273926 5.495694160461426
      vertex -9.15571403503418 -11.210307121276855 5.003051280975342
      vertex -9.138273239135742 -11.249754905700684 5.112485885620117
    endloop
  endfacet
  facet normal -0.2974394987236151 0.8820618301633176 0.36537196439790404
    outer loop
      vertex -9.15571403503418 -11.210307121276855 5.003051280975342
      vertex -7.899999618530273 -10.990933418273926 5.495694160461426
      vertex -9.165184020996094 -11.188887596130371 4.943632125854492
    endloop
  endfacet
  facet normal -0.29743684151723704 0.8820661527976711 -0.3653636919522322
    outer loop
      vertex -7.899999618530273 -10.795770645141602 7.975468635559082
      vertex -9.165184020996094 -11.188887596130371 8.056366920471191
      vertex -9.181260108947754 -11.1525239944458 8.157243728637695
    endloop
  endfacet
  facet normal -0.29743680415524615 0.8820659013945716 -0.36536432930828866
    outer loop
      vertex -9.165184020996094 -11.188887596130371 8.056366920471191
      vertex -7.899999618530273 -10.795770645141602 7.975468635559082
      vertex -7.899999618530273 -10.990933418273926 7.504304885864258
    endloop
  endfacet
  facet normal -0.29743650668199545 0.9283617401237982 -0.22288114313939755
    outer loop
      vertex -7.899999618530273 -10.990933418273926 7.504304885864258
      vertex -9.153098106384277 -11.436017990112305 7.322673320770264
      vertex -9.181260108947754 -11.371729850769043 7.628033638000488
    endloop
  endfacet
  facet normal -0.2974373403433544 0.9283624413233015 -0.2228771098828035
    outer loop
      vertex -7.899999618530273 -10.990933418273926 7.504304885864258
      vertex -9.142537117004395 -11.460127830505371 7.208153247833252
      vertex -9.153098106384277 -11.436017990112305 7.322673320770264
    endloop
  endfacet
  facet normal -0.29743380118128065 0.928360680144921 -0.22288916859218116
    outer loop
      vertex -9.142537117004395 -11.460127830505371 7.208153247833252
      vertex -7.899999618530273 -10.990933418273926 7.504304885864258
      vertex -9.149080276489258 -11.469407081604004 7.1782355308532715
    endloop
  endfacet
  facet normal -0.2974370467364745 -0.9517982603367717 -0.07490844310609775
    outer loop
      vertex -7.899999618530273 -4.649999618530273 6.5
      vertex -9.158659934997559 -4.265204429626465 6.608463287353516
      vertex -9.155384063720703 -4.257691860198975 6.5
    endloop
  endfacet
  facet normal -0.2974369789230414 -0.9517983756613787 -0.07490724702921135
    outer loop
      vertex -9.158659934997559 -4.265204429626465 6.608463287353516
      vertex -7.899999618530273 -4.649999618530273 6.5
      vertex -7.899999618530273 -4.690011978149414 7.008411407470703
    endloop
  endfacet
  facet normal -0.29743694367156726 -0.49885158580017386 0.8140505880373583
    outer loop
      vertex -7.899999618530273 -5.989697456359863 3.870694160461426
      vertex -9.14908218383789 -5.855631351470947 3.4964616298675537
      vertex -7.899999618530273 -6.424530029296875 3.6042280197143555
    endloop
  endfacet
  facet normal -0.2974368633997564 -0.49885275351864994 0.8140499017859875
    outer loop
      vertex -7.899999618530273 -5.989697456359863 3.870694160461426
      vertex -9.16624927520752 -5.78291654586792 3.5347490310668945
      vertex -9.14908218383789 -5.855631351470947 3.4964616298675537
    endloop
  endfacet
  facet normal -0.29743685640490064 -0.49884214116063047 0.8140564075383524
    outer loop
      vertex -9.16624927520752 -5.78291654586792 3.5347490310668945
      vertex -7.899999618530273 -5.989697456359863 3.870694160461426
      vertex -9.17261791229248 -5.75593900680542 3.5489535331726074
    endloop
  endfacet
  facet normal -0.29743707938521147 0.9517982048130551 -0.07490901895927533
    outer loop
      vertex -7.899999618530273 -11.149999618530273 6.5
      vertex -9.158659934997559 -11.534794807434082 6.608463287353516
      vertex -7.899999618530273 -11.109986305236816 7.008411407470703
    endloop
  endfacet
  facet normal -0.2974368106662993 0.9517986617923633 -0.07490427938994464
    outer loop
      vertex -9.158659934997559 -11.534794807434082 6.608463287353516
      vertex -7.899999618530273 -11.149999618530273 6.5
      vertex -9.155384063720703 -11.542306900024414 6.5
    endloop
  endfacet
  facet normal -0.2974370715705926 0.22288098361191308 -0.9283615974391101
    outer loop
      vertex -7.899999618530273 -8.904304504394531 9.590932846069336
      vertex -9.171795845031738 -8.925397872924805 9.993338584899902
      vertex -7.899999618530273 -8.408411979675293 9.709986686706543
    endloop
  endfacet
  facet normal -0.29743697362080035 0.2228828004379204 -0.9283611926358455
    outer loop
      vertex -9.171795845031738 -8.925397872924805 9.993338584899902
      vertex -7.899999618530273 -8.904304504394531 9.590932846069336
      vertex -9.18126106262207 -9.028033256530762 9.97173023223877
    endloop
  endfacet
  facet normal -0.2974367050937093 0.8140495023658195 -0.4988534996980168
    outer loop
      vertex -7.899999618530273 -10.529304504394531 8.410301208496094
      vertex -9.149081230163574 -10.903536796569824 8.544366836547852
      vertex -9.17261791229248 -10.851044654846191 8.644059181213379
    endloop
  endfacet
  facet normal -0.297436835449597 0.8140506167841964 -0.4988516034162852
    outer loop
      vertex -9.149081230163574 -10.903536796569824 8.544366836547852
      vertex -7.899999618530273 -10.529304504394531 8.410301208496094
      vertex -7.899999618530273 -10.795770645141602 7.975468635559082
    endloop
  endfacet
  facet normal -0.2974324608632531 0.7260022378942069 -0.6200440966555789
    outer loop
      vertex -7.899999618530273 -10.529304504394531 8.410301208496094
      vertex -9.15886402130127 -10.551322937011719 8.988391876220703
      vertex -9.158659934997559 -10.546882629394531 8.99349308013916
    endloop
  endfacet
  facet normal -0.2974366876819254 0.7259923224815585 -0.6200536787397017
    outer loop
      vertex -9.15886402130127 -10.551322937011719 8.988391876220703
      vertex -7.899999618530273 -10.529304504394531 8.410301208496094
      vertex -9.17261791229248 -10.851044654846191 8.644059181213379
    endloop
  endfacet
  facet normal -0.2974368106662993 0.9517986617923633 0.07490427938994464
    outer loop
      vertex -7.899999618530273 -11.149999618530273 6.5
      vertex -9.158659934997559 -11.534794807434082 6.391536712646484
      vertex -9.155384063720703 -11.542306900024414 6.5
    endloop
  endfacet
  facet normal -0.2974370714786252 0.9517982182593493 0.07490887950401798
    outer loop
      vertex -9.158659934997559 -11.534794807434082 6.391536712646484
      vertex -7.899999618530273 -11.149999618530273 6.5
      vertex -7.899999618530273 -11.109986305236816 5.9915876388549805
    endloop
  endfacet
  facet normal -1 0 0
    outer loop
      vertex -7.899999618530273 -4.690011978149414 5.9915876388549805
      vertex -7.899999618530273 -4.690011978149414 7.008411407470703
      vertex -7.899999618530273 -4.649999618530273 6.5
    endloop
  endfacet
  facet normal -1 0 0
    outer loop
      vertex -7.899999618530273 -4.809065818786621 5.495694160461426
      vertex -7.899999618530273 -4.690011978149414 7.008411407470703
      vertex -7.899999618530273 -4.690011978149414 5.9915876388549805
    endloop
  endfacet
  facet normal -1 0 0
    outer loop
      vertex -7.899999618530273 -4.809065818786621 5.495694160461426
      vertex -7.899999618530273 -4.809065818786621 7.504304885864258
      vertex -7.899999618530273 -4.690011978149414 7.008411407470703
    endloop
  endfacet
  facet normal -1 0 0
    outer loop
      vertex -7.899999618530273 -5.004228591918945 5.024530410766602
      vertex -7.899999618530273 -4.809065818786621 7.504304885864258
      vertex -7.899999618530273 -4.809065818786621 5.495694160461426
    endloop
  endfacet
  facet normal -1 0 0
    outer loop
      vertex -7.899999618530273 -5.004228591918945 5.024530410766602
      vertex -7.899999618530273 -5.004228591918945 7.975468635559082
      vertex -7.899999618530273 -4.809065818786621 7.504304885864258
    endloop
  endfacet
  facet normal -1 0 0
    outer loop
      vertex -7.899999618530273 -5.270694732666016 4.58969783782959
      vertex -7.899999618530273 -5.004228591918945 7.975468635559082
      vertex -7.899999618530273 -5.004228591918945 5.024530410766602
    endloop
  endfacet
  facet normal -1 0 0
    outer loop
      vertex -7.899999618530273 -5.270694732666016 4.58969783782959
      vertex -7.899999618530273 -5.270694732666016 8.410301208496094
      vertex -7.899999618530273 -5.004228591918945 7.975468635559082
    endloop
  endfacet
  facet normal -1 0 0
    outer loop
      vertex -7.899999618530273 -5.601902008056641 4.201902389526367
      vertex -7.899999618530273 -5.270694732666016 8.410301208496094
      vertex -7.899999618530273 -5.270694732666016 4.58969783782959
    endloop
  endfacet
  facet normal -1 0 0
    outer loop
      vertex -7.899999618530273 -5.601902008056641 4.201902389526367
      vertex -7.899999618530273 -5.601902008056641 8.798096656799316
      vertex -7.899999618530273 -5.270694732666016 8.410301208496094
    endloop
  endfacet
  facet normal -1 0 0
    outer loop
      vertex -7.899999618530273 -5.989697456359863 3.870694160461426
      vertex -7.899999618530273 -5.601902008056641 8.798096656799316
      vertex -7.899999618530273 -5.601902008056641 4.201902389526367
    endloop
  endfacet
  facet normal -1 0 0
    outer loop
      vertex -7.899999618530273 -5.989697456359863 3.870694160461426
      vertex -7.899999618530273 -5.989697456359863 9.129304885864258
      vertex -7.899999618530273 -5.601902008056641 8.798096656799316
    endloop
  endfacet
  facet normal -1 0 0
    outer loop
      vertex -7.899999618530273 -6.424530029296875 3.6042280197143555
      vertex -7.899999618530273 -5.989697456359863 9.129304885864258
      vertex -7.899999618530273 -5.989697456359863 3.870694160461426
    endloop
  endfacet
  facet normal -1 0 0
    outer loop
      vertex -7.899999618530273 -6.424530029296875 3.6042280197143555
      vertex -7.899999618530273 -6.424530029296875 9.395771026611328
      vertex -7.899999618530273 -5.989697456359863 9.129304885864258
    endloop
  endfacet
  facet normal -1 0 0
    outer loop
      vertex -7.899999618530273 -6.895694732666016 3.4090662002563477
      vertex -7.899999618530273 -6.424530029296875 9.395771026611328
      vertex -7.899999618530273 -6.424530029296875 3.6042280197143555
    endloop
  endfacet
  facet normal -1 0 0
    outer loop
      vertex -7.899999618530273 -6.895694732666016 3.4090662002563477
      vertex -7.899999618530273 -6.895694732666016 9.590932846069336
      vertex -7.899999618530273 -6.424530029296875 9.395771026611328
    endloop
  endfacet
  facet normal -1 0 0
    outer loop
      vertex -7.899999618530273 -7.391587257385254 3.2900123596191406
      vertex -7.899999618530273 -6.895694732666016 9.590932846069336
      vertex -7.899999618530273 -6.895694732666016 3.4090662002563477
    endloop
  endfacet
  facet normal -1 0 0
    outer loop
      vertex -7.899999618530273 -7.391587257385254 3.2900123596191406
      vertex -7.899999618530273 -7.391587257385254 9.709986686706543
      vertex -7.899999618530273 -6.895694732666016 9.590932846069336
    endloop
  endfacet
  facet normal -1 0 0
    outer loop
      vertex -7.899999618530273 -7.899999618530273 3.25
      vertex -7.899999618530273 -7.391587257385254 9.709986686706543
      vertex -7.899999618530273 -7.391587257385254 3.2900123596191406
    endloop
  endfacet
  facet normal -1 0 0
    outer loop
      vertex -7.899999618530273 -7.899999618530273 3.25
      vertex -7.899999618530273 -7.899999618530273 9.75
      vertex -7.899999618530273 -7.391587257385254 9.709986686706543
    endloop
  endfacet
  facet normal -1 0 0
    outer loop
      vertex -7.899999618530273 -8.408411979675293 3.2900123596191406
      vertex -7.899999618530273 -7.899999618530273 9.75
      vertex -7.899999618530273 -7.899999618530273 3.25
    endloop
  endfacet
  facet normal -1 0 0
    outer loop
      vertex -7.899999618530273 -8.408411979675293 3.2900123596191406
      vertex -7.899999618530273 -8.408411979675293 9.709986686706543
      vertex -7.899999618530273 -7.899999618530273 9.75
    endloop
  endfacet
  facet normal -1 0 0
    outer loop
      vertex -7.899999618530273 -8.904304504394531 3.4090662002563477
      vertex -7.899999618530273 -8.408411979675293 9.709986686706543
      vertex -7.899999618530273 -8.408411979675293 3.2900123596191406
    endloop
  endfacet
  facet normal -1 0 0
    outer loop
      vertex -7.899999618530273 -8.904304504394531 3.4090662002563477
      vertex -7.899999618530273 -8.904304504394531 9.590932846069336
      vertex -7.899999618530273 -8.408411979675293 9.709986686706543
    endloop
  endfacet
  facet normal -1 0 0
    outer loop
      vertex -7.899999618530273 -9.375468254089355 3.6042280197143555
      vertex -7.899999618530273 -8.904304504394531 9.590932846069336
      vertex -7.899999618530273 -8.904304504394531 3.4090662002563477
    endloop
  endfacet
  facet normal -1 0 0
    outer loop
      vertex -7.899999618530273 -9.375468254089355 3.6042280197143555
      vertex -7.899999618530273 -9.375468254089355 9.395771026611328
      vertex -7.899999618530273 -8.904304504394531 9.590932846069336
    endloop
  endfacet
  facet normal -1 0 0
    outer loop
      vertex -7.899999618530273 -9.810301780700684 3.870694160461426
      vertex -7.899999618530273 -9.375468254089355 9.395771026611328
      vertex -7.899999618530273 -9.375468254089355 3.6042280197143555
    endloop
  endfacet
  facet normal -1 0 0
    outer loop
      vertex -7.899999618530273 -9.810301780700684 3.870694160461426
      vertex -7.899999618530273 -9.810301780700684 9.129304885864258
      vertex -7.899999618530273 -9.375468254089355 9.395771026611328
    endloop
  endfacet
  facet normal -1 0 0
    outer loop
      vertex -7.899999618530273 -10.19809627532959 4.201902389526367
      vertex -7.899999618530273 -9.810301780700684 9.129304885864258
      vertex -7.899999618530273 -9.810301780700684 3.870694160461426
    endloop
  endfacet
  facet normal -1 0 0
    outer loop
      vertex -7.899999618530273 -10.19809627532959 4.201902389526367
      vertex -7.899999618530273 -10.19809627532959 8.798096656799316
      vertex -7.899999618530273 -9.810301780700684 9.129304885864258
    endloop
  endfacet
  facet normal -1 0 0
    outer loop
      vertex -7.899999618530273 -10.529304504394531 4.58969783782959
      vertex -7.899999618530273 -10.19809627532959 8.798096656799316
      vertex -7.899999618530273 -10.19809627532959 4.201902389526367
    endloop
  endfacet
  facet normal -1 0 0
    outer loop
      vertex -7.899999618530273 -10.529304504394531 4.58969783782959
      vertex -7.899999618530273 -10.529304504394531 8.410301208496094
      vertex -7.899999618530273 -10.19809627532959 8.798096656799316
    endloop
  endfacet
  facet normal -1 0 0
    outer loop
      vertex -7.899999618530273 -10.795770645141602 5.024530410766602
      vertex -7.899999618530273 -10.529304504394531 8.410301208496094
      vertex -7.899999618530273 -10.529304504394531 4.58969783782959
    endloop
  endfacet
  facet normal -1 0 0
    outer loop
      vertex -7.899999618530273 -10.795770645141602 5.024530410766602
      vertex -7.899999618530273 -10.795770645141602 7.975468635559082
      vertex -7.899999618530273 -10.529304504394531 8.410301208496094
    endloop
  endfacet
  facet normal -1 0 0
    outer loop
      vertex -7.899999618530273 -10.990933418273926 5.495694160461426
      vertex -7.899999618530273 -10.795770645141602 7.975468635559082
      vertex -7.899999618530273 -10.795770645141602 5.024530410766602
    endloop
  endfacet
  facet normal -1 0 0
    outer loop
      vertex -7.899999618530273 -10.990933418273926 5.495694160461426
      vertex -7.899999618530273 -10.990933418273926 7.504304885864258
      vertex -7.899999618530273 -10.795770645141602 7.975468635559082
    endloop
  endfacet
  facet normal -1 0 0
    outer loop
      vertex -7.899999618530273 -11.109986305236816 5.9915876388549805
      vertex -7.899999618530273 -10.990933418273926 7.504304885864258
      vertex -7.899999618530273 -10.990933418273926 5.495694160461426
    endloop
  endfacet
  facet normal -1 0 0
    outer loop
      vertex -7.899999618530273 -11.109986305236816 5.9915876388549805
      vertex -7.899999618530273 -11.109986305236816 7.008411407470703
      vertex -7.899999618530273 -10.990933418273926 7.504304885864258
    endloop
  endfacet
  facet normal -1 0 0
    outer loop
      vertex -7.899999618530273 -11.109986305236816 7.008411407470703
      vertex -7.899999618530273 -11.109986305236816 5.9915876388549805
      vertex -7.899999618530273 -11.149999618530273 6.5
    endloop
  endfacet
  facet normal 0.7071067811865476 0 -0.7071067811865476
    outer loop
      vertex 9.34999942779541 -3 0.6855335235595703
      vertex 8.864465713500977 -6.5 0.19999980926513672
      vertex 8.66446590423584 -3 0
    endloop
  endfacet
  facet normal 0.7071067811865475 0 -0.7071067811865475
    outer loop
      vertex 9.34999942779541 -9.64301586151123 0.6855335235595703
      vertex 8.864465713500977 -6.5 0.19999980926513672
      vertex 9.34999942779541 -3 0.6855335235595703
    endloop
  endfacet
  facet normal 0.7071067811865475 0 -0.7071067811865475
    outer loop
      vertex 8.864465713500977 -6.5 0.19999980926513672
      vertex 9.34999942779541 -9.64301586151123 0.6855335235595703
      vertex 8.864465713500977 -9.362692832946777 0.19999980926513672
    endloop
  endfacet
  facet normal 0.7071067811865475 0 -0.7071067811865475
    outer loop
      vertex 8.66446590423584 -3 0
      vertex 8.864465713500977 -6.5 0.19999980926513672
      vertex 8.66446590423584 -6.5 0
    endloop
  endfacet
  facet normal -0.7071067811865475 0 -0.7071067811865475
    outer loop
      vertex -8.864465713500977 -6.5 0.19999980926513672
      vertex -8.66446590423584 -3 0
      vertex -8.66446590423584 -6.5 0
    endloop
  endfacet
  facet normal -0.7071067811865476 0 -0.7071067811865476
    outer loop
      vertex -8.66446590423584 -3 0
      vertex -8.864465713500977 -6.5 0.19999980926513672
      vertex -9.34999942779541 -3 0.6855335235595703
    endloop
  endfacet
  facet normal -0.7071067811865475 0 -0.7071067811865475
    outer loop
      vertex -9.34999942779541 -9.64301586151123 0.6855335235595703
      vertex -8.864465713500977 -6.5 0.19999980926513672
      vertex -8.864465713500977 -9.362692832946777 0.19999980926513672
    endloop
  endfacet
  facet normal -0.7071067811865475 0 -0.7071067811865475
    outer loop
      vertex -8.864465713500977 -6.5 0.19999980926513672
      vertex -9.34999942779541 -9.64301586151123 0.6855335235595703
      vertex -9.34999942779541 -3 0.6855335235595703
    endloop
  endfacet
  facet normal 0.7071069497738812 0 0.7071066125991735
    outer loop
      vertex -6.5 0 3.5000009536743164
      vertex -4.5 3 1.5
      vertex -6.5 3 3.5000009536743164
    endloop
  endfacet
  facet normal 0.7071069497738812 0 0.7071066125991735
    outer loop
      vertex -4.5 -3 1.5
      vertex -6.5 0 3.5000009536743164
      vertex -6.5 -3 3.5000009536743164
    endloop
  endfacet
  facet normal 0.7071069497738812 0 0.7071066125991735
    outer loop
      vertex -6.5 0 3.5000009536743164
      vertex -4.5 -3 1.5
      vertex -4.5 3 1.5
    endloop
  endfacet
  facet normal 0.7071069497738812 0 -0.7071066125991735
    outer loop
      vertex -4.5 3 11.5
      vertex -6.5 0 9.499999046325684
      vertex -6.5 3 9.499999046325684
    endloop
  endfacet
  facet normal 0.7071069497738812 0 -0.7071066125991735
    outer loop
      vertex -4.5 -3 11.5
      vertex -6.5 0 9.499999046325684
      vertex -4.5 3 11.5
    endloop
  endfacet
  facet normal 0.7071069497738812 0 -0.7071066125991735
    outer loop
      vertex -6.5 0 9.499999046325684
      vertex -4.5 -3 11.5
      vertex -6.5 -3 9.499999046325684
    endloop
  endfacet
  facet normal -0.7071069497738812 0 0.7071066125991735
    outer loop
      vertex 4.5 3 1.5
      vertex 6.5 0 3.5000009536743164
      vertex 6.5 3 3.5000009536743164
    endloop
  endfacet
  facet normal -0.7071069497738812 0 0.7071066125991735
    outer loop
      vertex 4.5 -3 1.5
      vertex 6.5 0 3.5000009536743164
      vertex 4.5 3 1.5
    endloop
  endfacet
  facet normal -0.7071069497738812 0 0.7071066125991735
    outer loop
      vertex 6.5 0 3.5000009536743164
      vertex 4.5 -3 1.5
      vertex 6.5 -3 3.5000009536743164
    endloop
  endfacet
  facet normal -0.7071069497738812 0 -0.7071066125991735
    outer loop
      vertex 6.5 0 9.499999046325684
      vertex 4.5 3 11.5
      vertex 6.5 3 9.499999046325684
    endloop
  endfacet
  facet normal -0.7071069497738812 0 -0.7071066125991735
    outer loop
      vertex 4.5 -3 11.5
      vertex 6.5 0 9.499999046325684
      vertex 6.5 -3 9.499999046325684
    endloop
  endfacet
  facet normal -0.7071069497738812 0 -0.7071066125991735
    outer loop
      vertex 6.5 0 9.499999046325684
      vertex 4.5 -3 11.5
      vertex 4.5 3 11.5
    endloop
  endfacet
  facet normal 0 0 -1
    outer loop
      vertex -4.5 -3 11.5
      vertex 4.5 3 11.5
      vertex 4.5 -3 11.5
    endloop
  endfacet
  facet normal 0 0 -1
    outer loop
      vertex 4.5 3 11.5
      vertex -4.5 -3 11.5
      vertex -4.5 3 11.5
    endloop
  endfacet
  facet normal 0 0 1
    outer loop
      vertex -4.5 -3 1.5
      vertex 0.2999992370605469 -1.913249135017395 1.5
      vertex -3.8227062225341797 3 1.5
    endloop
  endfacet
  facet normal 0 0 1
    outer loop
      vertex -4.5 -3 1.5
      vertex -3.8227062225341797 3 1.5
      vertex -4.5 3 1.5
    endloop
  endfacet
  facet normal 0 0 1
    outer loop
      vertex 0.2999992370605469 -1.913249135017395 1.5
      vertex -4.5 -3 1.5
      vertex 0.2999992370605469 -3 1.5
    endloop
  endfacet
  facet normal 0 0 1
    outer loop
      vertex 4.5 3 1.5
      vertex 3.8227062225341797 -3 1.5
      vertex 4.5 -3 1.5
    endloop
  endfacet
  facet normal 0 0 1
    outer loop
      vertex -0.2999992370605469 1.913249135017395 1.5
      vertex 4.5 3 1.5
      vertex -0.2999992370605469 3 1.5
    endloop
  endfacet
  facet normal 0 0 1
    outer loop
      vertex 4.5 3 1.5
      vertex -0.2999992370605469 1.913249135017395 1.5
      vertex 3.8227062225341797 -3 1.5
    endloop
  endfacet
  facet normal 1 0 0
    outer loop
      vertex 12.5 12.755901336669922 7.632472038269043
      vertex 12.5 13 6.5247344970703125
      vertex 12.5 12.974441528320312 6.816866874694824
    endloop
  endfacet
  facet normal 1 0 0
    outer loop
      vertex 12.5 13 6.5247344970703125
      vertex 12.5 12.755901336669922 7.632472038269043
      vertex 12.5 12.209178924560547 8.804922103881836
    endloop
  endfacet
  facet normal 1 0 0
    outer loop
      vertex 12.5 13 6.5247344970703125
      vertex 12.5 12.209178924560547 8.804922103881836
      vertex 12.5 11.298965454101562 10.104841232299805
    endloop
  endfacet
  facet normal 1 0 0
    outer loop
      vertex 12.5 13 6.5247344970703125
      vertex 12.5 11.298965454101562 10.104841232299805
      vertex 12.5 -3 0.8355340957641602
    endloop
  endfacet
  facet normal 1 0 0
    outer loop
      vertex 12.5 0 12.164464950561523
      vertex 12.5 11.298965454101562 10.104841232299805
      vertex 12.5 9.239341735839844 12.164464950561523
    endloop
  endfacet
  facet normal 1 0 0
    outer loop
      vertex 12.5 11.298965454101562 10.104841232299805
      vertex 12.5 0 12.164464950561523
      vertex 12.5 -3 0.8355340957641602
    endloop
  endfacet
  facet normal 1 0 0
    outer loop
      vertex 12.5 -3 0.8355340957641602
      vertex 12.5 0 12.164464950561523
      vertex 12.5 -3 12.164464950561523
    endloop
  endfacet
  facet normal 1 0 0
    outer loop
      vertex 12.5 13 6.5247344970703125
      vertex 12.5 -3 0.8355340957641602
      vertex 12.5 13 0.8355340957641602
    endloop
  endfacet
  facet normal -1 0 0
    outer loop
      vertex -12.5 -3 0.8355340957641602
      vertex -12.5 13 6.5247344970703125
      vertex -12.5 13 0.8355340957641602
    endloop
  endfacet
  facet normal -1 0 0
    outer loop
      vertex -12.5 11.298965454101562 10.104841232299805
      vertex -12.5 13 6.5247344970703125
      vertex -12.5 -3 0.8355340957641602
    endloop
  endfacet
  facet normal -1 0 0
    outer loop
      vertex -12.5 12.209178924560547 8.804922103881836
      vertex -12.5 13 6.5247344970703125
      vertex -12.5 11.298965454101562 10.104841232299805
    endloop
  endfacet
  facet normal -1 0 0
    outer loop
      vertex -12.5 13 6.5247344970703125
      vertex -12.5 12.755901336669922 7.632472038269043
      vertex -12.5 12.974441528320312 6.816866874694824
    endloop
  endfacet
  facet normal -1 0 0
    outer loop
      vertex -12.5 12.755901336669922 7.632472038269043
      vertex -12.5 13 6.5247344970703125
      vertex -12.5 12.209178924560547 8.804922103881836
    endloop
  endfacet
  facet normal -1 0 0
    outer loop
      vertex -12.5 0 12.164464950561523
      vertex -12.5 11.298965454101562 10.104841232299805
      vertex -12.5 -3 0.8355340957641602
    endloop
  endfacet
  facet normal -1 0 0
    outer loop
      vertex -12.5 11.298965454101562 10.104841232299805
      vertex -12.5 0 12.164464950561523
      vertex -12.5 9.239341735839844 12.164464950561523
    endloop
  endfacet
  facet normal -1 0 0
    outer loop
      vertex -12.5 0 12.164464950561523
      vertex -12.5 -3 0.8355340957641602
      vertex -12.5 -3 12.164464950561523
    endloop
  endfacet
  facet normal 0 1 0
    outer loop
      vertex -3.8227062225341797 3 1.5
      vertex -3.8227062225341797 3 0
      vertex -4.5 3 1.5
    endloop
  endfacet
  facet normal 0 1 0
    outer loop
      vertex -6.5 3 9.499999046325684
      vertex -9.5 3 11.5
      vertex -4.5 3 11.5
    endloop
  endfacet
  facet normal 0 1 0
    outer loop
      vertex -6.5 3 3.5000009536743164
      vertex -9.5 3 11.5
      vertex -6.5 3 9.499999046325684
    endloop
  endfacet
  facet normal 0 1 0
    outer loop
      vertex -9.5 3 0
      vertex -4.5 3 1.5
      vertex -3.8227062225341797 3 0
    endloop
  endfacet
  facet normal 0 1 0
    outer loop
      vertex -6.5 3 3.5000009536743164
      vertex -9.5 3 0
      vertex -9.5 3 11.5
    endloop
  endfacet
  facet normal 0 1 0
    outer loop
      vertex -4.5 3 1.5
      vertex -9.5 3 0
      vertex -6.5 3 3.5000009536743164
    endloop
  endfacet
  facet normal 0 1 0
    outer loop
      vertex 9.5 3 11.5
      vertex 6.5 3 9.499999046325684
      vertex 4.5 3 11.5
    endloop
  endfacet
  facet normal 0 1 0
    outer loop
      vertex 9.5 3 11.5
      vertex 6.5 3 3.5000009536743164
      vertex 6.5 3 9.499999046325684
    endloop
  endfacet
  facet normal 0 1 0
    outer loop
      vertex 9.5 3 0
      vertex 6.5 3 3.5000009536743164
      vertex 9.5 3 11.5
    endloop
  endfacet
  facet normal 0 1 0
    outer loop
      vertex 9.5 3 0
      vertex 4.5 3 1.5
      vertex 6.5 3 3.5000009536743164
    endloop
  endfacet
  facet normal 0 1 0
    outer loop
      vertex -0.2999992370605469 3 0
      vertex 4.5 3 1.5
      vertex 9.5 3 0
    endloop
  endfacet
  facet normal 0 1 0
    outer loop
      vertex 4.5 3 1.5
      vertex -0.2999992370605469 3 0
      vertex -0.2999992370605469 3 1.5
    endloop
  endfacet
  facet normal 0 -1 0
    outer loop
      vertex -6.5 -3 11.5
      vertex -6.5 -3 9.499999046325684
      vertex -4.5 -3 11.5
    endloop
  endfacet
  facet normal 0 -1 0
    outer loop
      vertex -6.5 -3 0
      vertex -4.5 -3 1.5
      vertex -6.5 -3 3.5000009536743164
    endloop
  endfacet
  facet normal 0 -1 0
    outer loop
      vertex 0.2999992370605469 -3 0
      vertex -4.5 -3 1.5
      vertex -6.5 -3 0
    endloop
  endfacet
  facet normal 0 -1 0
    outer loop
      vertex -4.5 -3 1.5
      vertex 0.2999992370605469 -3 0
      vertex 0.2999992370605469 -3 1.5
    endloop
  endfacet
  facet normal 0 -1 0
    outer loop
      vertex 3.8227062225341797 -3 1.5
      vertex 3.8227062225341797 -3 0
      vertex 4.5 -3 1.5
    endloop
  endfacet
  facet normal 0 -1 0
    outer loop
      vertex 6.5 -3 0
      vertex 4.5 -3 1.5
      vertex 3.8227062225341797 -3 0
    endloop
  endfacet
  facet normal 0 -1 0
    outer loop
      vertex 4.5 -3 1.5
      vertex 6.5 -3 0
      vertex 6.5 -3 3.5000009536743164
    endloop
  endfacet
  facet normal 0 -1 0
    outer loop
      vertex 6.5 -3 11.5
      vertex 4.5 -3 11.5
      vertex 6.5 -3 9.499999046325684
    endloop
  endfacet
  facet normal 0 -1 0
    outer loop
      vertex 9.34999942779541 -3 11.649999618530273
      vertex 12.5 -3 12.164464950561523
      vertex 11.915125846862793 -3 12.74933910369873
    endloop
  endfacet
  facet normal 0 -1 0
    outer loop
      vertex 9.34999942779541 -3 11.649999618530273
      vertex 12.5 -3 0.8355340957641602
      vertex 12.5 -3 12.164464950561523
    endloop
  endfacet
  facet normal 0 -1 0
    outer loop
      vertex 9.34999942779541 -3 0.6855335235595703
      vertex 12.5 -3 0.8355340957641602
      vertex 9.34999942779541 -3 11.649999618530273
    endloop
  endfacet
  facet normal 0 -1 0
    outer loop
      vertex 11.66446590423584 -3 0
      vertex 9.34999942779541 -3 0.6855335235595703
      vertex 8.66446590423584 -3 0
    endloop
  endfacet
  facet normal 0 -1 0
    outer loop
      vertex 9.34999942779541 -3 0.6855335235595703
      vertex 11.66446590423584 -3 0
      vertex 12.5 -3 0.8355340957641602
    endloop
  endfacet
  facet normal 0 -1 0
    outer loop
      vertex -12.5 -3 12.164464950561523
      vertex -9.34999942779541 -3 11.649999618530273
      vertex -11.915125846862793 -3 12.74933910369873
    endloop
  endfacet
  facet normal 0 -1 0
    outer loop
      vertex -12.5 -3 0.8355340957641602
      vertex -9.34999942779541 -3 11.649999618530273
      vertex -12.5 -3 12.164464950561523
    endloop
  endfacet
  facet normal 0 -1 0
    outer loop
      vertex -12.5 -3 0.8355340957641602
      vertex -9.34999942779541 -3 0.6855335235595703
      vertex -9.34999942779541 -3 11.649999618530273
    endloop
  endfacet
  facet normal 0 -1 0
    outer loop
      vertex -11.66446590423584 -3 0
      vertex -9.34999942779541 -3 0.6855335235595703
      vertex -12.5 -3 0.8355340957641602
    endloop
  endfacet
  facet normal 0 -1 0
    outer loop
      vertex -9.34999942779541 -3 0.6855335235595703
      vertex -11.66446590423584 -3 0
      vertex -8.66446590423584 -3 0
    endloop
  endfacet
  facet normal -0.7660444490673598 -0.642787602597534 0
    outer loop
      vertex 3.8227062225341797 -3 0
      vertex -0.2999992370605469 1.913249135017395 1.5
      vertex -0.2999992370605469 1.913249135017395 0
    endloop
  endfacet
  facet normal -0.7660444490673598 -0.642787602597534 0
    outer loop
      vertex -0.2999992370605469 1.913249135017395 1.5
      vertex 3.8227062225341797 -3 0
      vertex 3.8227062225341797 -3 1.5
    endloop
  endfacet
  facet normal 0.7660444490673598 0.642787602597534 0
    outer loop
      vertex 0.2999992370605469 -1.913249135017395 1.5
      vertex -3.8227062225341797 3 0
      vertex -3.8227062225341797 3 1.5
    endloop
  endfacet
  facet normal 0.7660444490673598 0.642787602597534 0
    outer loop
      vertex -3.8227062225341797 3 0
      vertex 0.2999992370605469 -1.913249135017395 1.5
      vertex 0.2999992370605469 -1.913249135017395 0
    endloop
  endfacet
  facet normal 0 0 1
    outer loop
      vertex 9.5 8.403806686401367 13
      vertex 11.664464950561523 5 13
      vertex 11.664464950561523 8.403806686401367 13
    endloop
  endfacet
  facet normal 0 0 1
    outer loop
      vertex 11.664464950561523 5 13
      vertex 9.5 8.403806686401367 13
      vertex 9.5 5 13
    endloop
  endfacet
  facet normal 0 0 1
    outer loop
      vertex 9.5 2.549999237060547 13
      vertex 11.664464950561523 2.4499998092651367 13
      vertex 11.664464950561523 2.549999237060547 13
    endloop
  endfacet
  facet normal 0 0 1
    outer loop
      vertex 11.664464950561523 2.4499998092651367 13
      vertex 9.5 2.549999237060547 13
      vertex 9.5 2.4499998092651367 13
    endloop
  endfacet
  facet normal 0 0 1
    outer loop
      vertex 9.5 0.5499992370605469 13
      vertex 11.664464950561523 0.4499998092651367 13
      vertex 11.664464950561523 0.5499992370605469 13
    endloop
  endfacet
  facet normal 0 0 1
    outer loop
      vertex 11.664464950561523 0.4499998092651367 13
      vertex 9.5 0.5499992370605469 13
      vertex 9.5 0.4499998092651367 13
    endloop
  endfacet
  facet normal 0 0 0
    outer loop
      vertex 11.664464950561523 2.549999237060547 13
      vertex 11.664464950561523 2.4499998092651367 13
      vertex 11.664464950561523 0.5499992370605469 13
    endloop
  endfacet
  facet normal 0 0 0
    outer loop
      vertex 11.664464950561523 0.4499998092651367 13
      vertex 11.664464950561523 0 13
      vertex 11.664464950561523 8.403806686401367 13
    endloop
  endfacet
  facet normal 0 0 0
    outer loop
      vertex 11.664464950561523 2.549999237060547 13
      vertex 11.664464950561523 0.5499992370605469 13
      vertex 11.664464950561523 0.4499998092651367 13
    endloop
  endfacet
  facet normal 0 0 0
    outer loop
      vertex 11.664464950561523 8.403806686401367 13
      vertex 11.664464950561523 5 13
      vertex 11.664464950561523 2.549999237060547 13
    endloop
  endfacet
  facet normal 0 0 0
    outer loop
      vertex 11.664464950561523 2.549999237060547 13
      vertex 11.664464950561523 0.4499998092651367 13
      vertex 11.664464950561523 8.403806686401367 13
    endloop
  endfacet
  facet normal -1 0 0
    outer loop
      vertex 9.5 3 11.5
      vertex 9.5 5.340787887573242 8.722280502319336
      vertex 9.5 4.971148490905762 8.030733108520508
    endloop
  endfacet
  facet normal -1 0 0
    outer loop
      vertex 9.5 3 11.5
      vertex 9.5 4.971148490905762 8.030733108520508
      vertex 9.5 4.743525505065918 7.280361175537109
    endloop
  endfacet
  facet normal -1 0 0
    outer loop
      vertex 9.5 3 11.5
      vertex 9.5 4.743525505065918 7.280361175537109
      vertex 9.5 4.666666030883789 6.5
    endloop
  endfacet
  facet normal -1 0 0
    outer loop
      vertex 9.5 3 11.5
      vertex 9.5 4.666666030883789 6.5
      vertex 9.5 3 0
    endloop
  endfacet
  facet normal -1 0 0
    outer loop
      vertex 9.5 5.340787887573242 8.722280502319336
      vertex 9.5 3 11.5
      vertex 9.5 5 12.5
    endloop
  endfacet
  facet normal -1 0 0
    outer loop
      vertex 9.5 16.5 0
      vertex 9.5 13 0.19999980926513672
      vertex 9.5 16.5 0.19999980926513672
    endloop
  endfacet
  facet normal -1 0 0
    outer loop
      vertex 9.5 12.362184524536133 4.969266891479492
      vertex 9.5 13 6.5247344970703125
      vertex 9.5 13 0.19999980926513672
    endloop
  endfacet
  facet normal -1 0 0
    outer loop
      vertex 9.5 12.666666030883789 6.5
      vertex 9.5 13 6.5247344970703125
      vertex 9.5 12.589807510375977 5.719638824462891
    endloop
  endfacet
  facet normal -1 0 0
    outer loop
      vertex 9.5 12.589807510375977 7.280361175537109
      vertex 9.5 12.974441528320312 6.816866874694824
      vertex 9.5 12.666666030883789 6.5
    endloop
  endfacet
  facet normal -1 0 0
    outer loop
      vertex 9.5 13 6.5247344970703125
      vertex 9.5 12.666666030883789 6.5
      vertex 9.5 12.974441528320312 6.816866874694824
    endloop
  endfacet
  facet normal -1 0 0
    outer loop
      vertex 9.5 13 6.5247344970703125
      vertex 9.5 12.362184524536133 4.969266891479492
      vertex 9.5 12.589807510375977 5.719638824462891
    endloop
  endfacet
  facet normal -1 0 0
    outer loop
      vertex 9.5 13 0.19999980926513672
      vertex 9.5 11.992544174194336 4.277719497680664
      vertex 9.5 12.362184524536133 4.969266891479492
    endloop
  endfacet
  facet normal -1 0 0
    outer loop
      vertex 9.5 13 0.19999980926513672
      vertex 9.5 11.49509334564209 3.6715736389160156
      vertex 9.5 11.992544174194336 4.277719497680664
    endloop
  endfacet
  facet normal -1 0 0
    outer loop
      vertex 9.5 13 0.19999980926513672
      vertex 9.5 10.888947486877441 3.174121856689453
      vertex 9.5 11.49509334564209 3.6715736389160156
    endloop
  endfacet
  facet normal -1 0 0
    outer loop
      vertex 9.5 13 0.19999980926513672
      vertex 9.5 10.197400093078613 2.8044824600219727
      vertex 9.5 10.888947486877441 3.174121856689453
    endloop
  endfacet
  facet normal -1 0 0
    outer loop
      vertex 9.5 13 0.19999980926513672
      vertex 9.5 9.447027206420898 2.576859474182129
      vertex 9.5 10.197400093078613 2.8044824600219727
    endloop
  endfacet
  facet normal -1 0 0
    outer loop
      vertex 9.5 13 0.19999980926513672
      vertex 9.5 8.666666030883789 2.5
      vertex 9.5 9.447027206420898 2.576859474182129
    endloop
  endfacet
  facet normal -1 0 0
    outer loop
      vertex 9.5 3 0
      vertex 9.5 8.666666030883789 2.5
      vertex 9.5 13 0.19999980926513672
    endloop
  endfacet
  facet normal -1 0 0
    outer loop
      vertex 9.5 8.666666030883789 2.5
      vertex 9.5 3 0
      vertex 9.5 7.88630485534668 2.576859474182129
    endloop
  endfacet
  facet normal -1 0 0
    outer loop
      vertex 9.5 4.743525505065918 5.719638824462891
      vertex 9.5 3 0
      vertex 9.5 4.666666030883789 6.5
    endloop
  endfacet
  facet normal -1 0 0
    outer loop
      vertex 9.5 4.971148490905762 4.969266891479492
      vertex 9.5 3 0
      vertex 9.5 4.743525505065918 5.719638824462891
    endloop
  endfacet
  facet normal -1 0 0
    outer loop
      vertex 9.5 5.340787887573242 4.277719497680664
      vertex 9.5 3 0
      vertex 9.5 4.971148490905762 4.969266891479492
    endloop
  endfacet
  facet normal -1 0 0
    outer loop
      vertex 9.5 5.838238716125488 3.6715736389160156
      vertex 9.5 3 0
      vertex 9.5 5.340787887573242 4.277719497680664
    endloop
  endfacet
  facet normal -1 0 0
    outer loop
      vertex 9.5 6.444385528564453 3.174121856689453
      vertex 9.5 3 0
      vertex 9.5 5.838238716125488 3.6715736389160156
    endloop
  endfacet
  facet normal -1 0 0
    outer loop
      vertex 9.5 7.135932922363281 2.8044824600219727
      vertex 9.5 3 0
      vertex 9.5 6.444385528564453 3.174121856689453
    endloop
  endfacet
  facet normal -1 0 0
    outer loop
      vertex 9.5 7.88630485534668 2.576859474182129
      vertex 9.5 3 0
      vertex 9.5 7.135932922363281 2.8044824600219727
    endloop
  endfacet
  facet normal -1 0 0
    outer loop
      vertex 9.5 3 0
      vertex 9.5 13 0.19999980926513672
      vertex 9.5 16.5 0
    endloop
  endfacet
  facet normal -1 0 0
    outer loop
      vertex 9.5 12.974441528320312 6.816866874694824
      vertex 9.5 12.589807510375977 7.280361175537109
      vertex 9.5 12.755901336669922 7.632472038269043
    endloop
  endfacet
  facet normal -1 0 0
    outer loop
      vertex 9.5 12.362184524536133 8.030733108520508
      vertex 9.5 12.755901336669922 7.632472038269043
      vertex 9.5 12.589807510375977 7.280361175537109
    endloop
  endfacet
  facet normal -1 0 0
    outer loop
      vertex 9.5 12.362184524536133 8.030733108520508
      vertex 9.5 12.209178924560547 8.804922103881836
      vertex 9.5 12.755901336669922 7.632472038269043
    endloop
  endfacet
  facet normal -1 0 0
    outer loop
      vertex 9.5 11.992544174194336 8.722280502319336
      vertex 9.5 12.209178924560547 8.804922103881836
      vertex 9.5 12.362184524536133 8.030733108520508
    endloop
  endfacet
  facet normal -1 0 0
    outer loop
      vertex 9.5 11.49509334564209 9.328426361083984
      vertex 9.5 12.209178924560547 8.804922103881836
      vertex 9.5 11.992544174194336 8.722280502319336
    endloop
  endfacet
  facet normal -1 0 0
    outer loop
      vertex 9.5 11.49509334564209 9.328426361083984
      vertex 9.5 11.298965454101562 10.104841232299805
      vertex 9.5 12.209178924560547 8.804922103881836
    endloop
  endfacet
  facet normal -1 0 0
    outer loop
      vertex 9.5 10.888947486877441 9.825878143310547
      vertex 9.5 11.298965454101562 10.104841232299805
      vertex 9.5 11.49509334564209 9.328426361083984
    endloop
  endfacet
  facet normal -1 0 0
    outer loop
      vertex 9.5 10.197400093078613 10.195517539978027
      vertex 9.5 11.298965454101562 10.104841232299805
      vertex 9.5 10.888947486877441 9.825878143310547
    endloop
  endfacet
  facet normal -1 0 0
    outer loop
      vertex 9.5 8.403806686401367 13
      vertex 9.5 10.197400093078613 10.195517539978027
      vertex 9.5 9.447027206420898 10.423140525817871
    endloop
  endfacet
  facet normal -1 0 0
    outer loop
      vertex 9.5 10.197400093078613 10.195517539978027
      vertex 9.5 8.403806686401367 13
      vertex 9.5 11.298965454101562 10.104841232299805
    endloop
  endfacet
  facet normal -1 0 0
    outer loop
      vertex 9.5 8.666666030883789 10.5
      vertex 9.5 8.403806686401367 13
      vertex 9.5 9.447027206420898 10.423140525817871
    endloop
  endfacet
  facet normal -1 0 0
    outer loop
      vertex 9.5 7.88630485534668 10.423140525817871
      vertex 9.5 8.403806686401367 13
      vertex 9.5 8.666666030883789 10.5
    endloop
  endfacet
  facet normal -1 0 0
    outer loop
      vertex 9.5 7.135932922363281 10.195517539978027
      vertex 9.5 8.403806686401367 13
      vertex 9.5 7.88630485534668 10.423140525817871
    endloop
  endfacet
  facet normal -1 0 0
    outer loop
      vertex 9.5 5 12.5
      vertex 9.5 7.135932922363281 10.195517539978027
      vertex 9.5 6.444385528564453 9.825878143310547
    endloop
  endfacet
  facet normal -1 0 0
    outer loop
      vertex 9.5 5 12.5
      vertex 9.5 6.444385528564453 9.825878143310547
      vertex 9.5 5.838238716125488 9.328426361083984
    endloop
  endfacet
  facet normal -1 0 0
    outer loop
      vertex 9.5 5 12.5
      vertex 9.5 5.838238716125488 9.328426361083984
      vertex 9.5 5.340787887573242 8.722280502319336
    endloop
  endfacet
  facet normal -1 0 0
    outer loop
      vertex 9.5 7.135932922363281 10.195517539978027
      vertex 9.5 5 12.5
      vertex 9.5 8.403806686401367 13
    endloop
  endfacet
  facet normal -1 0 0
    outer loop
      vertex 9.5 8.403806686401367 13
      vertex 9.5 5 12.5
      vertex 9.5 5 13
    endloop
  endfacet
  facet normal -1 0 0
    outer loop
      vertex 9.5 2.4499998092651367 12.5
      vertex 9.5 2.549999237060547 13
      vertex 9.5 2.549999237060547 12.5
    endloop
  endfacet
  facet normal -1 0 0
    outer loop
      vertex 9.5 2.549999237060547 13
      vertex 9.5 2.4499998092651367 12.5
      vertex 9.5 2.4499998092651367 13
    endloop
  endfacet
  facet normal -1 0 0
    outer loop
      vertex 9.5 0.4499998092651367 12.5
      vertex 9.5 0.5499992370605469 13
      vertex 9.5 0.5499992370605469 12.5
    endloop
  endfacet
  facet normal -1 0 0
    outer loop
      vertex 9.5 0.5499992370605469 13
      vertex 9.5 0.4499998092651367 12.5
      vertex 9.5 0.4499998092651367 13
    endloop
  endfacet
  facet normal 0 1 0
    outer loop
      vertex 12.5 13 0.8355340957641602
      vertex 9.5 13 6.5247344970703125
      vertex 12.5 13 6.5247344970703125
    endloop
  endfacet
  facet normal 0 1 0
    outer loop
      vertex 9.5 13 0.19999980926513672
      vertex 12.5 13 0.8355340957641602
      vertex 11.864465713500977 13 0.19999980926513672
    endloop
  endfacet
  facet normal 0 1 0
    outer loop
      vertex 12.5 13 0.8355340957641602
      vertex 9.5 13 0.19999980926513672
      vertex 9.5 13 6.5247344970703125
    endloop
  endfacet
  facet normal -0.7053983972283431 0.06948126064372044 -0.7053973742558475
    outer loop
      vertex 9.5 9.447027206420898 2.576859474182129
      vertex 9.048928260803223 9.34440803527832 3.0178239345550537
      vertex 9.046001434326172 9.3584566116333 3.02213454246521
    endloop
  endfacet
  facet normal -0.7053981201042238 0.06947708387995287 -0.7053980627765893
    outer loop
      vertex 9.048928260803223 9.34440803527832 3.0178239345550537
      vertex 9.5 9.447027206420898 2.576859474182129
      vertex 9.073747634887695 9.225273132324219 2.9812705516815186
    endloop
  endfacet
  facet normal -0.7053977081232483 -0.20576608669726446 -0.6782878378238565
    outer loop
      vertex 9.5 7.88630485534668 2.576859474182129
      vertex 9.058600425720215 7.958070278167725 3.014130115509033
      vertex 9.057316780090332 7.972668170928955 3.0110366344451904
    endloop
  endfacet
  facet normal -0.7053982687346585 -0.20575783491326383 -0.6782897580223017
    outer loop
      vertex 9.058600425720215 7.958070278167725 3.014130115509033
      vertex 9.5 7.88630485534668 2.576859474182129
      vertex 9.069361686706543 7.835677146911621 3.0400664806365967
    endloop
  endfacet
  facet normal -0.7053867611460436 -0.06942287865081938 0.7054147582236482
    outer loop
      vertex 9.082097053527832 8.091621398925781 10.025460243225098
      vertex 9.5 7.88630485534668 10.423140525817871
      vertex 9.081744194030762 8.103899002075195 10.026315689086914
    endloop
  endfacet
  facet normal -0.705398658296562 -0.06948127357437232 0.7053971119134905
    outer loop
      vertex 9.5 7.88630485534668 10.423140525817871
      vertex 9.082097053527832 8.091621398925781 10.025460243225098
      vertex 9.057315826416016 7.972668647766113 9.988962173461914
    endloop
  endfacet
  facet normal -0.7053977438797568 0.06947623895988783 -0.7053985222194172
    outer loop
      vertex 9.5 8.666666030883789 2.5
      vertex 9.077316284179688 9.208144187927246 2.9760146141052246
      vertex 9.5 9.447027206420898 2.576859474182129
    endloop
  endfacet
  facet normal -0.7053986491984133 0.06947485612213834 -0.7053977530981098
    outer loop
      vertex 9.5 8.666666030883789 2.5
      vertex 9.065166473388672 8.786046028137207 2.946591854095459
      vertex 9.077316284179688 9.208144187927246 2.9760146141052246
    endloop
  endfacet
  facet normal -0.7053977777251826 0.06947955805916435 -0.7053981614608
    outer loop
      vertex 9.065166473388672 8.786046028137207 2.946591854095459
      vertex 9.5 8.666666030883789 2.5
      vertex 9.061729431152344 8.666666030883789 2.938270330429077
    endloop
  endfacet
  facet normal -0.7053996925257952 0.06948426370678971 -0.7053957831470493
    outer loop
      vertex 9.5 9.447027206420898 2.576859474182129
      vertex 9.077316284179688 9.208144187927246 2.9760146141052246
      vertex 9.073747634887695 9.225273132324219 2.9812705516815186
    endloop
  endfacet
  facet normal -0.7053987259915344 -0.44966117267425143 -0.5479210409892444
    outer loop
      vertex 9.067994117736816 6.670146465301514 3.545015573501587
      vertex 9.5 6.444385528564453 3.174121856689453
      vertex 9.090948104858398 6.568331718444824 3.599020481109619
    endloop
  endfacet
  facet normal -0.7053984341524995 -0.4496645486919334 -0.5479186461007526
    outer loop
      vertex 9.5 6.444385528564453 3.174121856689453
      vertex 9.067994117736816 6.670146465301514 3.545015573501587
      vertex 9.064321517944336 6.686435699462891 3.5363755226135254
    endloop
  endfacet
  facet normal -0.7053985797072072 0.06948116939347843 0.7053972007647676
    outer loop
      vertex 9.048927307128906 9.34440803527832 9.98217487335205
      vertex 9.5 9.447027206420898 10.423140525817871
      vertex 9.046000480651855 9.3584566116333 9.977864265441895
    endloop
  endfacet
  facet normal -0.7053983025843211 0.06947699263219614 0.705397889283732
    outer loop
      vertex 9.5 9.447027206420898 10.423140525817871
      vertex 9.048927307128906 9.34440803527832 9.98217487335205
      vertex 9.073746681213379 9.225273132324219 10.018728256225586
    endloop
  endfacet
  facet normal -0.7053983689209552 -0.6251152235328186 -0.33413185785131333
    outer loop
      vertex 9.5 5.340787887573242 4.277719497680664
      vertex 9.098426818847656 5.530938625335693 4.769749641418457
      vertex 9.072322845458984 5.6963887214660645 4.515324115753174
    endloop
  endfacet
  facet normal -0.7053976032313914 -0.6251167334951 -0.33413064938706927
    outer loop
      vertex 9.5 5.340787887573242 4.277719497680664
      vertex 9.109293937683105 5.462063312530518 4.875664710998535
      vertex 9.098426818847656 5.530938625335693 4.769749641418457
    endloop
  endfacet
  facet normal -0.7053980600286289 -0.6251159764194484 -0.3341311014153075
    outer loop
      vertex 9.5 4.971148490905762 4.969266891479492
      vertex 9.109293937683105 5.462063312530518 4.875664710998535
      vertex 9.5 5.340787887573242 4.277719497680664
    endloop
  endfacet
  facet normal -0.7053972005663955 -0.6251157272396648 -0.334133382035853
    outer loop
      vertex 9.109293937683105 5.462063312530518 4.875664710998535
      vertex 9.5 4.971148490905762 4.969266891479492
      vertex 9.089157104492188 5.413993835449219 5.0081071853637695
    endloop
  endfacet
  facet normal -0.7054120503015977 -0.5478673592466275 0.4497056770393533
    outer loop
      vertex 9.086193084716797 6.040801525115967 8.926103591918945
      vertex 9.5 5.838238716125488 9.328426361083984
      vertex 9.086002349853516 6.045169353485107 8.93112564086914
    endloop
  endfacet
  facet normal -0.7053976761786257 -0.5479195792242764 0.4496646007242365
    outer loop
      vertex 9.098563194274902 5.758126735687256 8.601067543029785
      vertex 9.5 5.838238716125488 9.328426361083984
      vertex 9.086193084716797 6.040801525115967 8.926103591918945
    endloop
  endfacet
  facet normal -0.7053979847308096 -0.5479176115379624 0.44966651432394555
    outer loop
      vertex 9.5 5.340787887573242 8.722280502319336
      vertex 9.098563194274902 5.758126735687256 8.601067543029785
      vertex 9.072321891784668 5.696389198303223 8.484675407409668
    endloop
  endfacet
  facet normal -0.7053983739624866 -0.5479184655033424 0.4496648631720543
    outer loop
      vertex 9.098563194274902 5.758126735687256 8.601067543029785
      vertex 9.5 5.340787887573242 8.722280502319336
      vertex 9.5 5.838238716125488 9.328426361083984
    endloop
  endfacet
  facet normal -0.7053978956046172 0.5479178019777671 0.4496664220868954
    outer loop
      vertex 9.0608491897583 11.532337188720703 8.59414005279541
      vertex 9.5 11.992544174194336 8.722280502319336
      vertex 9.03099250793457 11.602579116821289 8.461713790893555
    endloop
  endfacet
  facet normal -0.7053982544404177 0.5479185574503155 0.4496649386309512
    outer loop
      vertex 9.0608491897583 11.532337188720703 8.59414005279541
      vertex 9.5 11.49509334564209 9.328426361083984
      vertex 9.5 11.992544174194336 8.722280502319336
    endloop
  endfacet
  facet normal -0.7053983810172607 0.5479183413619354 0.449665003371858
    outer loop
      vertex 9.5 11.49509334564209 9.328426361083984
      vertex 9.0608491897583 11.532337188720703 8.59414005279541
      vertex 9.049363136291504 11.269848823547363 8.895964622497559
    endloop
  endfacet
  facet normal -0.7053987310425833 -0.20575562820282936 -0.6782899466351925
    outer loop
      vertex 9.5 7.88630485534668 2.576859474182129
      vertex 9.09485149383545 7.5457611083984375 3.1015024185180664
      vertex 9.069361686706543 7.835677146911621 3.0400664806365967
    endloop
  endfacet
  facet normal -0.70539787315094 -0.20575726050490228 -0.6782903436609193
    outer loop
      vertex 9.5 7.135932922363281 2.8044824600219727
      vertex 9.09485149383545 7.5457611083984375 3.1015024185180664
      vertex 9.5 7.88630485534668 2.576859474182129
    endloop
  endfacet
  facet normal -0.7053984065966244 -0.2057584518340952 -0.6782894275084786
    outer loop
      vertex 9.09485149383545 7.5457611083984375 3.1015024185180664
      vertex 9.5 7.135932922363281 2.8044824600219727
      vertex 9.05694580078125 7.305482387542725 3.2138113975524902
    endloop
  endfacet
  facet normal -0.705398398432216 0.3341304360031856 -0.6251159502249048
    outer loop
      vertex 9.5 10.888947486877441 3.174121856689453
      vertex 9.076257705688477 10.269646644592285 3.3212623596191406
      vertex 9.051538467407227 10.510573387145996 3.477933883666992
    endloop
  endfacet
  facet normal -0.7053987232143946 0.33413079029712095 -0.6251153943576524
    outer loop
      vertex 9.5 10.197400093078613 2.8044824600219727
      vertex 9.076257705688477 10.269646644592285 3.3212623596191406
      vertex 9.5 10.888947486877441 3.174121856689453
    endloop
  endfacet
  facet normal -0.7053973364722889 0.33413479720880024 -0.6251148174471908
    outer loop
      vertex 9.5 10.197400093078613 2.8044824600219727
      vertex 9.056264877319336 10.138151168823242 3.273536205291748
      vertex 9.076257705688477 10.269646644592285 3.3212623596191406
    endloop
  endfacet
  facet normal -0.705398303604379 0.33412988226155144 -0.625116353211101
    outer loop
      vertex 9.056264877319336 10.138151168823242 3.273536205291748
      vertex 9.5 10.197400093078613 2.8044824600219727
      vertex 9.038416862487793 10.020759582519531 3.2309296131134033
    endloop
  endfacet
  facet normal -0.7053981621421178 0.3341315641292555 0.6251156138659949
    outer loop
      vertex 9.076255798339844 10.269646644592285 9.678736686706543
      vertex 9.5 10.888947486877441 9.825878143310547
      vertex 9.051536560058594 10.51057243347168 9.522065162658691
    endloop
  endfacet
  facet normal -0.7053978348226354 0.3341312070653321 0.6251161740769486
    outer loop
      vertex 9.076255798339844 10.269646644592285 9.678736686706543
      vertex 9.5 10.197400093078613 10.195517539978027
      vertex 9.5 10.888947486877441 9.825878143310547
    endloop
  endfacet
  facet normal -0.7053996038753692 0.3341260954257441 0.6251169100320506
    outer loop
      vertex 9.05626392364502 10.138150215148926 9.726462364196777
      vertex 9.5 10.197400093078613 10.195517539978027
      vertex 9.076255798339844 10.269646644592285 9.678736686706543
    endloop
  endfacet
  facet normal -0.7053977606588436 0.33413546271365485 0.6251139830579864
    outer loop
      vertex 9.5 10.197400093078613 10.195517539978027
      vertex 9.05626392364502 10.138150215148926 9.726462364196777
      vertex 9.038415908813477 10.020759582519531 9.76906967163086
    endloop
  endfacet
  facet normal -0.7053984629881839 0.6251160576089546 0.33413009881383904
    outer loop
      vertex 9.066235542297363 11.825946807861328 8.118226051330566
      vertex 9.5 12.362184524536133 8.030733108520508
      vertex 9.04641342163086 11.873265266418457 7.987851619720459
    endloop
  endfacet
  facet normal -0.7053978199045933 0.6251158287806868 0.33413188456309
    outer loop
      vertex 9.5 12.362184524536133 8.030733108520508
      vertex 9.066235542297363 11.825946807861328 8.118226051330566
      vertex 9.5 11.992544174194336 8.722280502319336
    endloop
  endfacet
  facet normal -0.70539879845496 0.625114093087739 0.334133065950367
    outer loop
      vertex 9.054170608520508 11.749480247497559 8.23581314086914
      vertex 9.5 11.992544174194336 8.722280502319336
      vertex 9.066235542297363 11.825946807861328 8.118226051330566
    endloop
  endfacet
  facet normal -0.7053979101259459 0.6251160544959985 0.33413127180990376
    outer loop
      vertex 9.5 11.992544174194336 8.722280502319336
      vertex 9.054170608520508 11.749480247497559 8.23581314086914
      vertex 9.03099250793457 11.602579116821289 8.461713790893555
    endloop
  endfacet
  facet normal -0.705398088265127 -0.06947442646461309 -0.7053983563486077
    outer loop
      vertex 9.082098960876465 8.091621398925781 2.974538803100586
      vertex 9.5 7.88630485534668 2.576859474182129
      vertex 9.057316780090332 7.972668170928955 3.0110366344451904
    endloop
  endfacet
  facet normal -0.7054051559235334 -0.06950912193698994 -0.7053878705818836
    outer loop
      vertex 9.5 7.88630485534668 2.576859474182129
      vertex 9.082098960876465 8.091621398925781 2.974538803100586
      vertex 9.081745147705078 8.103898048400879 2.9736828804016113
    endloop
  endfacet
  facet normal -0.7053987960448499 0.20575874631906063 0.6782889331632094
    outer loop
      vertex 9.08067798614502 9.752869606018066 9.89428424835205
      vertex 9.5 10.197400093078613 10.195517539978027
      vertex 9.058932304382324 9.890708923339844 9.829855918884277
    endloop
  endfacet
  facet normal -0.7053979532119883 0.2057569979081364 0.6782903400581264
    outer loop
      vertex 9.08067798614502 9.752869606018066 9.89428424835205
      vertex 9.5 9.447027206420898 10.423140525817871
      vertex 9.5 10.197400093078613 10.195517539978027
    endloop
  endfacet
  facet normal -0.7053982872558336 0.20575630347318674 0.678290203318304
    outer loop
      vertex 9.5 9.447027206420898 10.423140525817871
      vertex 9.08067798614502 9.752869606018066 9.89428424835205
      vertex 9.046000480651855 9.3584566116333 9.977864265441895
    endloop
  endfacet
  facet normal -0.7053980848219445 -0.205763818239021 0.6782881342270642
    outer loop
      vertex 9.058599472045898 7.958069801330566 9.985868453979492
      vertex 9.5 7.88630485534668 10.423140525817871
      vertex 9.057315826416016 7.972668647766113 9.988962173461914
    endloop
  endfacet
  facet normal -0.7053989321021926 -0.2057513464479396 0.6782910363729908
    outer loop
      vertex 9.5 7.88630485534668 10.423140525817871
      vertex 9.058599472045898 7.958069801330566 9.985868453979492
      vertex 9.06935977935791 7.835676670074463 9.959932327270508
    endloop
  endfacet
  facet normal -0.7053980311492358 0.3341316511622784 0.6251157151618821
    outer loop
      vertex 9.040568351745605 10.617476463317871 9.452547073364258
      vertex 9.5 10.888947486877441 9.825878143310547
      vertex 9.038993835449219 10.63282585144043 9.44256591796875
    endloop
  endfacet
  facet normal -0.7053979650846836 0.3341308421746969 0.6251162221235468
    outer loop
      vertex 9.5 10.888947486877441 9.825878143310547
      vertex 9.040568351745605 10.617476463317871 9.452547073364258
      vertex 9.051536560058594 10.51057243347168 9.522065162658691
    endloop
  endfacet
  facet normal -0.7053977592896753 -0.5479200089443799 -0.4496639467285496
    outer loop
      vertex 9.082467079162598 6.125967025756836 3.9759669303894043
      vertex 9.5 5.838238716125488 3.6715736389160156
      vertex 9.086003303527832 6.045168876647949 4.068872928619385
    endloop
  endfacet
  facet normal -0.7054011290570654 -0.5478837367993131 -0.44970285531208093
    outer loop
      vertex 9.5 5.838238716125488 3.6715736389160156
      vertex 9.082467079162598 6.125967025756836 3.9759669303894043
      vertex 9.07943058013916 6.135626792907715 3.968961238861084
    endloop
  endfacet
  facet normal -0.7053982015947783 0.7053981353301423 -0.06947551985851358
    outer loop
      vertex 9.055429458618164 12.167228698730469 5.942925453186035
      vertex 9.5 12.589807510375977 5.719638824462891
      vertex 9.028091430664062 12.12696647644043 5.811703681945801
    endloop
  endfacet
  facet normal -0.7053904106457187 0.7054095876586851 -0.06943833385290749
    outer loop
      vertex 9.5 12.589807510375977 5.719638824462891
      vertex 9.055429458618164 12.167228698730469 5.942925453186035
      vertex 9.055195808410645 12.167794227600098 5.951044082641602
    endloop
  endfacet
  facet normal -0.7053977227498058 0.547919553544158 -0.4496645589585183
    outer loop
      vertex 9.5 11.992544174194336 4.277719497680664
      vertex 9.0608491897583 11.532337188720703 4.405858516693115
      vertex 9.030993461608887 11.602580070495605 4.538285255432129
    endloop
  endfacet
  facet normal -0.7053975185240092 0.5479191235817842 -0.44966540324283316
    outer loop
      vertex 9.5 11.49509334564209 3.6715736389160156
      vertex 9.0608491897583 11.532337188720703 4.405858516693115
      vertex 9.5 11.992544174194336 4.277719497680664
    endloop
  endfacet
  facet normal -0.7053982663424611 0.5479178469270625 -0.449665785734097
    outer loop
      vertex 9.0608491897583 11.532337188720703 4.405858516693115
      vertex 9.5 11.49509334564209 3.6715736389160156
      vertex 9.04936408996582 11.26984977722168 4.104034423828125
    endloop
  endfacet
  facet normal -0.7053979502849032 -0.06947621882592502 -0.7053983177974763
    outer loop
      vertex 9.081745147705078 8.103898048400879 2.9736828804016113
      vertex 9.5 8.666666030883789 2.5
      vertex 9.5 7.88630485534668 2.576859474182129
    endloop
  endfacet
  facet normal -0.7053979980704383 -0.06947614888799998 -0.7053982769002985
    outer loop
      vertex 9.06989860534668 8.515434265136719 2.9449963569641113
      vertex 9.5 8.666666030883789 2.5
      vertex 9.081745147705078 8.103898048400879 2.9736828804016113
    endloop
  endfacet
  facet normal -0.7053976430807398 -0.06947774147057935 -0.705398475031159
    outer loop
      vertex 9.066024780273438 8.649999618530273 2.9356162548065186
      vertex 9.5 8.666666030883789 2.5
      vertex 9.06989860534668 8.515434265136719 2.9449963569641113
    endloop
  endfacet
  facet normal -0.7053984402126169 -0.06946610481052228 -0.7053988239485948
    outer loop
      vertex 9.5 8.666666030883789 2.5
      vertex 9.066024780273438 8.649999618530273 2.9356162548065186
      vertex 9.061729431152344 8.666666030883789 2.938270330429077
    endloop
  endfacet
  facet normal -0.7053984877451482 -0.625114912548633 0.3341321888058269
    outer loop
      vertex 9.5 5.340787887573242 8.722280502319336
      vertex 9.09842586517334 5.530939102172852 8.230249404907227
      vertex 9.109292984008789 5.462063312530518 8.124334335327148
    endloop
  endfacet
  facet normal -0.7053980923719414 -0.6251156922384952 0.33413156479927664
    outer loop
      vertex 9.09842586517334 5.530939102172852 8.230249404907227
      vertex 9.5 5.340787887573242 8.722280502319336
      vertex 9.072321891784668 5.696389198303223 8.484675407409668
    endloop
  endfacet
  facet normal -0.7053984842240555 -0.6251166310137926 0.3341289812099075
    outer loop
      vertex 9.5 4.971148490905762 8.030733108520508
      vertex 9.109292984008789 5.462063312530518 8.124334335327148
      vertex 9.089157104492188 5.413994312286377 7.9918928146362305
    endloop
  endfacet
  facet normal -0.7053976047293521 -0.6251163760237678 0.334131315008043
    outer loop
      vertex 9.109292984008789 5.462063312530518 8.124334335327148
      vertex 9.5 4.971148490905762 8.030733108520508
      vertex 9.5 5.340787887573242 8.722280502319336
    endloop
  endfacet
  facet normal -0.7053980243842655 -0.334130609301708 0.6251162796811842
    outer loop
      vertex 9.5 7.135932922363281 10.195517539978027
      vertex 9.056943893432617 7.305482864379883 9.786187171936035
      vertex 9.076637268066406 7.175956726074219 9.739176750183105
    endloop
  endfacet
  facet normal -0.7053977965730647 0.6251151703756429 0.33413316560332124
    outer loop
      vertex 9.5 12.362184524536133 8.030733108520508
      vertex 9.025314331054688 11.923632621765137 7.84907865524292
      vertex 9.04641342163086 11.873265266418457 7.987851619720459
    endloop
  endfacet
  facet normal -0.7053968581977471 -0.6782906769100719 -0.20575964147913986
    outer loop
      vertex 9.5 4.743525505065918 5.719638824462891
      vertex 9.100308418273926 5.220597743988037 5.517206192016602
      vertex 9.111124992370605 5.246665954589844 5.394189834594727
    endloop
  endfacet
  facet normal -0.7053978082758944 -0.6782904782787179 -0.20575703914080992
    outer loop
      vertex 9.5 4.971148490905762 4.969266891479492
      vertex 9.092777252197266 5.301026344299316 5.277888298034668
      vertex 9.070046424865723 5.368373394012451 5.133802890777588
    endloop
  endfacet
  facet normal -0.7053974811341502 -0.6782911755034329 -0.20575586223426834
    outer loop
      vertex 9.5 4.971148490905762 4.969266891479492
      vertex 9.111124992370605 5.246665954589844 5.394189834594727
      vertex 9.092777252197266 5.301026344299316 5.277888298034668
    endloop
  endfacet
  facet normal -0.7053981477256424 -0.6782900821746582 -0.20575718118386044
    outer loop
      vertex 9.5 4.743525505065918 5.719638824462891
      vertex 9.111124992370605 5.246665954589844 5.394189834594727
      vertex 9.5 4.971148490905762 4.969266891479492
    endloop
  endfacet
  facet normal -0.7053986356259503 -0.6782902198057016 -0.20575505479326767
    outer loop
      vertex 9.100308418273926 5.220597743988037 5.517206192016602
      vertex 9.5 4.743525505065918 5.719638824462891
      vertex 9.08678150177002 5.187994956970215 5.6710591316223145
    endloop
  endfacet
  facet normal -0.7053905587280496 0.705409041409116 0.06944237867183294
    outer loop
      vertex 9.055428504943848 12.167228698730469 7.057073593139648
      vertex 9.5 12.589807510375977 7.280361175537109
      vertex 9.055194854736328 12.167794227600098 7.04895544052124
    endloop
  endfacet
  facet normal -0.7053984192381427 0.7053974865546545 0.06947989708329656
    outer loop
      vertex 9.5 12.589807510375977 7.280361175537109
      vertex 9.055428504943848 12.167228698730469 7.057073593139648
      vertex 9.028090476989746 12.126965522766113 7.188296318054199
    endloop
  endfacet
  facet normal -0.7053968208429994 0.44966917033287124 -0.5479169301972121
    outer loop
      vertex 9.5 10.888947486877441 3.174121856689453
      vertex 9.064230918884277 10.744762420654297 3.616806745529175
      vertex 9.063774108886719 10.756767272949219 3.6272470951080322
    endloop
  endfacet
  facet normal -0.7053982211503165 0.44966274332231765 -0.5479204019433996
    outer loop
      vertex 9.064230918884277 10.744762420654297 3.616806745529175
      vertex 9.5 10.888947486877441 3.174121856689453
      vertex 9.038994789123535 10.632826805114746 3.557433605194092
    endloop
  endfacet
  facet normal -0.705398997986059 -0.33412612880981213 0.6251175758901941
    outer loop
      vertex 9.080364227294922 7.15144157409668 9.730278968811035
      vertex 9.5 7.135932922363281 10.195517539978027
      vertex 9.076637268066406 7.175956726074219 9.739176750183105
    endloop
  endfacet
  facet normal -0.7053971591886382 -0.3341335783414278 0.625115669003227
    outer loop
      vertex 9.099270820617676 7.027087211608887 9.685144424438477
      vertex 9.5 7.135932922363281 10.195517539978027
      vertex 9.080364227294922 7.15144157409668 9.730278968811035
    endloop
  endfacet
  facet normal -0.7053988979296771 -0.3341318961888276 0.6251146060914394
    outer loop
      vertex 9.5 6.444385528564453 9.825878143310547
      vertex 9.099270820617676 7.027087211608887 9.685144424438477
      vertex 9.06432056427002 6.686436176300049 9.463623046875
    endloop
  endfacet
  facet normal -0.7053981421577729 -0.33413106288636024 0.6251159043367827
    outer loop
      vertex 9.099270820617676 7.027087211608887 9.685144424438477
      vertex 9.5 6.444385528564453 9.825878143310547
      vertex 9.5 7.135932922363281 10.195517539978027
    endloop
  endfacet
  facet normal -0.7053982570129921 -0.6782906430378092 0.20575495758398651
    outer loop
      vertex 9.086780548095703 5.187995433807373 7.3289408683776855
      vertex 9.075222969055176 5.160140514373779 7.19749116897583
      vertex 9.5 4.743525505065918 7.280361175537109
    endloop
  endfacet
  facet normal -0.7053978930013703 -0.6251166491138376 -0.3341301955075515
    outer loop
      vertex 9.5 4.971148490905762 4.969266891479492
      vertex 9.070046424865723 5.368373394012451 5.133802890777588
      vertex 9.089157104492188 5.413993835449219 5.0081071853637695
    endloop
  endfacet
  facet normal -0.7053949984290142 -0.33414417872272756 -0.6251124410992354
    outer loop
      vertex 9.5 7.135932922363281 2.8044824600219727
      vertex 9.080366134643555 7.151440620422363 3.2697200775146484
      vertex 9.076638221740723 7.175956726074219 3.260822057723999
    endloop
  endfacet
  facet normal -0.7053978843332026 -0.334132487457195 -0.6251154338231535
    outer loop
      vertex 9.5 7.135932922363281 2.8044824600219727
      vertex 9.099272727966309 7.0270867347717285 3.314854145050049
      vertex 9.080366134643555 7.151440620422363 3.2697200775146484
    endloop
  endfacet
  facet normal -0.7053985081014846 -0.3341308912124063 -0.6251155831570694
    outer loop
      vertex 9.5 6.444385528564453 3.174121856689453
      vertex 9.099272727966309 7.0270867347717285 3.314854145050049
      vertex 9.5 7.135932922363281 2.8044824600219727
    endloop
  endfacet
  facet normal -0.7053983812997775 -0.3341307514038425 -0.6251158009728734
    outer loop
      vertex 9.099272727966309 7.0270867347717285 3.314854145050049
      vertex 9.5 6.444385528564453 3.174121856689453
      vertex 9.064321517944336 6.686435699462891 3.5363755226135254
    endloop
  endfacet
  facet normal -0.7053978007780358 -0.7053984642975099 -0.0694762493534676
    outer loop
      vertex 9.103981971740723 5.1177849769592285 5.9405517578125
      vertex 9.5 4.666666030883789 6.5
      vertex 9.091699600219727 5.08804178237915 6.367240905761719
    endloop
  endfacet
  facet normal -0.7053977442621524 -0.7053985508318846 -0.06947594457180288
    outer loop
      vertex 9.5 4.743525505065918 5.719638824462891
      vertex 9.103981971740723 5.1177849769592285 5.9405517578125
      vertex 9.075222969055176 5.160140037536621 5.80250883102417
    endloop
  endfacet
  facet normal -0.7053978129928905 -0.7053984537703575 -0.06947623221819064
    outer loop
      vertex 9.103981971740723 5.1177849769592285 5.9405517578125
      vertex 9.5 4.743525505065918 5.719638824462891
      vertex 9.5 4.666666030883789 6.5
    endloop
  endfacet
  facet normal -0.7053979938104105 0.06947558275842873 0.7053983369193784
    outer loop
      vertex 9.077315330505371 9.208144187927246 10.0239839553833
      vertex 9.5 9.447027206420898 10.423140525817871
      vertex 9.073746681213379 9.225273132324219 10.018728256225586
    endloop
  endfacet
  facet normal -0.7053979690911392 0.06947646664862066 0.7053982745826071
    outer loop
      vertex 9.5 8.666666030883789 10.5
      vertex 9.077315330505371 9.208144187927246 10.0239839553833
      vertex 9.065164566040039 8.786046028137207 10.053406715393066
    endloop
  endfacet
  facet normal -0.7053981771073741 0.0694753443114006 0.7053981771073741
    outer loop
      vertex 9.5 8.666666030883789 10.5
      vertex 9.065164566040039 8.786046028137207 10.053406715393066
      vertex 9.061728477478027 8.666666030883789 10.061728477478027
    endloop
  endfacet
  facet normal -0.7053981436868412 0.06947619996036042 0.705398126253697
    outer loop
      vertex 9.077315330505371 9.208144187927246 10.0239839553833
      vertex 9.5 8.666666030883789 10.5
      vertex 9.5 9.447027206420898 10.423140525817871
    endloop
  endfacet
  facet normal -0.705398628160352 -0.06946618442801361 0.705398628160352
    outer loop
      vertex 9.066023826599121 8.649999618530273 10.064382553100586
      vertex 9.5 8.666666030883789 10.5
      vertex 9.061728477478027 8.666666030883789 10.061728477478027
    endloop
  endfacet
  facet normal -0.7053977517495668 -0.06947897833394133 0.7053982445373169
    outer loop
      vertex 9.069897651672363 8.515434265136719 10.055002212524414
      vertex 9.5 8.666666030883789 10.5
      vertex 9.066023826599121 8.649999618530273 10.064382553100586
    endloop
  endfacet
  facet normal -0.705398349983656 -0.06947629448919045 0.7053979106464567
    outer loop
      vertex 9.081744194030762 8.103899002075195 10.026315689086914
      vertex 9.5 8.666666030883789 10.5
      vertex 9.069897651672363 8.515434265136719 10.055002212524414
    endloop
  endfacet
  facet normal -0.7053984339140267 -0.06947617164987134 0.7053978388147473
    outer loop
      vertex 9.5 8.666666030883789 10.5
      vertex 9.081744194030762 8.103899002075195 10.026315689086914
      vertex 9.5 7.88630485534668 10.423140525817871
    endloop
  endfacet
  facet normal -0.7053978216167015 0.6782900092731501 0.20575853950356976
    outer loop
      vertex 9.052288055419922 12.068647384643555 7.463501453399658
      vertex 9.5 12.589807510375977 7.280361175537109
      vertex 9.04093074798584 12.096019744873047 7.334331512451172
    endloop
  endfacet
  facet normal -0.705399440509062 0.6782897500074039 0.2057538441059995
    outer loop
      vertex 9.064403533935547 12.039447784423828 7.601297378540039
      vertex 9.5 12.589807510375977 7.280361175537109
      vertex 9.052288055419922 12.068647384643555 7.463501453399658
    endloop
  endfacet
  facet normal -0.7053977728202215 0.6782904392090173 0.20575728948911987
    outer loop
      vertex 9.5 12.589807510375977 7.280361175537109
      vertex 9.064403533935547 12.039447784423828 7.601297378540039
      vertex 9.5 12.362184524536133 8.030733108520508
    endloop
  endfacet
  facet normal -0.7053975157338082 0.6782908879845977 0.20575669144316547
    outer loop
      vertex 9.043851852416992 11.978556632995605 7.731571674346924
      vertex 9.5 12.362184524536133 8.030733108520508
      vertex 9.064403533935547 12.039447784423828 7.601297378540039
    endloop
  endfacet
  facet normal -0.7053979241194789 0.6782898837404387 0.20575860191815054
    outer loop
      vertex 9.5 12.362184524536133 8.030733108520508
      vertex 9.043851852416992 11.978556632995605 7.731571674346924
      vertex 9.025314331054688 11.923632621765137 7.84907865524292
    endloop
  endfacet
  facet normal -0.7053971408247253 -0.2057598966848155 0.678290305571705
    outer loop
      vertex 9.094850540161133 7.5457611083984375 9.8984956741333
      vertex 9.5 7.88630485534668 10.423140525817871
      vertex 9.06935977935791 7.835676670074463 9.959932327270508
    endloop
  endfacet
  facet normal -0.7053979307397134 -0.20575544678942412 0.6782908339529697
    outer loop
      vertex 9.5 7.135932922363281 10.195517539978027
      vertex 9.094850540161133 7.5457611083984375 9.8984956741333
      vertex 9.056943893432617 7.305482864379883 9.786187171936035
    endloop
  endfacet
  facet normal -0.7053986432536351 -0.20575703803214618 0.6782896102670073
    outer loop
      vertex 9.094850540161133 7.5457611083984375 9.8984956741333
      vertex 9.5 7.135932922363281 10.195517539978027
      vertex 9.5 7.88630485534668 10.423140525817871
    endloop
  endfacet
  facet normal -0.7053984145503054 0.6251153068755092 -0.3341316055985325
    outer loop
      vertex 9.06623649597168 11.825946807861328 4.881773471832275
      vertex 9.5 12.362184524536133 4.969266891479492
      vertex 9.5 11.992544174194336 4.277719497680664
    endloop
  endfacet
  facet normal -0.705396215790784 0.6251145244892766 -0.33413771116201074
    outer loop
      vertex 9.5 12.362184524536133 4.969266891479492
      vertex 9.06623649597168 11.825946807861328 4.881773471832275
      vertex 9.04641342163086 11.873266220092773 5.012148380279541
    endloop
  endfacet
  facet normal -0.7053967355935328 0.6251182848862279 -0.3341295786291426
    outer loop
      vertex 9.5 11.992544174194336 4.277719497680664
      vertex 9.054171562194824 11.749481201171875 4.764185905456543
      vertex 9.06623649597168 11.825946807861328 4.881773471832275
    endloop
  endfacet
  facet normal -0.7053976529682207 0.6251162593661751 -0.334131431420282
    outer loop
      vertex 9.054171562194824 11.749481201171875 4.764185905456543
      vertex 9.5 11.992544174194336 4.277719497680664
      vertex 9.030993461608887 11.602580070495605 4.538285255432129
    endloop
  endfacet
  facet normal -0.7053978585782109 0.2057548132059256 0.6782911011917149
    outer loop
      vertex 9.5 10.197400093078613 10.195517539978027
      vertex 9.038415908813477 10.020759582519531 9.76906967163086
      vertex 9.058932304382324 9.890708923339844 9.829855918884277
    endloop
  endfacet
  facet normal -0.7053982364547592 -0.6251163011453605 0.33413012143304105
    outer loop
      vertex 9.089157104492188 5.413994312286377 7.9918928146362305
      vertex 9.070046424865723 5.368373870849609 7.866197109222412
      vertex 9.5 4.971148490905762 8.030733108520508
    endloop
  endfacet
  facet normal -0.7054034947985479 -0.5478985447913293 -0.44968110271784706
    outer loop
      vertex 9.5 5.838238716125488 3.6715736389160156
      vertex 9.086194038391113 6.040801525115967 4.07389497756958
      vertex 9.086003303527832 6.045168876647949 4.068872928619385
    endloop
  endfacet
  facet normal -0.705397844273317 -0.5479190710737165 -0.449664956215484
    outer loop
      vertex 9.5 5.838238716125488 3.6715736389160156
      vertex 9.098564147949219 5.758126258850098 4.39893102645874
      vertex 9.086194038391113 6.040801525115967 4.07389497756958
    endloop
  endfacet
  facet normal -0.7053980838573797 -0.5479186886778593 -0.44966504632656523
    outer loop
      vertex 9.5 5.340787887573242 4.277719497680664
      vertex 9.098564147949219 5.758126258850098 4.39893102645874
      vertex 9.5 5.838238716125488 3.6715736389160156
    endloop
  endfacet
  facet normal -0.7053983720142554 -0.5479193208832119 -0.4496638239424181
    outer loop
      vertex 9.098564147949219 5.758126258850098 4.39893102645874
      vertex 9.5 5.340787887573242 4.277719497680664
      vertex 9.072322845458984 5.6963887214660645 4.515324115753174
    endloop
  endfacet
  facet normal -0.7053982052042614 0.6782901657699587 0.2057567085525248
    outer loop
      vertex 9.5 12.589807510375977 7.280361175537109
      vertex 9.028090476989746 12.126965522766113 7.188296318054199
      vertex 9.04093074798584 12.096019744873047 7.334331512451172
    endloop
  endfacet
  facet normal -0.7054005425128298 0.4496539564558371 0.5479246244386338
    outer loop
      vertex 9.064229965209961 10.74476146697998 9.38319206237793
      vertex 9.5 10.888947486877441 9.825878143310547
      vertex 9.063773155212402 10.756766319274902 9.37275218963623
    endloop
  endfacet
  facet normal -0.705398087364594 0.44966522525765373 0.5479185373176894
    outer loop
      vertex 9.5 10.888947486877441 9.825878143310547
      vertex 9.064229965209961 10.74476146697998 9.38319206237793
      vertex 9.038993835449219 10.63282585144043 9.44256591796875
    endloop
  endfacet
  facet normal -0.7053982264749235 -0.7053979053061358 0.06947760269143326
    outer loop
      vertex 9.103981971740723 5.1177849769592285 7.059447288513184
      vertex 9.5 4.743525505065918 7.280361175537109
      vertex 9.075222969055176 5.160140514373779 7.19749116897583
    endloop
  endfacet
  facet normal -0.7053977681064462 -0.7053984816483228 0.06947640490616276
    outer loop
      vertex 9.5 4.666666030883789 6.5
      vertex 9.103981971740723 5.1177849769592285 7.059447288513184
      vertex 9.091699600219727 5.08804178237915 6.632759094238281
    endloop
  endfacet
  facet normal -0.7053978970516505 -0.7053983705192586 0.06947622401860834
    outer loop
      vertex 9.103981971740723 5.1177849769592285 7.059447288513184
      vertex 9.5 4.666666030883789 6.5
      vertex 9.5 4.743525505065918 7.280361175537109
    endloop
  endfacet
  facet normal -0.7053983224060483 0.6782899158208219 -0.20575713072094293
    outer loop
      vertex 9.064404487609863 12.039447784423828 5.3987016677856445
      vertex 9.5 12.589807510375977 5.719638824462891
      vertex 9.5 12.362184524536133 4.969266891479492
    endloop
  endfacet
  facet normal -0.7053989923732894 0.6782894854058044 -0.20575625275232123
    outer loop
      vertex 9.5 12.589807510375977 5.719638824462891
      vertex 9.052289009094238 12.068647384643555 5.536497116088867
      vertex 9.040931701660156 12.096019744873047 5.665668487548828
    endloop
  endfacet
  facet normal -0.7053995989740001 0.6782893882544055 -0.20575449338661828
    outer loop
      vertex 9.5 12.589807510375977 5.719638824462891
      vertex 9.064404487609863 12.039447784423828 5.3987016677856445
      vertex 9.052289009094238 12.068647384643555 5.536497116088867
    endloop
  endfacet
  facet normal -0.7053980130255133 0.6782904558830053 -0.20575641102449949
    outer loop
      vertex 9.5 12.362184524536133 4.969266891479492
      vertex 9.043852806091309 11.978556632995605 5.26842737197876
      vertex 9.064404487609863 12.039447784423828 5.3987016677856445
    endloop
  endfacet
  facet normal -0.7053985609106103 0.6782891085954443 -0.20575897410814792
    outer loop
      vertex 9.043852806091309 11.978556632995605 5.26842737197876
      vertex 9.5 12.362184524536133 4.969266891479492
      vertex 9.025315284729004 11.923632621765137 5.150920867919922
    endloop
  endfacet
  facet normal -0.7053962282189284 -0.4496717975521677 -0.5479155370134268
    outer loop
      vertex 9.5 6.444385528564453 3.174121856689453
      vertex 9.095182418823242 6.549551963806152 3.6089816093444824
      vertex 9.090948104858398 6.568331718444824 3.599020481109619
    endloop
  endfacet
  facet normal -0.7053977081418606 -0.44966612601613554 -0.5479182862999296
    outer loop
      vertex 9.5 6.444385528564453 3.174121856689453
      vertex 9.091498374938965 6.452742576599121 3.693174123764038
      vertex 9.095182418823242 6.549551963806152 3.6089816093444824
    endloop
  endfacet
  facet normal -0.7053980934203253 -0.4496651326614031 -0.5479186055132393
    outer loop
      vertex 9.5 5.838238716125488 3.6715736389160156
      vertex 9.091498374938965 6.452742576599121 3.693174123764038
      vertex 9.5 6.444385528564453 3.174121856689453
    endloop
  endfacet
  facet normal -0.7053985920013459 -0.44966549717977017 -0.547917664479426
    outer loop
      vertex 9.091498374938965 6.452742576599121 3.693174123764038
      vertex 9.5 5.838238716125488 3.6715736389160156
      vertex 9.07943058013916 6.135626792907715 3.968961238861084
    endloop
  endfacet
  facet normal -0.7053976322959451 -0.6782898104638443 -0.20575984392538046
    outer loop
      vertex 9.5 4.743525505065918 5.719638824462891
      vertex 9.075222969055176 5.160140037536621 5.80250883102417
      vertex 9.08678150177002 5.187994956970215 5.6710591316223145
    endloop
  endfacet
  facet normal -0.7053984804615884 -0.33412815498770865 -0.6251170768799967
    outer loop
      vertex 9.076638221740723 7.175956726074219 3.260822057723999
      vertex 9.05694580078125 7.305482387542725 3.2138113975524902
      vertex 9.5 7.135932922363281 2.8044824600219727
    endloop
  endfacet
  facet normal -0.7054061232991081 -0.7053940435792397 -0.0694366221460482
    outer loop
      vertex 9.5 4.666666030883789 6.5
      vertex 9.091556549072266 5.087695598602295 6.37221097946167
      vertex 9.091699600219727 5.08804178237915 6.367240905761719
    endloop
  endfacet
  facet normal -0.7053981626722178 -0.7053981626722178 -0.0694756374372957
    outer loop
      vertex 9.091556549072266 5.087695598602295 6.37221097946167
      vertex 9.5 4.666666030883789 6.5
      vertex 9.087878227233887 5.078787803649902 6.5
    endloop
  endfacet
  facet normal -0.7053955355361201 -0.5479467178743084 0.44963488834440274
    outer loop
      vertex 9.082466125488281 6.125967502593994 9.024031639099121
      vertex 9.5 5.838238716125488 9.328426361083984
      vertex 9.079428672790527 6.135627269744873 9.031038284301758
    endloop
  endfacet
  facet normal -0.705398037200788 -0.54791980523291 0.4496637589875415
    outer loop
      vertex 9.5 5.838238716125488 9.328426361083984
      vertex 9.082466125488281 6.125967502593994 9.024031639099121
      vertex 9.086002349853516 6.045169353485107 8.93112564086914
    endloop
  endfacet
  facet normal -0.7053981626722178 -0.7053981626722178 0.0694756374372957
    outer loop
      vertex 9.5 4.666666030883789 6.5
      vertex 9.091556549072266 5.087695598602295 6.62778902053833
      vertex 9.087878227233887 5.078787803649902 6.5
    endloop
  endfacet
  facet normal -0.7054061232991081 -0.7053940435792397 0.0694366221460482
    outer loop
      vertex 9.091556549072266 5.087695598602295 6.62778902053833
      vertex 9.5 4.666666030883789 6.5
      vertex 9.091699600219727 5.08804178237915 6.632759094238281
    endloop
  endfacet
  facet normal -0.7053965962460923 -0.4496716802710563 0.5479151594605066
    outer loop
      vertex 9.095181465148926 6.5495524406433105 9.391016960144043
      vertex 9.5 6.444385528564453 9.825878143310547
      vertex 9.090947151184082 6.568332195281982 9.400978088378906
    endloop
  endfacet
  facet normal -0.7053987765985972 -0.4496633244178686 0.5479192099631778
    outer loop
      vertex 9.091497421264648 6.452742576599121 9.306824684143066
      vertex 9.5 6.444385528564453 9.825878143310547
      vertex 9.095181465148926 6.5495524406433105 9.391016960144043
    endloop
  endfacet
  facet normal -0.7053974565226696 -0.44966469977449025 0.5479197807234796
    outer loop
      vertex 9.5 5.838238716125488 9.328426361083984
      vertex 9.091497421264648 6.452742576599121 9.306824684143066
      vertex 9.079428672790527 6.135627269744873 9.031038284301758
    endloop
  endfacet
  facet normal -0.7053980693757544 -0.4496651478416622 0.5479186240104404
    outer loop
      vertex 9.091497421264648 6.452742576599121 9.306824684143066
      vertex 9.5 5.838238716125488 9.328426361083984
      vertex 9.5 6.444385528564453 9.825878143310547
    endloop
  endfacet
  facet normal -0.7053977881967937 0.20575704031590267 -0.6782904988038027
    outer loop
      vertex 9.5 10.197400093078613 2.8044824600219727
      vertex 9.080678939819336 9.752869606018066 3.1057145595550537
      vertex 9.05893325805664 9.89070987701416 3.170142650604248
    endloop
  endfacet
  facet normal -0.7053977904237009 0.2057570449354713 -0.6782904950865691
    outer loop
      vertex 9.5 9.447027206420898 2.576859474182129
      vertex 9.080678939819336 9.752869606018066 3.1057145595550537
      vertex 9.5 10.197400093078613 2.8044824600219727
    endloop
  endfacet
  facet normal -0.705398138163945 0.20575632202868074 -0.6782903527399382
    outer loop
      vertex 9.080678939819336 9.752869606018066 3.1057145595550537
      vertex 9.5 9.447027206420898 2.576859474182129
      vertex 9.046001434326172 9.3584566116333 3.02213454246521
    endloop
  endfacet
  facet normal -0.7053982201799369 -0.6782898858143205 0.2057575801008879
    outer loop
      vertex 9.092777252197266 5.301026344299316 7.722110748291016
      vertex 9.5 4.971148490905762 8.030733108520508
      vertex 9.070046424865723 5.368373870849609 7.866197109222412
    endloop
  endfacet
  facet normal -0.7053989245913818 -0.6782883845123882 0.20576011426147908
    outer loop
      vertex 9.111124038696289 5.246665954589844 7.605809211730957
      vertex 9.5 4.971148490905762 8.030733108520508
      vertex 9.092777252197266 5.301026344299316 7.722110748291016
    endloop
  endfacet
  facet normal -0.7053991803986489 -0.6782899082400966 0.2057542142279366
    outer loop
      vertex 9.5 4.743525505065918 7.280361175537109
      vertex 9.111124038696289 5.246665954589844 7.605809211730957
      vertex 9.100308418273926 5.220597743988037 7.482792854309082
    endloop
  endfacet
  facet normal -0.7053975093256625 -0.6782903379939171 0.20575852648492998
    outer loop
      vertex 9.5 4.743525505065918 7.280361175537109
      vertex 9.100308418273926 5.220597743988037 7.482792854309082
      vertex 9.086780548095703 5.187995433807373 7.3289408683776855
    endloop
  endfacet
  facet normal -0.7053975321111262 -0.6782906684437473 0.2057573590267603
    outer loop
      vertex 9.111124038696289 5.246665954589844 7.605809211730957
      vertex 9.5 4.743525505065918 7.280361175537109
      vertex 9.5 4.971148490905762 8.030733108520508
    endloop
  endfacet
  facet normal -0.705398701062309 0.6251178332677638 -0.3341262741393195
    outer loop
      vertex 9.04641342163086 11.873266220092773 5.012148380279541
      vertex 9.025315284729004 11.923632621765137 5.150920867919922
      vertex 9.5 12.362184524536133 4.969266891479492
    endloop
  endfacet
  facet normal -0.7054016453114967 -0.4496179873229171 0.5479527208323018
    outer loop
      vertex 9.067992210388184 6.670146942138672 9.454983711242676
      vertex 9.5 6.444385528564453 9.825878143310547
      vertex 9.06432056427002 6.686436176300049 9.463623046875
    endloop
  endfacet
  facet normal -0.70539724268008 -0.44966893055811136 0.5479165838976447
    outer loop
      vertex 9.5 6.444385528564453 9.825878143310547
      vertex 9.067992210388184 6.670146942138672 9.454983711242676
      vertex 9.090947151184082 6.568332195281982 9.400978088378906
    endloop
  endfacet
  facet normal -0.7053981899317345 0.7053981899317345 0.0694750838939045
    outer loop
      vertex 9.04350471496582 12.196104049682617 6.642822742462158
      vertex 9.5 12.666666030883789 6.5
      vertex 9.03939437866211 12.206060409545898 6.5
    endloop
  endfacet
  facet normal -0.7053982918656899 0.7053981371983029 0.0694745843465855
    outer loop
      vertex 9.055194854736328 12.167794227600098 7.04895544052124
      vertex 9.5 12.666666030883789 6.5
      vertex 9.04350471496582 12.196104049682617 6.642822742462158
    endloop
  endfacet
  facet normal -0.7053977869730359 0.7053985636304101 0.06947538097555081
    outer loop
      vertex 9.5 12.666666030883789 6.5
      vertex 9.055194854736328 12.167794227600098 7.04895544052124
      vertex 9.5 12.589807510375977 7.280361175537109
    endloop
  endfacet
  facet normal -0.7053992650008324 0.4496747608236412 -0.5479091954096832
    outer loop
      vertex 9.5 11.49509334564209 3.6715736389160156
      vertex 9.048184394836426 11.16645622253418 3.9835424423217773
      vertex 9.045146942138672 11.173462867736816 3.9932034015655518
    endloop
  endfacet
  facet normal -0.7053978428673624 0.44966571359411706 -0.5479184513191406
    outer loop
      vertex 9.06026554107666 10.848973274230957 3.7074360847473145
      vertex 9.5 11.49509334564209 3.6715736389160156
      vertex 9.5 10.888947486877441 3.174121856689453
    endloop
  endfacet
  facet normal -0.7053985422080598 0.4496662646222761 -0.5479170987580086
    outer loop
      vertex 9.5 11.49509334564209 3.6715736389160156
      vertex 9.06026554107666 10.848973274230957 3.7074360847473145
      vertex 9.048184394836426 11.16645622253418 3.9835424423217773
    endloop
  endfacet
  facet normal -0.7053972163731059 0.4496674878634191 -0.5479178017656259
    outer loop
      vertex 9.06026554107666 10.848973274230957 3.7074360847473145
      vertex 9.5 10.888947486877441 3.174121856689453
      vertex 9.063774108886719 10.756767272949219 3.6272470951080322
    endloop
  endfacet
  facet normal -0.7053980201083071 0.6782890887389443 -0.20576089357546246
    outer loop
      vertex 9.040931701660156 12.096019744873047 5.665668487548828
      vertex 9.028091430664062 12.12696647644043 5.811703681945801
      vertex 9.5 12.589807510375977 5.719638824462891
    endloop
  endfacet
  facet normal -0.7053991361700095 0.5479145918718813 -0.4496683874862386
    outer loop
      vertex 9.5 11.49509334564209 3.6715736389160156
      vertex 9.048870086669922 11.258557319641113 4.091049671173096
      vertex 9.04936408996582 11.26984977722168 4.104034423828125
    endloop
  endfacet
  facet normal -0.7053988618340967 0.5479157000094804 -0.44966746758719583
    outer loop
      vertex 9.048870086669922 11.258557319641113 4.091049671173096
      vertex 9.5 11.49509334564209 3.6715736389160156
      vertex 9.045146942138672 11.173462867736816 3.9932034015655518
    endloop
  endfacet
  facet normal -0.7053970886528989 0.3341141239848838 -0.6251261468486403
    outer loop
      vertex 9.5 10.888947486877441 3.174121856689453
      vertex 9.040570259094238 10.617477416992188 3.547451972961426
      vertex 9.038994789123535 10.632826805114746 3.557433605194092
    endloop
  endfacet
  facet normal -0.7053984304577207 0.33413055333389347 -0.6251158513720241
    outer loop
      vertex 9.040570259094238 10.617477416992188 3.547451972961426
      vertex 9.5 10.888947486877441 3.174121856689453
      vertex 9.051538467407227 10.510573387145996 3.477933883666992
    endloop
  endfacet
  facet normal -0.7053985094012883 0.7053978481427822 -0.06947531050648821
    outer loop
      vertex 9.055195808410645 12.167794227600098 5.951044082641602
      vertex 9.5 12.666666030883789 6.5
      vertex 9.5 12.589807510375977 5.719638824462891
    endloop
  endfacet
  facet normal -0.7053982012991847 0.7053982012991847 -0.06947485306029591
    outer loop
      vertex 9.5 12.666666030883789 6.5
      vertex 9.04350471496582 12.196104049682617 6.357176780700684
      vertex 9.03939437866211 12.206060409545898 6.5
    endloop
  endfacet
  facet normal -0.7053979173343473 0.7053983482017506 -0.06947624467835921
    outer loop
      vertex 9.5 12.666666030883789 6.5
      vertex 9.055195808410645 12.167794227600098 5.951044082641602
      vertex 9.04350471496582 12.196104049682617 6.357176780700684
    endloop
  endfacet
  facet normal -0.7053956664727884 0.5479284992965746 0.44965688405718246
    outer loop
      vertex 9.048869132995605 11.258557319641113 8.90894889831543
      vertex 9.5 11.49509334564209 9.328426361083984
      vertex 9.049363136291504 11.269848823547363 8.895964622497559
    endloop
  endfacet
  facet normal -0.7053983532743705 0.5479176469242161 0.4496658930659923
    outer loop
      vertex 9.5 11.49509334564209 9.328426361083984
      vertex 9.048869132995605 11.258557319641113 8.90894889831543
      vertex 9.045145988464355 11.173462867736816 9.006795883178711
    endloop
  endfacet
  facet normal -0.7053984194666102 0.4496668903340519 0.5479167432660842
    outer loop
      vertex 9.04818344116211 11.16645622253418 9.016456604003906
      vertex 9.5 11.49509334564209 9.328426361083984
      vertex 9.045145988464355 11.173462867736816 9.006795883178711
    endloop
  endfacet
  facet normal -0.705398337163634 0.4496659229356338 0.5479176431519839
    outer loop
      vertex 9.060264587402344 10.848973274230957 9.292562484741211
      vertex 9.5 11.49509334564209 9.328426361083984
      vertex 9.04818344116211 11.16645622253418 9.016456604003906
    endloop
  endfacet
  facet normal -0.7053979697846857 0.4496656334663109 0.5479183536832699
    outer loop
      vertex 9.5 11.49509334564209 9.328426361083984
      vertex 9.060264587402344 10.848973274230957 9.292562484741211
      vertex 9.5 10.888947486877441 9.825878143310547
    endloop
  endfacet
  facet normal -0.7053974542788188 0.4496670934101774 0.5479178192037604
    outer loop
      vertex 9.5 10.888947486877441 9.825878143310547
      vertex 9.060264587402344 10.848973274230957 9.292562484741211
      vertex 9.063773155212402 10.756766319274902 9.37275218963623
    endloop
  endfacet
  facet normal -0.7053982927356397 0.20575915710042583 -0.6782893319778567
    outer loop
      vertex 9.05893325805664 9.89070987701416 3.170142650604248
      vertex 9.038416862487793 10.020759582519531 3.2309296131134033
      vertex 9.5 10.197400093078613 2.8044824600219727
    endloop
  endfacet
  facet normal 0 0 1
    outer loop
      vertex -11.664464950561523 0.5499992370605469 13
      vertex -9.5 0.4499998092651367 13
      vertex -9.5 0.5499992370605469 13
    endloop
  endfacet
  facet normal 0 0 1
    outer loop
      vertex -9.5 0.4499998092651367 13
      vertex -11.664464950561523 0.5499992370605469 13
      vertex -11.664464950561523 0.4499998092651367 13
    endloop
  endfacet
  facet normal 0 0 1
    outer loop
      vertex -11.664464950561523 2.549999237060547 13
      vertex -9.5 2.4499998092651367 13
      vertex -9.5 2.549999237060547 13
    endloop
  endfacet
  facet normal 0 0 1
    outer loop
      vertex -9.5 2.4499998092651367 13
      vertex -11.664464950561523 2.549999237060547 13
      vertex -11.664464950561523 2.4499998092651367 13
    endloop
  endfacet
  facet normal 0 0 1
    outer loop
      vertex -11.664464950561523 8.403806686401367 13
      vertex -9.5 5 13
      vertex -9.5 8.403806686401367 13
    endloop
  endfacet
  facet normal 0 0 1
    outer loop
      vertex -9.5 5 13
      vertex -11.664464950561523 8.403806686401367 13
      vertex -11.664464950561523 5 13
    endloop
  endfacet
  facet normal 0 0 0
    outer loop
      vertex -11.664464950561523 2.4499998092651367 13
      vertex -11.664464950561523 2.549999237060547 13
      vertex -11.664464950561523 5 13
    endloop
  endfacet
  facet normal 0 0 0
    outer loop
      vertex -11.664464950561523 0.4499998092651367 13
      vertex -11.664464950561523 0.5499992370605469 13
      vertex -11.664464950561523 2.4499998092651367 13
    endloop
  endfacet
  facet normal 0 0 0
    outer loop
      vertex -11.664464950561523 5 13
      vertex -11.664464950561523 8.403806686401367 13
      vertex -11.664464950561523 0 13
    endloop
  endfacet
  facet normal 0 0 0
    outer loop
      vertex -11.664464950561523 5 13
      vertex -11.664464950561523 0 13
      vertex -11.664464950561523 0.4499998092651367 13
    endloop
  endfacet
  facet normal 0 0 0
    outer loop
      vertex -11.664464950561523 5 13
      vertex -11.664464950561523 0.4499998092651367 13
      vertex -11.664464950561523 2.4499998092651367 13
    endloop
  endfacet
  facet normal 1 0 0
    outer loop
      vertex -9.5 12.666666030883789 6.5
      vertex -9.5 13 6.5247344970703125
      vertex -9.5 12.974441528320312 6.816866874694824
    endloop
  endfacet
  facet normal 1 0 0
    outer loop
      vertex -9.5 13 0.19999980926513672
      vertex -9.5 16.5 0
      vertex -9.5 16.5 0.19999980926513672
    endloop
  endfacet
  facet normal 1 0 0
    outer loop
      vertex -9.5 12.589807510375977 7.280361175537109
      vertex -9.5 12.974441528320312 6.816866874694824
      vertex -9.5 12.755901336669922 7.632472038269043
    endloop
  endfacet
  facet normal 1 0 0
    outer loop
      vertex -9.5 13 6.5247344970703125
      vertex -9.5 12.666666030883789 6.5
      vertex -9.5 12.589807510375977 5.719638824462891
    endloop
  endfacet
  facet normal 1 0 0
    outer loop
      vertex -9.5 12.362184524536133 4.969266891479492
      vertex -9.5 13 6.5247344970703125
      vertex -9.5 12.589807510375977 5.719638824462891
    endloop
  endfacet
  facet normal 1 0 0
    outer loop
      vertex -9.5 13 6.5247344970703125
      vertex -9.5 12.362184524536133 4.969266891479492
      vertex -9.5 13 0.19999980926513672
    endloop
  endfacet
  facet normal 1 0 0
    outer loop
      vertex -9.5 11.992544174194336 4.277719497680664
      vertex -9.5 13 0.19999980926513672
      vertex -9.5 12.362184524536133 4.969266891479492
    endloop
  endfacet
  facet normal 1 0 0
    outer loop
      vertex -9.5 11.49509334564209 3.6715736389160156
      vertex -9.5 13 0.19999980926513672
      vertex -9.5 11.992544174194336 4.277719497680664
    endloop
  endfacet
  facet normal 1 0 0
    outer loop
      vertex -9.5 10.888947486877441 3.174121856689453
      vertex -9.5 13 0.19999980926513672
      vertex -9.5 11.49509334564209 3.6715736389160156
    endloop
  endfacet
  facet normal 1 0 0
    outer loop
      vertex -9.5 10.197400093078613 2.8044824600219727
      vertex -9.5 13 0.19999980926513672
      vertex -9.5 10.888947486877441 3.174121856689453
    endloop
  endfacet
  facet normal 1 0 0
    outer loop
      vertex -9.5 9.447027206420898 2.576859474182129
      vertex -9.5 13 0.19999980926513672
      vertex -9.5 10.197400093078613 2.8044824600219727
    endloop
  endfacet
  facet normal 1 0 0
    outer loop
      vertex -9.5 8.666666030883789 2.5
      vertex -9.5 13 0.19999980926513672
      vertex -9.5 9.447027206420898 2.576859474182129
    endloop
  endfacet
  facet normal 1 0 0
    outer loop
      vertex -9.5 3 0
      vertex -9.5 8.666666030883789 2.5
      vertex -9.5 7.88630485534668 2.576859474182129
    endloop
  endfacet
  facet normal 1 0 0
    outer loop
      vertex -9.5 3 0
      vertex -9.5 7.88630485534668 2.576859474182129
      vertex -9.5 7.135932922363281 2.8044824600219727
    endloop
  endfacet
  facet normal 1 0 0
    outer loop
      vertex -9.5 3 0
      vertex -9.5 4.666666030883789 6.5
      vertex -9.5 3 11.5
    endloop
  endfacet
  facet normal 1 0 0
    outer loop
      vertex -9.5 13 0.19999980926513672
      vertex -9.5 3 0
      vertex -9.5 16.5 0
    endloop
  endfacet
  facet normal 1 0 0
    outer loop
      vertex -9.5 8.666666030883789 2.5
      vertex -9.5 3 0
      vertex -9.5 13 0.19999980926513672
    endloop
  endfacet
  facet normal 1 0 0
    outer loop
      vertex -9.5 6.444385528564453 3.174121856689453
      vertex -9.5 3 0
      vertex -9.5 7.135932922363281 2.8044824600219727
    endloop
  endfacet
  facet normal 1 0 0
    outer loop
      vertex -9.5 5.838238716125488 3.6715736389160156
      vertex -9.5 3 0
      vertex -9.5 6.444385528564453 3.174121856689453
    endloop
  endfacet
  facet normal 1 0 0
    outer loop
      vertex -9.5 5.340787887573242 4.277719497680664
      vertex -9.5 3 0
      vertex -9.5 5.838238716125488 3.6715736389160156
    endloop
  endfacet
  facet normal 1 0 0
    outer loop
      vertex -9.5 4.971148490905762 4.969266891479492
      vertex -9.5 3 0
      vertex -9.5 5.340787887573242 4.277719497680664
    endloop
  endfacet
  facet normal 1 0 0
    outer loop
      vertex -9.5 4.743525505065918 5.719638824462891
      vertex -9.5 3 0
      vertex -9.5 4.971148490905762 4.969266891479492
    endloop
  endfacet
  facet normal 1 0 0
    outer loop
      vertex -9.5 4.666666030883789 6.5
      vertex -9.5 3 0
      vertex -9.5 4.743525505065918 5.719638824462891
    endloop
  endfacet
  facet normal 1 0 0
    outer loop
      vertex -9.5 12.974441528320312 6.816866874694824
      vertex -9.5 12.589807510375977 7.280361175537109
      vertex -9.5 12.666666030883789 6.5
    endloop
  endfacet
  facet normal 1 0 0
    outer loop
      vertex -9.5 12.755901336669922 7.632472038269043
      vertex -9.5 12.362184524536133 8.030733108520508
      vertex -9.5 12.589807510375977 7.280361175537109
    endloop
  endfacet
  facet normal 1 0 0
    outer loop
      vertex -9.5 12.209178924560547 8.804922103881836
      vertex -9.5 12.362184524536133 8.030733108520508
      vertex -9.5 12.755901336669922 7.632472038269043
    endloop
  endfacet
  facet normal 1 0 0
    outer loop
      vertex -9.5 12.209178924560547 8.804922103881836
      vertex -9.5 11.992544174194336 8.722280502319336
      vertex -9.5 12.362184524536133 8.030733108520508
    endloop
  endfacet
  facet normal 1 0 0
    outer loop
      vertex -9.5 12.209178924560547 8.804922103881836
      vertex -9.5 11.49509334564209 9.328426361083984
      vertex -9.5 11.992544174194336 8.722280502319336
    endloop
  endfacet
  facet normal 1 0 0
    outer loop
      vertex -9.5 11.298965454101562 10.104841232299805
      vertex -9.5 11.49509334564209 9.328426361083984
      vertex -9.5 12.209178924560547 8.804922103881836
    endloop
  endfacet
  facet normal 1 0 0
    outer loop
      vertex -9.5 11.298965454101562 10.104841232299805
      vertex -9.5 10.888947486877441 9.825878143310547
      vertex -9.5 11.49509334564209 9.328426361083984
    endloop
  endfacet
  facet normal 1 0 0
    outer loop
      vertex -9.5 11.298965454101562 10.104841232299805
      vertex -9.5 10.197400093078613 10.195517539978027
      vertex -9.5 10.888947486877441 9.825878143310547
    endloop
  endfacet
  facet normal 1 0 0
    outer loop
      vertex -9.5 8.403806686401367 13
      vertex -9.5 10.197400093078613 10.195517539978027
      vertex -9.5 11.298965454101562 10.104841232299805
    endloop
  endfacet
  facet normal 1 0 0
    outer loop
      vertex -9.5 10.197400093078613 10.195517539978027
      vertex -9.5 8.403806686401367 13
      vertex -9.5 9.447027206420898 10.423140525817871
    endloop
  endfacet
  facet normal 1 0 0
    outer loop
      vertex -9.5 8.403806686401367 13
      vertex -9.5 8.666666030883789 10.5
      vertex -9.5 9.447027206420898 10.423140525817871
    endloop
  endfacet
  facet normal 1 0 0
    outer loop
      vertex -9.5 8.403806686401367 13
      vertex -9.5 7.88630485534668 10.423140525817871
      vertex -9.5 8.666666030883789 10.5
    endloop
  endfacet
  facet normal 1 0 0
    outer loop
      vertex -9.5 8.403806686401367 13
      vertex -9.5 7.135932922363281 10.195517539978027
      vertex -9.5 7.88630485534668 10.423140525817871
    endloop
  endfacet
  facet normal 1 0 0
    outer loop
      vertex -9.5 5 12.5
      vertex -9.5 7.135932922363281 10.195517539978027
      vertex -9.5 8.403806686401367 13
    endloop
  endfacet
  facet normal 1 0 0
    outer loop
      vertex -9.5 7.135932922363281 10.195517539978027
      vertex -9.5 5 12.5
      vertex -9.5 6.444385528564453 9.825878143310547
    endloop
  endfacet
  facet normal 1 0 0
    outer loop
      vertex -9.5 6.444385528564453 9.825878143310547
      vertex -9.5 5 12.5
      vertex -9.5 5.838238716125488 9.328426361083984
    endloop
  endfacet
  facet normal 1 0 0
    outer loop
      vertex -9.5 5 12.5
      vertex -9.5 8.403806686401367 13
      vertex -9.5 5 13
    endloop
  endfacet
  facet normal 1 0 0
    outer loop
      vertex -9.5 3 11.5
      vertex -9.5 5.838238716125488 9.328426361083984
      vertex -9.5 5 12.5
    endloop
  endfacet
  facet normal 1 0 0
    outer loop
      vertex -9.5 5.838238716125488 9.328426361083984
      vertex -9.5 3 11.5
      vertex -9.5 5.340787887573242 8.722280502319336
    endloop
  endfacet
  facet normal 1 0 0
    outer loop
      vertex -9.5 5.340787887573242 8.722280502319336
      vertex -9.5 3 11.5
      vertex -9.5 4.971148490905762 8.030733108520508
    endloop
  endfacet
  facet normal 1 0 0
    outer loop
      vertex -9.5 4.971148490905762 8.030733108520508
      vertex -9.5 3 11.5
      vertex -9.5 4.743525505065918 7.280361175537109
    endloop
  endfacet
  facet normal 1 0 0
    outer loop
      vertex -9.5 4.743525505065918 7.280361175537109
      vertex -9.5 3 11.5
      vertex -9.5 4.666666030883789 6.5
    endloop
  endfacet
  facet normal 1 0 0
    outer loop
      vertex -9.5 2.4499998092651367 13
      vertex -9.5 2.549999237060547 12.5
      vertex -9.5 2.549999237060547 13
    endloop
  endfacet
  facet normal 1 0 0
    outer loop
      vertex -9.5 2.549999237060547 12.5
      vertex -9.5 2.4499998092651367 13
      vertex -9.5 2.4499998092651367 12.5
    endloop
  endfacet
  facet normal 1 0 0
    outer loop
      vertex -9.5 0.4499998092651367 13
      vertex -9.5 0.5499992370605469 12.5
      vertex -9.5 0.5499992370605469 13
    endloop
  endfacet
  facet normal 1 0 0
    outer loop
      vertex -9.5 0.5499992370605469 12.5
      vertex -9.5 0.4499998092651367 13
      vertex -9.5 0.4499998092651367 12.5
    endloop
  endfacet
  facet normal 0 1 0
    outer loop
      vertex -9.5 13 6.5247344970703125
      vertex -12.5 13 0.8355340957641602
      vertex -12.5 13 6.5247344970703125
    endloop
  endfacet
  facet normal 0 1 0
    outer loop
      vertex -9.5 13 0.19999980926513672
      vertex -12.5 13 0.8355340957641602
      vertex -9.5 13 6.5247344970703125
    endloop
  endfacet
  facet normal 0 1 0
    outer loop
      vertex -12.5 13 0.8355340957641602
      vertex -9.5 13 0.19999980926513672
      vertex -11.864465713500977 13 0.19999980926513672
    endloop
  endfacet
  facet normal 0.7053983972283431 0.06948126064372044 -0.7053973742558475
    outer loop
      vertex -9.048928260803223 9.34440803527832 3.0178239345550537
      vertex -9.5 9.447027206420898 2.576859474182129
      vertex -9.046001434326172 9.3584566116333 3.02213454246521
    endloop
  endfacet
  facet normal 0.7053981201042238 0.06947708387995287 -0.7053980627765893
    outer loop
      vertex -9.5 9.447027206420898 2.576859474182129
      vertex -9.048928260803223 9.34440803527832 3.0178239345550537
      vertex -9.073747634887695 9.225273132324219 2.9812705516815186
    endloop
  endfacet
  facet normal 0.7053977081232483 -0.20576608669726446 -0.6782878378238565
    outer loop
      vertex -9.058600425720215 7.958070278167725 3.014130115509033
      vertex -9.5 7.88630485534668 2.576859474182129
      vertex -9.057316780090332 7.972668170928955 3.0110366344451904
    endloop
  endfacet
  facet normal 0.7053982687346585 -0.20575783491326383 -0.6782897580223017
    outer loop
      vertex -9.5 7.88630485534668 2.576859474182129
      vertex -9.058600425720215 7.958070278167725 3.014130115509033
      vertex -9.069361686706543 7.835677146911621 3.0400664806365967
    endloop
  endfacet
  facet normal 0.705398658296562 -0.06948127357437232 0.7053971119134905
    outer loop
      vertex -9.082097053527832 8.091621398925781 10.025460243225098
      vertex -9.5 7.88630485534668 10.423140525817871
      vertex -9.057315826416016 7.972668647766113 9.988962173461914
    endloop
  endfacet
  facet normal 0.7053867611460436 -0.06942287865081938 0.7054147582236482
    outer loop
      vertex -9.5 7.88630485534668 10.423140525817871
      vertex -9.082097053527832 8.091621398925781 10.025460243225098
      vertex -9.081744194030762 8.103899002075195 10.026315689086914
    endloop
  endfacet
  facet normal 0.7053986491984133 0.06947485612213834 -0.7053977530981098
    outer loop
      vertex -9.065166473388672 8.786046028137207 2.946591854095459
      vertex -9.5 8.666666030883789 2.5
      vertex -9.077316284179688 9.208144187927246 2.9760146141052246
    endloop
  endfacet
  facet normal 0.7053977777251826 0.06947955805916435 -0.7053981614608
    outer loop
      vertex -9.5 8.666666030883789 2.5
      vertex -9.065166473388672 8.786046028137207 2.946591854095459
      vertex -9.061729431152344 8.666666030883789 2.938270330429077
    endloop
  endfacet
  facet normal 0.7053977438797568 0.06947623895988783 -0.7053985222194172
    outer loop
      vertex -9.5 9.447027206420898 2.576859474182129
      vertex -9.077316284179688 9.208144187927246 2.9760146141052246
      vertex -9.5 8.666666030883789 2.5
    endloop
  endfacet
  facet normal 0.7053996925257952 0.06948426370678971 -0.7053957831470493
    outer loop
      vertex -9.077316284179688 9.208144187927246 2.9760146141052246
      vertex -9.5 9.447027206420898 2.576859474182129
      vertex -9.073747634887695 9.225273132324219 2.9812705516815186
    endloop
  endfacet
  facet normal 0.7053984341524995 -0.4496645486919334 -0.5479186461007526
    outer loop
      vertex -9.067994117736816 6.670146465301514 3.545015573501587
      vertex -9.5 6.444385528564453 3.174121856689453
      vertex -9.064321517944336 6.686435699462891 3.5363755226135254
    endloop
  endfacet
  facet normal 0.7053987259915344 -0.44966117267425143 -0.5479210409892444
    outer loop
      vertex -9.5 6.444385528564453 3.174121856689453
      vertex -9.067994117736816 6.670146465301514 3.545015573501587
      vertex -9.090948104858398 6.568331718444824 3.599020481109619
    endloop
  endfacet
  facet normal 0.7053985797072072 0.06948116939347843 0.7053972007647676
    outer loop
      vertex -9.5 9.447027206420898 10.423140525817871
      vertex -9.048927307128906 9.34440803527832 9.98217487335205
      vertex -9.046000480651855 9.3584566116333 9.977864265441895
    endloop
  endfacet
  facet normal 0.7053983025843211 0.06947699263219614 0.705397889283732
    outer loop
      vertex -9.048927307128906 9.34440803527832 9.98217487335205
      vertex -9.5 9.447027206420898 10.423140525817871
      vertex -9.073746681213379 9.225273132324219 10.018728256225586
    endloop
  endfacet
  facet normal 0.7053983689209552 -0.6251152235328186 -0.33413185785131333
    outer loop
      vertex -9.098426818847656 5.530938625335693 4.769749641418457
      vertex -9.5 5.340787887573242 4.277719497680664
      vertex -9.072322845458984 5.6963887214660645 4.515324115753174
    endloop
  endfacet
  facet normal 0.7053976032313914 -0.6251167334951 -0.33413064938706927
    outer loop
      vertex -9.109293937683105 5.462063312530518 4.875664710998535
      vertex -9.5 5.340787887573242 4.277719497680664
      vertex -9.098426818847656 5.530938625335693 4.769749641418457
    endloop
  endfacet
  facet normal 0.7053972005663955 -0.6251157272396648 -0.334133382035853
    outer loop
      vertex -9.5 4.971148490905762 4.969266891479492
      vertex -9.109293937683105 5.462063312530518 4.875664710998535
      vertex -9.089157104492188 5.413993835449219 5.0081071853637695
    endloop
  endfacet
  facet normal 0.7053980600286289 -0.6251159764194484 -0.3341311014153075
    outer loop
      vertex -9.109293937683105 5.462063312530518 4.875664710998535
      vertex -9.5 4.971148490905762 4.969266891479492
      vertex -9.5 5.340787887573242 4.277719497680664
    endloop
  endfacet
  facet normal 0.7054120503015977 -0.5478673592466275 0.4497056770393533
    outer loop
      vertex -9.5 5.838238716125488 9.328426361083984
      vertex -9.086193084716797 6.040801525115967 8.926103591918945
      vertex -9.086002349853516 6.045169353485107 8.93112564086914
    endloop
  endfacet
  facet normal 0.7053976761786257 -0.5479195792242764 0.4496646007242365
    outer loop
      vertex -9.5 5.838238716125488 9.328426361083984
      vertex -9.098563194274902 5.758126735687256 8.601067543029785
      vertex -9.086193084716797 6.040801525115967 8.926103591918945
    endloop
  endfacet
  facet normal 0.7053983739624866 -0.5479184655033424 0.4496648631720543
    outer loop
      vertex -9.5 5.340787887573242 8.722280502319336
      vertex -9.098563194274902 5.758126735687256 8.601067543029785
      vertex -9.5 5.838238716125488 9.328426361083984
    endloop
  endfacet
  facet normal 0.7053979847308096 -0.5479176115379624 0.44966651432394555
    outer loop
      vertex -9.098563194274902 5.758126735687256 8.601067543029785
      vertex -9.5 5.340787887573242 8.722280502319336
      vertex -9.072321891784668 5.696389198303223 8.484675407409668
    endloop
  endfacet
  facet normal 0.7053978956046172 0.5479178019777671 0.4496664220868954
    outer loop
      vertex -9.5 11.992544174194336 8.722280502319336
      vertex -9.0608491897583 11.532337188720703 8.59414005279541
      vertex -9.03099250793457 11.602579116821289 8.461713790893555
    endloop
  endfacet
  facet normal 0.7053982544404177 0.5479185574503155 0.4496649386309512
    outer loop
      vertex -9.5 11.49509334564209 9.328426361083984
      vertex -9.0608491897583 11.532337188720703 8.59414005279541
      vertex -9.5 11.992544174194336 8.722280502319336
    endloop
  endfacet
  facet normal 0.7053983810172607 0.5479183413619354 0.449665003371858
    outer loop
      vertex -9.0608491897583 11.532337188720703 8.59414005279541
      vertex -9.5 11.49509334564209 9.328426361083984
      vertex -9.049363136291504 11.269848823547363 8.895964622497559
    endloop
  endfacet
  facet normal 0.7053987310425833 -0.20575562820282936 -0.6782899466351925
    outer loop
      vertex -9.09485149383545 7.5457611083984375 3.1015024185180664
      vertex -9.5 7.88630485534668 2.576859474182129
      vertex -9.069361686706543 7.835677146911621 3.0400664806365967
    endloop
  endfacet
  facet normal 0.7053984065966244 -0.2057584518340952 -0.6782894275084786
    outer loop
      vertex -9.5 7.135932922363281 2.8044824600219727
      vertex -9.09485149383545 7.5457611083984375 3.1015024185180664
      vertex -9.05694580078125 7.305482387542725 3.2138113975524902
    endloop
  endfacet
  facet normal 0.70539787315094 -0.20575726050490228 -0.6782903436609193
    outer loop
      vertex -9.09485149383545 7.5457611083984375 3.1015024185180664
      vertex -9.5 7.135932922363281 2.8044824600219727
      vertex -9.5 7.88630485534668 2.576859474182129
    endloop
  endfacet
  facet normal 0.705398398432216 0.3341304360031856 -0.6251159502249048
    outer loop
      vertex -9.076257705688477 10.269646644592285 3.3212623596191406
      vertex -9.5 10.888947486877441 3.174121856689453
      vertex -9.051538467407227 10.510573387145996 3.477933883666992
    endloop
  endfacet
  facet normal 0.7053987232143946 0.33413079029712095 -0.6251153943576524
    outer loop
      vertex -9.076257705688477 10.269646644592285 3.3212623596191406
      vertex -9.5 10.197400093078613 2.8044824600219727
      vertex -9.5 10.888947486877441 3.174121856689453
    endloop
  endfacet
  facet normal 0.7053973364722889 0.33413479720880024 -0.6251148174471908
    outer loop
      vertex -9.056264877319336 10.138151168823242 3.273536205291748
      vertex -9.5 10.197400093078613 2.8044824600219727
      vertex -9.076257705688477 10.269646644592285 3.3212623596191406
    endloop
  endfacet
  facet normal 0.705398303604379 0.33412988226155144 -0.625116353211101
    outer loop
      vertex -9.5 10.197400093078613 2.8044824600219727
      vertex -9.056264877319336 10.138151168823242 3.273536205291748
      vertex -9.038416862487793 10.020759582519531 3.2309296131134033
    endloop
  endfacet
  facet normal 0.7053981621421178 0.3341315641292555 0.6251156138659949
    outer loop
      vertex -9.5 10.888947486877441 9.825878143310547
      vertex -9.076255798339844 10.269646644592285 9.678736686706543
      vertex -9.051536560058594 10.51057243347168 9.522065162658691
    endloop
  endfacet
  facet normal 0.7053978348226354 0.3341312070653321 0.6251161740769486
    outer loop
      vertex -9.5 10.197400093078613 10.195517539978027
      vertex -9.076255798339844 10.269646644592285 9.678736686706543
      vertex -9.5 10.888947486877441 9.825878143310547
    endloop
  endfacet
  facet normal 0.7053996038753692 0.3341260954257441 0.6251169100320506
    outer loop
      vertex -9.5 10.197400093078613 10.195517539978027
      vertex -9.05626392364502 10.138150215148926 9.726462364196777
      vertex -9.076255798339844 10.269646644592285 9.678736686706543
    endloop
  endfacet
  facet normal 0.7053977606588436 0.33413546271365485 0.6251139830579864
    outer loop
      vertex -9.05626392364502 10.138150215148926 9.726462364196777
      vertex -9.5 10.197400093078613 10.195517539978027
      vertex -9.038415908813477 10.020759582519531 9.76906967163086
    endloop
  endfacet
  facet normal 0.7053978199045933 0.6251158287806868 0.33413188456309
    outer loop
      vertex -9.066235542297363 11.825946807861328 8.118226051330566
      vertex -9.5 12.362184524536133 8.030733108520508
      vertex -9.5 11.992544174194336 8.722280502319336
    endloop
  endfacet
  facet normal 0.7053984629881839 0.6251160576089546 0.33413009881383904
    outer loop
      vertex -9.5 12.362184524536133 8.030733108520508
      vertex -9.066235542297363 11.825946807861328 8.118226051330566
      vertex -9.04641342163086 11.873265266418457 7.987851619720459
    endloop
  endfacet
  facet normal 0.70539879845496 0.625114093087739 0.334133065950367
    outer loop
      vertex -9.5 11.992544174194336 8.722280502319336
      vertex -9.054170608520508 11.749480247497559 8.23581314086914
      vertex -9.066235542297363 11.825946807861328 8.118226051330566
    endloop
  endfacet
  facet normal 0.7053979101259459 0.6251160544959985 0.33413127180990376
    outer loop
      vertex -9.054170608520508 11.749480247497559 8.23581314086914
      vertex -9.5 11.992544174194336 8.722280502319336
      vertex -9.03099250793457 11.602579116821289 8.461713790893555
    endloop
  endfacet
  facet normal 0.7054051559235334 -0.06950912193698994 -0.7053878705818836
    outer loop
      vertex -9.082098960876465 8.091621398925781 2.974538803100586
      vertex -9.5 7.88630485534668 2.576859474182129
      vertex -9.081745147705078 8.103898048400879 2.9736828804016113
    endloop
  endfacet
  facet normal 0.705398088265127 -0.06947442646461309 -0.7053983563486077
    outer loop
      vertex -9.5 7.88630485534668 2.576859474182129
      vertex -9.082098960876465 8.091621398925781 2.974538803100586
      vertex -9.057316780090332 7.972668170928955 3.0110366344451904
    endloop
  endfacet
  facet normal 0.7053987960448499 0.20575874631906063 0.6782889331632094
    outer loop
      vertex -9.5 10.197400093078613 10.195517539978027
      vertex -9.08067798614502 9.752869606018066 9.89428424835205
      vertex -9.058932304382324 9.890708923339844 9.829855918884277
    endloop
  endfacet
  facet normal 0.7053979532119883 0.2057569979081364 0.6782903400581264
    outer loop
      vertex -9.5 9.447027206420898 10.423140525817871
      vertex -9.08067798614502 9.752869606018066 9.89428424835205
      vertex -9.5 10.197400093078613 10.195517539978027
    endloop
  endfacet
  facet normal 0.7053982872558336 0.20575630347318674 0.678290203318304
    outer loop
      vertex -9.08067798614502 9.752869606018066 9.89428424835205
      vertex -9.5 9.447027206420898 10.423140525817871
      vertex -9.046000480651855 9.3584566116333 9.977864265441895
    endloop
  endfacet
  facet normal 0.7053980848219445 -0.205763818239021 0.6782881342270642
    outer loop
      vertex -9.5 7.88630485534668 10.423140525817871
      vertex -9.058599472045898 7.958069801330566 9.985868453979492
      vertex -9.057315826416016 7.972668647766113 9.988962173461914
    endloop
  endfacet
  facet normal 0.7053989321021926 -0.2057513464479396 0.6782910363729908
    outer loop
      vertex -9.058599472045898 7.958069801330566 9.985868453979492
      vertex -9.5 7.88630485534668 10.423140525817871
      vertex -9.06935977935791 7.835676670074463 9.959932327270508
    endloop
  endfacet
  facet normal 0.7053980311492358 0.3341316511622784 0.6251157151618821
    outer loop
      vertex -9.5 10.888947486877441 9.825878143310547
      vertex -9.040568351745605 10.617476463317871 9.452547073364258
      vertex -9.038993835449219 10.63282585144043 9.44256591796875
    endloop
  endfacet
  facet normal 0.7053979650846836 0.3341308421746969 0.6251162221235468
    outer loop
      vertex -9.040568351745605 10.617476463317871 9.452547073364258
      vertex -9.5 10.888947486877441 9.825878143310547
      vertex -9.051536560058594 10.51057243347168 9.522065162658691
    endloop
  endfacet
  facet normal 0.7054011290570654 -0.5478837367993131 -0.44970285531208093
    outer loop
      vertex -9.082467079162598 6.125967025756836 3.9759669303894043
      vertex -9.5 5.838238716125488 3.6715736389160156
      vertex -9.07943058013916 6.135626792907715 3.968961238861084
    endloop
  endfacet
  facet normal 0.7053977592896753 -0.5479200089443799 -0.4496639467285496
    outer loop
      vertex -9.5 5.838238716125488 3.6715736389160156
      vertex -9.082467079162598 6.125967025756836 3.9759669303894043
      vertex -9.086003303527832 6.045168876647949 4.068872928619385
    endloop
  endfacet
  facet normal 0.7053904106457187 0.7054095876586851 -0.06943833385290749
    outer loop
      vertex -9.055429458618164 12.167228698730469 5.942925453186035
      vertex -9.5 12.589807510375977 5.719638824462891
      vertex -9.055195808410645 12.167794227600098 5.951044082641602
    endloop
  endfacet
  facet normal 0.7053982015947783 0.7053981353301423 -0.06947551985851358
    outer loop
      vertex -9.5 12.589807510375977 5.719638824462891
      vertex -9.055429458618164 12.167228698730469 5.942925453186035
      vertex -9.028091430664062 12.12696647644043 5.811703681945801
    endloop
  endfacet
  facet normal 0.7053977227498058 0.547919553544158 -0.4496645589585183
    outer loop
      vertex -9.0608491897583 11.532337188720703 4.405858516693115
      vertex -9.5 11.992544174194336 4.277719497680664
      vertex -9.030993461608887 11.602580070495605 4.538285255432129
    endloop
  endfacet
  facet normal 0.7053975185240092 0.5479191235817842 -0.44966540324283316
    outer loop
      vertex -9.0608491897583 11.532337188720703 4.405858516693115
      vertex -9.5 11.49509334564209 3.6715736389160156
      vertex -9.5 11.992544174194336 4.277719497680664
    endloop
  endfacet
  facet normal 0.7053982663424611 0.5479178469270625 -0.449665785734097
    outer loop
      vertex -9.5 11.49509334564209 3.6715736389160156
      vertex -9.0608491897583 11.532337188720703 4.405858516693115
      vertex -9.04936408996582 11.26984977722168 4.104034423828125
    endloop
  endfacet
  facet normal 0.7053979502849032 -0.06947621882592502 -0.7053983177974763
    outer loop
      vertex -9.5 8.666666030883789 2.5
      vertex -9.081745147705078 8.103898048400879 2.9736828804016113
      vertex -9.5 7.88630485534668 2.576859474182129
    endloop
  endfacet
  facet normal 0.7053979980704383 -0.06947614888799998 -0.7053982769002985
    outer loop
      vertex -9.081745147705078 8.103898048400879 2.9736828804016113
      vertex -9.5 8.666666030883789 2.5
      vertex -9.06989860534668 8.515434265136719 2.9449963569641113
    endloop
  endfacet
  facet normal 0.7053976430807398 -0.06947774147057935 -0.705398475031159
    outer loop
      vertex -9.06989860534668 8.515434265136719 2.9449963569641113
      vertex -9.5 8.666666030883789 2.5
      vertex -9.066024780273438 8.649999618530273 2.9356162548065186
    endloop
  endfacet
  facet normal 0.7053984402126169 -0.06946610481052228 -0.7053988239485948
    outer loop
      vertex -9.066024780273438 8.649999618530273 2.9356162548065186
      vertex -9.5 8.666666030883789 2.5
      vertex -9.061729431152344 8.666666030883789 2.938270330429077
    endloop
  endfacet
  facet normal 0.7053980923719414 -0.6251156922384952 0.33413156479927664
    outer loop
      vertex -9.5 5.340787887573242 8.722280502319336
      vertex -9.09842586517334 5.530939102172852 8.230249404907227
      vertex -9.072321891784668 5.696389198303223 8.484675407409668
    endloop
  endfacet
  facet normal 0.7053984877451482 -0.625114912548633 0.3341321888058269
    outer loop
      vertex -9.09842586517334 5.530939102172852 8.230249404907227
      vertex -9.5 5.340787887573242 8.722280502319336
      vertex -9.109292984008789 5.462063312530518 8.124334335327148
    endloop
  endfacet
  facet normal 0.7053976047293521 -0.6251163760237678 0.334131315008043
    outer loop
      vertex -9.5 4.971148490905762 8.030733108520508
      vertex -9.109292984008789 5.462063312530518 8.124334335327148
      vertex -9.5 5.340787887573242 8.722280502319336
    endloop
  endfacet
  facet normal 0.7053984842240555 -0.6251166310137926 0.3341289812099075
    outer loop
      vertex -9.109292984008789 5.462063312530518 8.124334335327148
      vertex -9.5 4.971148490905762 8.030733108520508
      vertex -9.089157104492188 5.413994312286377 7.9918928146362305
    endloop
  endfacet
  facet normal 0.7053980243842655 -0.334130609301708 0.6251162796811842
    outer loop
      vertex -9.076637268066406 7.175956726074219 9.739176750183105
      vertex -9.056943893432617 7.305482864379883 9.786187171936035
      vertex -9.5 7.135932922363281 10.195517539978027
    endloop
  endfacet
  facet normal 0.7053977965730647 0.6251151703756429 0.33413316560332124
    outer loop
      vertex -9.04641342163086 11.873265266418457 7.987851619720459
      vertex -9.025314331054688 11.923632621765137 7.84907865524292
      vertex -9.5 12.362184524536133 8.030733108520508
    endloop
  endfacet
  facet normal 0.7053986356259503 -0.6782902198057016 -0.20575505479326767
    outer loop
      vertex -9.5 4.743525505065918 5.719638824462891
      vertex -9.100308418273926 5.220597743988037 5.517206192016602
      vertex -9.08678150177002 5.187994956970215 5.6710591316223145
    endloop
  endfacet
  facet normal 0.7053978082758944 -0.6782904782787179 -0.20575703914080992
    outer loop
      vertex -9.092777252197266 5.301026344299316 5.277888298034668
      vertex -9.5 4.971148490905762 4.969266891479492
      vertex -9.070046424865723 5.368373394012451 5.133802890777588
    endloop
  endfacet
  facet normal 0.7053974811341502 -0.6782911755034329 -0.20575586223426834
    outer loop
      vertex -9.111124992370605 5.246665954589844 5.394189834594727
      vertex -9.5 4.971148490905762 4.969266891479492
      vertex -9.092777252197266 5.301026344299316 5.277888298034668
    endloop
  endfacet
  facet normal 0.7053968581977471 -0.6782906769100719 -0.20575964147913986
    outer loop
      vertex -9.100308418273926 5.220597743988037 5.517206192016602
      vertex -9.5 4.743525505065918 5.719638824462891
      vertex -9.111124992370605 5.246665954589844 5.394189834594727
    endloop
  endfacet
  facet normal 0.7053981477256424 -0.6782900821746582 -0.20575718118386044
    outer loop
      vertex -9.111124992370605 5.246665954589844 5.394189834594727
      vertex -9.5 4.743525505065918 5.719638824462891
      vertex -9.5 4.971148490905762 4.969266891479492
    endloop
  endfacet
  facet normal 0.7053905587280496 0.705409041409116 0.06944237867183294
    outer loop
      vertex -9.5 12.589807510375977 7.280361175537109
      vertex -9.055428504943848 12.167228698730469 7.057073593139648
      vertex -9.055194854736328 12.167794227600098 7.04895544052124
    endloop
  endfacet
  facet normal 0.7053984192381427 0.7053974865546545 0.06947989708329656
    outer loop
      vertex -9.055428504943848 12.167228698730469 7.057073593139648
      vertex -9.5 12.589807510375977 7.280361175537109
      vertex -9.028090476989746 12.126965522766113 7.188296318054199
    endloop
  endfacet
  facet normal 0.7053968208429994 0.44966917033287124 -0.5479169301972121
    outer loop
      vertex -9.064230918884277 10.744762420654297 3.616806745529175
      vertex -9.5 10.888947486877441 3.174121856689453
      vertex -9.063774108886719 10.756767272949219 3.6272470951080322
    endloop
  endfacet
  facet normal 0.7053982211503165 0.44966274332231765 -0.5479204019433996
    outer loop
      vertex -9.5 10.888947486877441 3.174121856689453
      vertex -9.064230918884277 10.744762420654297 3.616806745529175
      vertex -9.038994789123535 10.632826805114746 3.557433605194092
    endloop
  endfacet
  facet normal 0.705398997986059 -0.33412612880981213 0.6251175758901941
    outer loop
      vertex -9.5 7.135932922363281 10.195517539978027
      vertex -9.080364227294922 7.15144157409668 9.730278968811035
      vertex -9.076637268066406 7.175956726074219 9.739176750183105
    endloop
  endfacet
  facet normal 0.7053971591886382 -0.3341335783414278 0.625115669003227
    outer loop
      vertex -9.5 7.135932922363281 10.195517539978027
      vertex -9.099270820617676 7.027087211608887 9.685144424438477
      vertex -9.080364227294922 7.15144157409668 9.730278968811035
    endloop
  endfacet
  facet normal 0.7053981421577729 -0.33413106288636024 0.6251159043367827
    outer loop
      vertex -9.5 6.444385528564453 9.825878143310547
      vertex -9.099270820617676 7.027087211608887 9.685144424438477
      vertex -9.5 7.135932922363281 10.195517539978027
    endloop
  endfacet
  facet normal 0.7053988979296771 -0.3341318961888276 0.6251146060914394
    outer loop
      vertex -9.099270820617676 7.027087211608887 9.685144424438477
      vertex -9.5 6.444385528564453 9.825878143310547
      vertex -9.06432056427002 6.686436176300049 9.463623046875
    endloop
  endfacet
  facet normal 0.7053982570129921 -0.6782906430378092 0.20575495758398651
    outer loop
      vertex -9.075222969055176 5.160140514373779 7.19749116897583
      vertex -9.086780548095703 5.187995433807373 7.3289408683776855
      vertex -9.5 4.743525505065918 7.280361175537109
    endloop
  endfacet
  facet normal 0.7053978930013703 -0.6251166491138376 -0.3341301955075515
    outer loop
      vertex -9.089157104492188 5.413993835449219 5.0081071853637695
      vertex -9.070046424865723 5.368373394012451 5.133802890777588
      vertex -9.5 4.971148490905762 4.969266891479492
    endloop
  endfacet
  facet normal 0.7053949984290142 -0.33414417872272756 -0.6251124410992354
    outer loop
      vertex -9.080366134643555 7.151440620422363 3.2697200775146484
      vertex -9.5 7.135932922363281 2.8044824600219727
      vertex -9.076638221740723 7.175956726074219 3.260822057723999
    endloop
  endfacet
  facet normal 0.7053978843332026 -0.334132487457195 -0.6251154338231535
    outer loop
      vertex -9.099272727966309 7.0270867347717285 3.314854145050049
      vertex -9.5 7.135932922363281 2.8044824600219727
      vertex -9.080366134643555 7.151440620422363 3.2697200775146484
    endloop
  endfacet
  facet normal 0.7053983812997775 -0.3341307514038425 -0.6251158009728734
    outer loop
      vertex -9.5 6.444385528564453 3.174121856689453
      vertex -9.099272727966309 7.0270867347717285 3.314854145050049
      vertex -9.064321517944336 6.686435699462891 3.5363755226135254
    endloop
  endfacet
  facet normal 0.7053985081014846 -0.3341308912124063 -0.6251155831570694
    outer loop
      vertex -9.099272727966309 7.0270867347717285 3.314854145050049
      vertex -9.5 6.444385528564453 3.174121856689453
      vertex -9.5 7.135932922363281 2.8044824600219727
    endloop
  endfacet
  facet normal 0.7053978007780358 -0.7053984642975099 -0.0694762493534676
    outer loop
      vertex -9.5 4.666666030883789 6.5
      vertex -9.103981971740723 5.1177849769592285 5.9405517578125
      vertex -9.091699600219727 5.08804178237915 6.367240905761719
    endloop
  endfacet
  facet normal 0.7053978129928905 -0.7053984537703575 -0.06947623221819064
    outer loop
      vertex -9.5 4.743525505065918 5.719638824462891
      vertex -9.103981971740723 5.1177849769592285 5.9405517578125
      vertex -9.5 4.666666030883789 6.5
    endloop
  endfacet
  facet normal 0.7053977442621524 -0.7053985508318846 -0.06947594457180288
    outer loop
      vertex -9.103981971740723 5.1177849769592285 5.9405517578125
      vertex -9.5 4.743525505065918 5.719638824462891
      vertex -9.075222969055176 5.160140037536621 5.80250883102417
    endloop
  endfacet
  facet normal 0.7053979938104105 0.06947558275842873 0.7053983369193784
    outer loop
      vertex -9.5 9.447027206420898 10.423140525817871
      vertex -9.077315330505371 9.208144187927246 10.0239839553833
      vertex -9.073746681213379 9.225273132324219 10.018728256225586
    endloop
  endfacet
  facet normal 0.7053981436868412 0.06947619996036042 0.705398126253697
    outer loop
      vertex -9.5 8.666666030883789 10.5
      vertex -9.077315330505371 9.208144187927246 10.0239839553833
      vertex -9.5 9.447027206420898 10.423140525817871
    endloop
  endfacet
  facet normal 0.7053979690911392 0.06947646664862066 0.7053982745826071
    outer loop
      vertex -9.077315330505371 9.208144187927246 10.0239839553833
      vertex -9.5 8.666666030883789 10.5
      vertex -9.065164566040039 8.786046028137207 10.053406715393066
    endloop
  endfacet
  facet normal 0.7053981771073741 0.0694753443114006 0.7053981771073741
    outer loop
      vertex -9.065164566040039 8.786046028137207 10.053406715393066
      vertex -9.5 8.666666030883789 10.5
      vertex -9.061728477478027 8.666666030883789 10.061728477478027
    endloop
  endfacet
  facet normal 0.705398628160352 -0.06946618442801361 0.705398628160352
    outer loop
      vertex -9.5 8.666666030883789 10.5
      vertex -9.066023826599121 8.649999618530273 10.064382553100586
      vertex -9.061728477478027 8.666666030883789 10.061728477478027
    endloop
  endfacet
  facet normal 0.7053977517495668 -0.06947897833394133 0.7053982445373169
    outer loop
      vertex -9.5 8.666666030883789 10.5
      vertex -9.069897651672363 8.515434265136719 10.055002212524414
      vertex -9.066023826599121 8.649999618530273 10.064382553100586
    endloop
  endfacet
  facet normal 0.705398349983656 -0.06947629448919045 0.7053979106464567
    outer loop
      vertex -9.5 8.666666030883789 10.5
      vertex -9.081744194030762 8.103899002075195 10.026315689086914
      vertex -9.069897651672363 8.515434265136719 10.055002212524414
    endloop
  endfacet
  facet normal 0.7053984339140267 -0.06947617164987134 0.7053978388147473
    outer loop
      vertex -9.081744194030762 8.103899002075195 10.026315689086914
      vertex -9.5 8.666666030883789 10.5
      vertex -9.5 7.88630485534668 10.423140525817871
    endloop
  endfacet
  facet normal 0.7053977728202215 0.6782904392090173 0.20575728948911987
    outer loop
      vertex -9.064403533935547 12.039447784423828 7.601297378540039
      vertex -9.5 12.589807510375977 7.280361175537109
      vertex -9.5 12.362184524536133 8.030733108520508
    endloop
  endfacet
  facet normal 0.7053978216167015 0.6782900092731501 0.20575853950356976
    outer loop
      vertex -9.5 12.589807510375977 7.280361175537109
      vertex -9.052288055419922 12.068647384643555 7.463501453399658
      vertex -9.04093074798584 12.096019744873047 7.334331512451172
    endloop
  endfacet
  facet normal 0.705399440509062 0.6782897500074039 0.2057538441059995
    outer loop
      vertex -9.5 12.589807510375977 7.280361175537109
      vertex -9.064403533935547 12.039447784423828 7.601297378540039
      vertex -9.052288055419922 12.068647384643555 7.463501453399658
    endloop
  endfacet
  facet normal 0.7053975157338082 0.6782908879845977 0.20575669144316547
    outer loop
      vertex -9.5 12.362184524536133 8.030733108520508
      vertex -9.043851852416992 11.978556632995605 7.731571674346924
      vertex -9.064403533935547 12.039447784423828 7.601297378540039
    endloop
  endfacet
  facet normal 0.7053979241194789 0.6782898837404387 0.20575860191815054
    outer loop
      vertex -9.043851852416992 11.978556632995605 7.731571674346924
      vertex -9.5 12.362184524536133 8.030733108520508
      vertex -9.025314331054688 11.923632621765137 7.84907865524292
    endloop
  endfacet
  facet normal 0.7053971408247253 -0.2057598966848155 0.678290305571705
    outer loop
      vertex -9.5 7.88630485534668 10.423140525817871
      vertex -9.094850540161133 7.5457611083984375 9.8984956741333
      vertex -9.06935977935791 7.835676670074463 9.959932327270508
    endloop
  endfacet
  facet normal 0.7053986432536351 -0.20575703803214618 0.6782896102670073
    outer loop
      vertex -9.5 7.135932922363281 10.195517539978027
      vertex -9.094850540161133 7.5457611083984375 9.8984956741333
      vertex -9.5 7.88630485534668 10.423140525817871
    endloop
  endfacet
  facet normal 0.7053979307397134 -0.20575544678942412 0.6782908339529697
    outer loop
      vertex -9.094850540161133 7.5457611083984375 9.8984956741333
      vertex -9.5 7.135932922363281 10.195517539978027
      vertex -9.056943893432617 7.305482864379883 9.786187171936035
    endloop
  endfacet
  facet normal 0.705396215790784 0.6251145244892766 -0.33413771116201074
    outer loop
      vertex -9.06623649597168 11.825946807861328 4.881773471832275
      vertex -9.5 12.362184524536133 4.969266891479492
      vertex -9.04641342163086 11.873266220092773 5.012148380279541
    endloop
  endfacet
  facet normal 0.7053984145503054 0.6251153068755092 -0.3341316055985325
    outer loop
      vertex -9.5 12.362184524536133 4.969266891479492
      vertex -9.06623649597168 11.825946807861328 4.881773471832275
      vertex -9.5 11.992544174194336 4.277719497680664
    endloop
  endfacet
  facet normal 0.7053967355935328 0.6251182848862279 -0.3341295786291426
    outer loop
      vertex -9.054171562194824 11.749481201171875 4.764185905456543
      vertex -9.5 11.992544174194336 4.277719497680664
      vertex -9.06623649597168 11.825946807861328 4.881773471832275
    endloop
  endfacet
  facet normal 0.7053976529682207 0.6251162593661751 -0.334131431420282
    outer loop
      vertex -9.5 11.992544174194336 4.277719497680664
      vertex -9.054171562194824 11.749481201171875 4.764185905456543
      vertex -9.030993461608887 11.602580070495605 4.538285255432129
    endloop
  endfacet
  facet normal 0.7053978585782109 0.2057548132059256 0.6782911011917149
    outer loop
      vertex -9.058932304382324 9.890708923339844 9.829855918884277
      vertex -9.038415908813477 10.020759582519531 9.76906967163086
      vertex -9.5 10.197400093078613 10.195517539978027
    endloop
  endfacet
  facet normal 0.7053982364547592 -0.6251163011453605 0.33413012143304105
    outer loop
      vertex -9.070046424865723 5.368373870849609 7.866197109222412
      vertex -9.089157104492188 5.413994312286377 7.9918928146362305
      vertex -9.5 4.971148490905762 8.030733108520508
    endloop
  endfacet
  facet normal 0.7054034947985479 -0.5478985447913293 -0.44968110271784706
    outer loop
      vertex -9.086194038391113 6.040801525115967 4.07389497756958
      vertex -9.5 5.838238716125488 3.6715736389160156
      vertex -9.086003303527832 6.045168876647949 4.068872928619385
    endloop
  endfacet
  facet normal 0.705397844273317 -0.5479190710737165 -0.449664956215484
    outer loop
      vertex -9.098564147949219 5.758126258850098 4.39893102645874
      vertex -9.5 5.838238716125488 3.6715736389160156
      vertex -9.086194038391113 6.040801525115967 4.07389497756958
    endloop
  endfacet
  facet normal 0.7053983720142554 -0.5479193208832119 -0.4496638239424181
    outer loop
      vertex -9.5 5.340787887573242 4.277719497680664
      vertex -9.098564147949219 5.758126258850098 4.39893102645874
      vertex -9.072322845458984 5.6963887214660645 4.515324115753174
    endloop
  endfacet
  facet normal 0.7053980838573797 -0.5479186886778593 -0.44966504632656523
    outer loop
      vertex -9.098564147949219 5.758126258850098 4.39893102645874
      vertex -9.5 5.340787887573242 4.277719497680664
      vertex -9.5 5.838238716125488 3.6715736389160156
    endloop
  endfacet
  facet normal 0.7053982052042614 0.6782901657699587 0.2057567085525248
    outer loop
      vertex -9.04093074798584 12.096019744873047 7.334331512451172
      vertex -9.028090476989746 12.126965522766113 7.188296318054199
      vertex -9.5 12.589807510375977 7.280361175537109
    endloop
  endfacet
  facet normal 0.7054005425128298 0.4496539564558371 0.5479246244386338
    outer loop
      vertex -9.5 10.888947486877441 9.825878143310547
      vertex -9.064229965209961 10.74476146697998 9.38319206237793
      vertex -9.063773155212402 10.756766319274902 9.37275218963623
    endloop
  endfacet
  facet normal 0.705398087364594 0.44966522525765373 0.5479185373176894
    outer loop
      vertex -9.064229965209961 10.74476146697998 9.38319206237793
      vertex -9.5 10.888947486877441 9.825878143310547
      vertex -9.038993835449219 10.63282585144043 9.44256591796875
    endloop
  endfacet
  facet normal 0.7053982264749235 -0.7053979053061358 0.06947760269143326
    outer loop
      vertex -9.5 4.743525505065918 7.280361175537109
      vertex -9.103981971740723 5.1177849769592285 7.059447288513184
      vertex -9.075222969055176 5.160140514373779 7.19749116897583
    endloop
  endfacet
  facet normal 0.7053978970516505 -0.7053983705192586 0.06947622401860834
    outer loop
      vertex -9.5 4.666666030883789 6.5
      vertex -9.103981971740723 5.1177849769592285 7.059447288513184
      vertex -9.5 4.743525505065918 7.280361175537109
    endloop
  endfacet
  facet normal 0.7053977681064462 -0.7053984816483228 0.06947640490616276
    outer loop
      vertex -9.103981971740723 5.1177849769592285 7.059447288513184
      vertex -9.5 4.666666030883789 6.5
      vertex -9.091699600219727 5.08804178237915 6.632759094238281
    endloop
  endfacet
  facet normal 0.7053989923732894 0.6782894854058044 -0.20575625275232123
    outer loop
      vertex -9.052289009094238 12.068647384643555 5.536497116088867
      vertex -9.5 12.589807510375977 5.719638824462891
      vertex -9.040931701660156 12.096019744873047 5.665668487548828
    endloop
  endfacet
  facet normal 0.7053995989740001 0.6782893882544055 -0.20575449338661828
    outer loop
      vertex -9.064404487609863 12.039447784423828 5.3987016677856445
      vertex -9.5 12.589807510375977 5.719638824462891
      vertex -9.052289009094238 12.068647384643555 5.536497116088867
    endloop
  endfacet
  facet normal 0.7053983224060483 0.6782899158208219 -0.20575713072094293
    outer loop
      vertex -9.5 12.589807510375977 5.719638824462891
      vertex -9.064404487609863 12.039447784423828 5.3987016677856445
      vertex -9.5 12.362184524536133 4.969266891479492
    endloop
  endfacet
  facet normal 0.7053980130255133 0.6782904558830053 -0.20575641102449949
    outer loop
      vertex -9.043852806091309 11.978556632995605 5.26842737197876
      vertex -9.5 12.362184524536133 4.969266891479492
      vertex -9.064404487609863 12.039447784423828 5.3987016677856445
    endloop
  endfacet
  facet normal 0.7053985609106103 0.6782891085954443 -0.20575897410814792
    outer loop
      vertex -9.5 12.362184524536133 4.969266891479492
      vertex -9.043852806091309 11.978556632995605 5.26842737197876
      vertex -9.025315284729004 11.923632621765137 5.150920867919922
    endloop
  endfacet
  facet normal 0.7053962282189284 -0.4496717975521677 -0.5479155370134268
    outer loop
      vertex -9.095182418823242 6.549551963806152 3.6089816093444824
      vertex -9.5 6.444385528564453 3.174121856689453
      vertex -9.090948104858398 6.568331718444824 3.599020481109619
    endloop
  endfacet
  facet normal 0.7053977081418606 -0.44966612601613554 -0.5479182862999296
    outer loop
      vertex -9.091498374938965 6.452742576599121 3.693174123764038
      vertex -9.5 6.444385528564453 3.174121856689453
      vertex -9.095182418823242 6.549551963806152 3.6089816093444824
    endloop
  endfacet
  facet normal 0.7053985920013459 -0.44966549717977017 -0.547917664479426
    outer loop
      vertex -9.5 5.838238716125488 3.6715736389160156
      vertex -9.091498374938965 6.452742576599121 3.693174123764038
      vertex -9.07943058013916 6.135626792907715 3.968961238861084
    endloop
  endfacet
  facet normal 0.7053980934203253 -0.4496651326614031 -0.5479186055132393
    outer loop
      vertex -9.091498374938965 6.452742576599121 3.693174123764038
      vertex -9.5 5.838238716125488 3.6715736389160156
      vertex -9.5 6.444385528564453 3.174121856689453
    endloop
  endfacet
  facet normal 0.7053976322959451 -0.6782898104638443 -0.20575984392538046
    outer loop
      vertex -9.08678150177002 5.187994956970215 5.6710591316223145
      vertex -9.075222969055176 5.160140037536621 5.80250883102417
      vertex -9.5 4.743525505065918 5.719638824462891
    endloop
  endfacet
  facet normal 0.7053984804615884 -0.33412815498770865 -0.6251170768799967
    outer loop
      vertex -9.05694580078125 7.305482387542725 3.2138113975524902
      vertex -9.076638221740723 7.175956726074219 3.260822057723999
      vertex -9.5 7.135932922363281 2.8044824600219727
    endloop
  endfacet
  facet normal 0.7053981626722178 -0.7053981626722178 -0.0694756374372957
    outer loop
      vertex -9.5 4.666666030883789 6.5
      vertex -9.091556549072266 5.087695598602295 6.37221097946167
      vertex -9.087878227233887 5.078787803649902 6.5
    endloop
  endfacet
  facet normal 0.7054061232991081 -0.7053940435792397 -0.0694366221460482
    outer loop
      vertex -9.091556549072266 5.087695598602295 6.37221097946167
      vertex -9.5 4.666666030883789 6.5
      vertex -9.091699600219727 5.08804178237915 6.367240905761719
    endloop
  endfacet
  facet normal 0.705398037200788 -0.54791980523291 0.4496637589875415
    outer loop
      vertex -9.082466125488281 6.125967502593994 9.024031639099121
      vertex -9.5 5.838238716125488 9.328426361083984
      vertex -9.086002349853516 6.045169353485107 8.93112564086914
    endloop
  endfacet
  facet normal 0.7053955355361201 -0.5479467178743084 0.44963488834440274
    outer loop
      vertex -9.5 5.838238716125488 9.328426361083984
      vertex -9.082466125488281 6.125967502593994 9.024031639099121
      vertex -9.079428672790527 6.135627269744873 9.031038284301758
    endloop
  endfacet
  facet normal 0.7054061232991081 -0.7053940435792397 0.0694366221460482
    outer loop
      vertex -9.5 4.666666030883789 6.5
      vertex -9.091556549072266 5.087695598602295 6.62778902053833
      vertex -9.091699600219727 5.08804178237915 6.632759094238281
    endloop
  endfacet
  facet normal 0.7053981626722178 -0.7053981626722178 0.0694756374372957
    outer loop
      vertex -9.091556549072266 5.087695598602295 6.62778902053833
      vertex -9.5 4.666666030883789 6.5
      vertex -9.087878227233887 5.078787803649902 6.5
    endloop
  endfacet
  facet normal 0.7053965962460923 -0.4496716802710563 0.5479151594605066
    outer loop
      vertex -9.5 6.444385528564453 9.825878143310547
      vertex -9.095181465148926 6.5495524406433105 9.391016960144043
      vertex -9.090947151184082 6.568332195281982 9.400978088378906
    endloop
  endfacet
  facet normal 0.7053987765985972 -0.4496633244178686 0.5479192099631778
    outer loop
      vertex -9.5 6.444385528564453 9.825878143310547
      vertex -9.091497421264648 6.452742576599121 9.306824684143066
      vertex -9.095181465148926 6.5495524406433105 9.391016960144043
    endloop
  endfacet
  facet normal 0.7053980693757544 -0.4496651478416622 0.5479186240104404
    outer loop
      vertex -9.5 5.838238716125488 9.328426361083984
      vertex -9.091497421264648 6.452742576599121 9.306824684143066
      vertex -9.5 6.444385528564453 9.825878143310547
    endloop
  endfacet
  facet normal 0.7053974565226696 -0.44966469977449025 0.5479197807234796
    outer loop
      vertex -9.091497421264648 6.452742576599121 9.306824684143066
      vertex -9.5 5.838238716125488 9.328426361083984
      vertex -9.079428672790527 6.135627269744873 9.031038284301758
    endloop
  endfacet
  facet normal 0.7053977881967937 0.20575704031590267 -0.6782904988038027
    outer loop
      vertex -9.080678939819336 9.752869606018066 3.1057145595550537
      vertex -9.5 10.197400093078613 2.8044824600219727
      vertex -9.05893325805664 9.89070987701416 3.170142650604248
    endloop
  endfacet
  facet normal 0.7053977904237009 0.2057570449354713 -0.6782904950865691
    outer loop
      vertex -9.080678939819336 9.752869606018066 3.1057145595550537
      vertex -9.5 9.447027206420898 2.576859474182129
      vertex -9.5 10.197400093078613 2.8044824600219727
    endloop
  endfacet
  facet normal 0.705398138163945 0.20575632202868074 -0.6782903527399382
    outer loop
      vertex -9.5 9.447027206420898 2.576859474182129
      vertex -9.080678939819336 9.752869606018066 3.1057145595550537
      vertex -9.046001434326172 9.3584566116333 3.02213454246521
    endloop
  endfacet
  facet normal 0.7053982201799369 -0.6782898858143205 0.2057575801008879
    outer loop
      vertex -9.5 4.971148490905762 8.030733108520508
      vertex -9.092777252197266 5.301026344299316 7.722110748291016
      vertex -9.070046424865723 5.368373870849609 7.866197109222412
    endloop
  endfacet
  facet normal 0.7053989245913818 -0.6782883845123882 0.20576011426147908
    outer loop
      vertex -9.5 4.971148490905762 8.030733108520508
      vertex -9.111124038696289 5.246665954589844 7.605809211730957
      vertex -9.092777252197266 5.301026344299316 7.722110748291016
    endloop
  endfacet
  facet normal 0.7053975321111262 -0.6782906684437473 0.2057573590267603
    outer loop
      vertex -9.5 4.743525505065918 7.280361175537109
      vertex -9.111124038696289 5.246665954589844 7.605809211730957
      vertex -9.5 4.971148490905762 8.030733108520508
    endloop
  endfacet
  facet normal 0.7053991803986489 -0.6782899082400966 0.2057542142279366
    outer loop
      vertex -9.111124038696289 5.246665954589844 7.605809211730957
      vertex -9.5 4.743525505065918 7.280361175537109
      vertex -9.100308418273926 5.220597743988037 7.482792854309082
    endloop
  endfacet
  facet normal 0.7053975093256625 -0.6782903379939171 0.20575852648492998
    outer loop
      vertex -9.100308418273926 5.220597743988037 7.482792854309082
      vertex -9.5 4.743525505065918 7.280361175537109
      vertex -9.086780548095703 5.187995433807373 7.3289408683776855
    endloop
  endfacet
  facet normal 0.705398701062309 0.6251178332677638 -0.3341262741393195
    outer loop
      vertex -9.025315284729004 11.923632621765137 5.150920867919922
      vertex -9.04641342163086 11.873266220092773 5.012148380279541
      vertex -9.5 12.362184524536133 4.969266891479492
    endloop
  endfacet
  facet normal 0.70539724268008 -0.44966893055811136 0.5479165838976447
    outer loop
      vertex -9.067992210388184 6.670146942138672 9.454983711242676
      vertex -9.5 6.444385528564453 9.825878143310547
      vertex -9.090947151184082 6.568332195281982 9.400978088378906
    endloop
  endfacet
  facet normal 0.7054016453114967 -0.4496179873229171 0.5479527208323018
    outer loop
      vertex -9.5 6.444385528564453 9.825878143310547
      vertex -9.067992210388184 6.670146942138672 9.454983711242676
      vertex -9.06432056427002 6.686436176300049 9.463623046875
    endloop
  endfacet
  facet normal 0.7053977869730359 0.7053985636304101 0.06947538097555081
    outer loop
      vertex -9.055194854736328 12.167794227600098 7.04895544052124
      vertex -9.5 12.666666030883789 6.5
      vertex -9.5 12.589807510375977 7.280361175537109
    endloop
  endfacet
  facet normal 0.7053981899317345 0.7053981899317345 0.0694750838939045
    outer loop
      vertex -9.5 12.666666030883789 6.5
      vertex -9.04350471496582 12.196104049682617 6.642822742462158
      vertex -9.03939437866211 12.206060409545898 6.5
    endloop
  endfacet
  facet normal 0.7053982918656899 0.7053981371983029 0.0694745843465855
    outer loop
      vertex -9.5 12.666666030883789 6.5
      vertex -9.055194854736328 12.167794227600098 7.04895544052124
      vertex -9.04350471496582 12.196104049682617 6.642822742462158
    endloop
  endfacet
  facet normal 0.7053992650008324 0.4496747608236412 -0.5479091954096832
    outer loop
      vertex -9.048184394836426 11.16645622253418 3.9835424423217773
      vertex -9.5 11.49509334564209 3.6715736389160156
      vertex -9.045146942138672 11.173462867736816 3.9932034015655518
    endloop
  endfacet
  facet normal 0.7053985422080598 0.4496662646222761 -0.5479170987580086
    outer loop
      vertex -9.06026554107666 10.848973274230957 3.7074360847473145
      vertex -9.5 11.49509334564209 3.6715736389160156
      vertex -9.048184394836426 11.16645622253418 3.9835424423217773
    endloop
  endfacet
  facet normal 0.7053978428673624 0.44966571359411706 -0.5479184513191406
    outer loop
      vertex -9.5 11.49509334564209 3.6715736389160156
      vertex -9.06026554107666 10.848973274230957 3.7074360847473145
      vertex -9.5 10.888947486877441 3.174121856689453
    endloop
  endfacet
  facet normal 0.7053972163731059 0.4496674878634191 -0.5479178017656259
    outer loop
      vertex -9.5 10.888947486877441 3.174121856689453
      vertex -9.06026554107666 10.848973274230957 3.7074360847473145
      vertex -9.063774108886719 10.756767272949219 3.6272470951080322
    endloop
  endfacet
  facet normal 0.7053980201083071 0.6782890887389443 -0.20576089357546246
    outer loop
      vertex -9.028091430664062 12.12696647644043 5.811703681945801
      vertex -9.040931701660156 12.096019744873047 5.665668487548828
      vertex -9.5 12.589807510375977 5.719638824462891
    endloop
  endfacet
  facet normal 0.7053991361700095 0.5479145918718813 -0.4496683874862386
    outer loop
      vertex -9.048870086669922 11.258557319641113 4.091049671173096
      vertex -9.5 11.49509334564209 3.6715736389160156
      vertex -9.04936408996582 11.26984977722168 4.104034423828125
    endloop
  endfacet
  facet normal 0.7053988618340967 0.5479157000094804 -0.44966746758719583
    outer loop
      vertex -9.5 11.49509334564209 3.6715736389160156
      vertex -9.048870086669922 11.258557319641113 4.091049671173096
      vertex -9.045146942138672 11.173462867736816 3.9932034015655518
    endloop
  endfacet
  facet normal 0.7053970886528989 0.3341141239848838 -0.6251261468486403
    outer loop
      vertex -9.040570259094238 10.617477416992188 3.547451972961426
      vertex -9.5 10.888947486877441 3.174121856689453
      vertex -9.038994789123535 10.632826805114746 3.557433605194092
    endloop
  endfacet
  facet normal 0.7053984304577207 0.33413055333389347 -0.6251158513720241
    outer loop
      vertex -9.5 10.888947486877441 3.174121856689453
      vertex -9.040570259094238 10.617477416992188 3.547451972961426
      vertex -9.051538467407227 10.510573387145996 3.477933883666992
    endloop
  endfacet
  facet normal 0.7053982012991847 0.7053982012991847 -0.06947485306029591
    outer loop
      vertex -9.04350471496582 12.196104049682617 6.357176780700684
      vertex -9.5 12.666666030883789 6.5
      vertex -9.03939437866211 12.206060409545898 6.5
    endloop
  endfacet
  facet normal 0.7053979173343473 0.7053983482017506 -0.06947624467835921
    outer loop
      vertex -9.055195808410645 12.167794227600098 5.951044082641602
      vertex -9.5 12.666666030883789 6.5
      vertex -9.04350471496582 12.196104049682617 6.357176780700684
    endloop
  endfacet
  facet normal 0.7053985094012883 0.7053978481427822 -0.06947531050648821
    outer loop
      vertex -9.5 12.666666030883789 6.5
      vertex -9.055195808410645 12.167794227600098 5.951044082641602
      vertex -9.5 12.589807510375977 5.719638824462891
    endloop
  endfacet
  facet normal 0.7053956664727884 0.5479284992965746 0.44965688405718246
    outer loop
      vertex -9.5 11.49509334564209 9.328426361083984
      vertex -9.048869132995605 11.258557319641113 8.90894889831543
      vertex -9.049363136291504 11.269848823547363 8.895964622497559
    endloop
  endfacet
  facet normal 0.7053983532743705 0.5479176469242161 0.4496658930659923
    outer loop
      vertex -9.048869132995605 11.258557319641113 8.90894889831543
      vertex -9.5 11.49509334564209 9.328426361083984
      vertex -9.045145988464355 11.173462867736816 9.006795883178711
    endloop
  endfacet
  facet normal 0.7053984194666102 0.4496668903340519 0.5479167432660842
    outer loop
      vertex -9.5 11.49509334564209 9.328426361083984
      vertex -9.04818344116211 11.16645622253418 9.016456604003906
      vertex -9.045145988464355 11.173462867736816 9.006795883178711
    endloop
  endfacet
  facet normal 0.7053979697846857 0.4496656334663109 0.5479183536832699
    outer loop
      vertex -9.060264587402344 10.848973274230957 9.292562484741211
      vertex -9.5 11.49509334564209 9.328426361083984
      vertex -9.5 10.888947486877441 9.825878143310547
    endloop
  endfacet
  facet normal 0.705398337163634 0.4496659229356338 0.5479176431519839
    outer loop
      vertex -9.5 11.49509334564209 9.328426361083984
      vertex -9.060264587402344 10.848973274230957 9.292562484741211
      vertex -9.04818344116211 11.16645622253418 9.016456604003906
    endloop
  endfacet
  facet normal 0.7053974542788188 0.4496670934101774 0.5479178192037604
    outer loop
      vertex -9.060264587402344 10.848973274230957 9.292562484741211
      vertex -9.5 10.888947486877441 9.825878143310547
      vertex -9.063773155212402 10.756766319274902 9.37275218963623
    endloop
  endfacet
  facet normal 0.7053982927356397 0.20575915710042583 -0.6782893319778567
    outer loop
      vertex -9.038416862487793 10.020759582519531 3.2309296131134033
      vertex -9.05893325805664 9.89070987701416 3.170142650604248
      vertex -9.5 10.197400093078613 2.8044824600219727
    endloop
  endfacet
  facet normal 0 0.9961946387610294 0.08715642089818781
    outer loop
      vertex -9.5 13 6.5247344970703125
      vertex -12.5 12.974441528320312 6.816866874694824
      vertex -9.5 12.974441528320312 6.816866874694824
    endloop
  endfacet
  facet normal 0 0.9961946387610294 0.08715642089818781
    outer loop
      vertex -12.5 12.974441528320312 6.816866874694824
      vertex -9.5 13 6.5247344970703125
      vertex -12.5 13 6.5247344970703125
    endloop
  endfacet
  facet normal 0 0.9961946387610294 0.08715642089818781
    outer loop
      vertex 12.5 13 6.5247344970703125
      vertex 9.5 12.974441528320312 6.816866874694824
      vertex 12.5 12.974441528320312 6.816866874694824
    endloop
  endfacet
  facet normal 0 0.9961946387610294 0.08715642089818781
    outer loop
      vertex 9.5 12.974441528320312 6.816866874694824
      vertex 12.5 13 6.5247344970703125
      vertex 9.5 13 6.5247344970703125
    endloop
  endfacet
  facet normal 0 0.9659259900996879 0.2588184337521913
    outer loop
      vertex -9.5 12.974441528320312 6.816866874694824
      vertex -12.5 12.755901336669922 7.632472038269043
      vertex -9.5 12.755901336669922 7.632472038269043
    endloop
  endfacet
  facet normal 0 0.9659259900996879 0.2588184337521913
    outer loop
      vertex -12.5 12.755901336669922 7.632472038269043
      vertex -9.5 12.974441528320312 6.816866874694824
      vertex -12.5 12.974441528320312 6.816866874694824
    endloop
  endfacet
  facet normal 0 0.9659259900996879 0.2588184337521913
    outer loop
      vertex 12.5 12.974441528320312 6.816866874694824
      vertex 9.5 12.755901336669922 7.632472038269043
      vertex 12.5 12.755901336669922 7.632472038269043
    endloop
  endfacet
  facet normal 0 0.9659259900996879 0.2588184337521913
    outer loop
      vertex 9.5 12.755901336669922 7.632472038269043
      vertex 12.5 12.974441528320312 6.816866874694824
      vertex 9.5 12.974441528320312 6.816866874694824
    endloop
  endfacet
  facet normal 0 0.9063077965970501 0.4226182412383546
    outer loop
      vertex -9.5 12.755901336669922 7.632472038269043
      vertex -12.5 12.209178924560547 8.804922103881836
      vertex -9.5 12.209178924560547 8.804922103881836
    endloop
  endfacet
  facet normal 0 0.9063077965970501 0.4226182412383546
    outer loop
      vertex -12.5 12.209178924560547 8.804922103881836
      vertex -9.5 12.755901336669922 7.632472038269043
      vertex -12.5 12.755901336669922 7.632472038269043
    endloop
  endfacet
  facet normal 0 0.9063077965970501 0.4226182412383546
    outer loop
      vertex 12.5 12.755901336669922 7.632472038269043
      vertex 9.5 12.209178924560547 8.804922103881836
      vertex 12.5 12.209178924560547 8.804922103881836
    endloop
  endfacet
  facet normal 0 0.9063077965970501 0.4226182412383546
    outer loop
      vertex 9.5 12.209178924560547 8.804922103881836
      vertex 12.5 12.755901336669922 7.632472038269043
      vertex 9.5 12.755901336669922 7.632472038269043
    endloop
  endfacet
  facet normal 0 0.8191519561535984 0.573576562221412
    outer loop
      vertex -9.5 12.209178924560547 8.804922103881836
      vertex -12.5 11.298965454101562 10.104841232299805
      vertex -9.5 11.298965454101562 10.104841232299805
    endloop
  endfacet
  facet normal 0 0.8191519561535984 0.573576562221412
    outer loop
      vertex -12.5 11.298965454101562 10.104841232299805
      vertex -9.5 12.209178924560547 8.804922103881836
      vertex -12.5 12.209178924560547 8.804922103881836
    endloop
  endfacet
  facet normal 0 0.8191519561535984 0.573576562221412
    outer loop
      vertex 12.5 12.209178924560547 8.804922103881836
      vertex 9.5 11.298965454101562 10.104841232299805
      vertex 12.5 11.298965454101562 10.104841232299805
    endloop
  endfacet
  facet normal 0 0.8191519561535984 0.573576562221412
    outer loop
      vertex 9.5 11.298965454101562 10.104841232299805
      vertex 12.5 12.209178924560547 8.804922103881836
      vertex 9.5 12.209178924560547 8.804922103881836
    endloop
  endfacet
  facet normal 0 0.7071067811865476 0.7071067811865476
    outer loop
      vertex -9.5 11.298965454101562 10.104841232299805
      vertex -11.664464950561523 8.403806686401367 13
      vertex -9.5 8.403806686401367 13
    endloop
  endfacet
  facet normal 0 0.7071067811865475 0.7071067811865475
    outer loop
      vertex -11.664464950561523 8.403806686401367 13
      vertex -9.5 11.298965454101562 10.104841232299805
      vertex -12.5 9.239341735839844 12.164464950561523
    endloop
  endfacet
  facet normal 0 0.7071067811865476 0.7071067811865476
    outer loop
      vertex -12.5 9.239341735839844 12.164464950561523
      vertex -9.5 11.298965454101562 10.104841232299805
      vertex -12.5 11.298965454101562 10.104841232299805
    endloop
  endfacet
  facet normal 0 0.7071067811865475 0.7071067811865475
    outer loop
      vertex 9.5 11.298965454101562 10.104841232299805
      vertex 11.664464950561523 8.403806686401367 13
      vertex 12.5 9.239341735839844 12.164464950561523
    endloop
  endfacet
  facet normal 0 0.7071067811865476 0.7071067811865476
    outer loop
      vertex 9.5 11.298965454101562 10.104841232299805
      vertex 12.5 9.239341735839844 12.164464950561523
      vertex 12.5 11.298965454101562 10.104841232299805
    endloop
  endfacet
  facet normal 0 0.7071067811865476 0.7071067811865476
    outer loop
      vertex 11.664464950561523 8.403806686401367 13
      vertex 9.5 11.298965454101562 10.104841232299805
      vertex 9.5 8.403806686401367 13
    endloop
  endfacet
  facet normal -0.2974363951532027 0.0748983938936119 0.9517992547961074
    outer loop
      vertex 8 9.119302749633789 9.694314956665039
      vertex 9.077315330505371 9.208144187927246 10.0239839553833
      vertex 8 9.155478477478027 9.691468238830566
    endloop
  endfacet
  facet normal -0.2974369184655529 0.07490821437354502 0.9517983184231221
    outer loop
      vertex 9.077315330505371 9.208144187927246 10.0239839553833
      vertex 8 9.119302749633789 9.694314956665039
      vertex 9.065164566040039 8.786046028137207 10.053406715393066
    endloop
  endfacet
  facet normal -0.2974372436070271 0.22288768068913367 0.9283599344610218
    outer loop
      vertex 8 9.613225936889648 9.581572532653809
      vertex 9.08067798614502 9.752869606018066 9.89428424835205
      vertex 8 9.648510932922363 9.573101043701172
    endloop
  endfacet
  facet normal -0.29743683730826276 0.22288024985781738 0.9283618486535167
    outer loop
      vertex 9.08067798614502 9.752869606018066 9.89428424835205
      vertex 8 9.613225936889648 9.581572532653809
      vertex 9.046000480651855 9.3584566116333 9.977864265441895
    endloop
  endfacet
  facet normal -0.29743450868533056 0.2228880558089692 0.9283607206365497
    outer loop
      vertex 9.046000480651855 9.3584566116333 9.977864265441895
      vertex 8 9.613225936889648 9.581572532653809
      vertex 9.048927307128906 9.34440803527832 9.98217487335205
    endloop
  endfacet
  facet normal -0.2974370029520425 0.0749079392204054 0.9517983136760952
    outer loop
      vertex 8 8.649999618530273 9.731249809265137
      vertex 9.065164566040039 8.786046028137207 10.053406715393066
      vertex 8 9.119302749633789 9.694314956665039
    endloop
  endfacet
  facet normal -0.29743712122334326 0.0749091848866562 0.9517981786796963
    outer loop
      vertex 9.065164566040039 8.786046028137207 10.053406715393066
      vertex 8 8.649999618530273 9.731249809265137
      vertex 9.061728477478027 8.666666030883789 10.061728477478027
    endloop
  endfacet
  facet normal -0.2974370827731336 0.0749139788193345 0.9517978133873098
    outer loop
      vertex 9.061728477478027 8.666666030883789 10.061728477478027
      vertex 8 8.649999618530273 9.731249809265137
      vertex 9.066023826599121 8.649999618530273 10.064382553100586
    endloop
  endfacet
  facet normal -0.2974367447410742 0.9283623659583169 0.22287821865339189
    outer loop
      vertex 8 11.832996368408203 7.040762901306152
      vertex 9.04093074798584 12.096019744873047 7.334331512451172
      vertex 9.028090476989746 12.126965522766113 7.188296318054199
    endloop
  endfacet
  facet normal -0.29743732528645445 0.9283614993538771 0.2228810535776009
    outer loop
      vertex 9.04093074798584 12.096019744873047 7.334331512451172
      vertex 8 11.832996368408203 7.040762901306152
      vertex 9.052288055419922 12.068647384643555 7.463501453399658
    endloop
  endfacet
  facet normal -0.2974369975107868 0.9283609457553035 0.22288379687201715
    outer loop
      vertex 8 11.84146785736084 7.0054779052734375
      vertex 9.028090476989746 12.126965522766113 7.188296318054199
      vertex 9.055428504943848 12.167228698730469 7.057073593139648
    endloop
  endfacet
  facet normal -0.297437392827769 0.9283598892577816 0.22288766983639757
    outer loop
      vertex 9.028090476989746 12.126965522766113 7.188296318054199
      vertex 8 11.84146785736084 7.0054779052734375
      vertex 8 11.832996368408203 7.040762901306152
    endloop
  endfacet
  facet normal -0.2974403037736046 -0.6200464154712497 0.7259970443137633
    outer loop
      vertex 8 6.3651604652404785 8.784838676452637
      vertex 9.091497421264648 6.452742576599121 9.306824684143066
      vertex 8 6.392753601074219 8.808404922485352
    endloop
  endfacet
  facet normal -0.2974369067434932 -0.6200547288708742 0.7259913358379211
    outer loop
      vertex 9.091497421264648 6.452742576599121 9.306824684143066
      vertex 8 6.3651604652404785 8.784838676452637
      vertex 9.079428672790527 6.135627269744873 9.031038284301758
    endloop
  endfacet
  facet normal -0.29743756348552347 -0.620095002415358 0.725956667995613
    outer loop
      vertex 9.079428672790527 6.135627269744873 9.031038284301758
      vertex 8 6.3651604652404785 8.784838676452637
      vertex 9.082466125488281 6.125967502593994 9.024031639099121
    endloop
  endfacet
  facet normal -0.2974367861382412 -0.07490824273003992 0.9517983575436826
    outer loop
      vertex 8 8.180696487426758 9.694314956665039
      vertex 9.081744194030762 8.103899002075195 10.026315689086914
      vertex 9.069897651672363 8.515434265136719 10.055002212524414
    endloop
  endfacet
  facet normal -0.297436365212493 -0.07489839462535218 0.9517992640949695
    outer loop
      vertex 8 8.14452075958252 9.691468238830566
      vertex 9.081744194030762 8.103899002075195 10.026315689086914
      vertex 8 8.180696487426758 9.694314956665039
    endloop
  endfacet
  facet normal -0.29743596861725485 -0.07486544081247826 0.9518019806370801
    outer loop
      vertex 9.081744194030762 8.103899002075195 10.026315689086914
      vertex 8 8.14452075958252 9.691468238830566
      vertex 9.082097053527832 8.091621398925781 10.025460243225098
    endloop
  endfacet
  facet normal -0.29743637329305067 0.6200553827277989 0.7259909959445501
    outer loop
      vertex 8 10.934839248657227 8.784838676452637
      vertex 9.060264587402344 10.848973274230957 9.292562484741211
      vertex 9.04818344116211 11.16645622253418 9.016456604003906
    endloop
  endfacet
  facet normal -0.29744279018940617 0.6200397167170709 0.7260017467318899
    outer loop
      vertex 9.060264587402344 10.848973274230957 9.292562484741211
      vertex 8 10.934839248657227 8.784838676452637
      vertex 8 10.907245635986328 8.808404922485352
    endloop
  endfacet
  facet normal -0.2974371769206955 -0.4988513228850996 -0.8140506639277638
    outer loop
      vertex 8 6.750718593597412 3.8858633041381836
      vertex 9.090948104858398 6.568331718444824 3.599020481109619
      vertex 9.095182418823242 6.549551963806152 3.6089816093444824
    endloop
  endfacet
  facet normal -0.29743716376081064 -0.4988489421760806 -0.8140521276329482
    outer loop
      vertex 8 6.750718593597412 3.8858633041381836
      vertex 9.067994117736816 6.670146465301514 3.545015573501587
      vertex 9.090948104858398 6.568331718444824 3.599020481109619
    endloop
  endfacet
  facet normal -0.2974369868910995 -0.4988505861721568 -0.8140511848187676
    outer loop
      vertex 9.067994117736816 6.670146465301514 3.545015573501587
      vertex 8 6.750718593597412 3.8858633041381836
      vertex 8 7.152102947235107 3.639894962310791
    endloop
  endfacet
  facet normal -0.29743640368152596 -0.7259906586232914 0.6200557631025777
    outer loop
      vertex 8 6.3651604652404785 8.784838676452637
      vertex 9.086002349853516 6.045169353485107 8.93112564086914
      vertex 9.082466125488281 6.125967502593994 9.024031639099121
    endloop
  endfacet
  facet normal -0.297432487081251 -0.7259602103953675 0.6200932902002531
    outer loop
      vertex 9.086002349853516 6.045169353485107 8.93112564086914
      vertex 8 6.3651604652404785 8.784838676452637
      vertex 9.086193084716797 6.040801525115967 8.926103591918945
    endloop
  endfacet
  facet normal -0.29743671731563553 -0.7259909178831143 0.6200553091005122
    outer loop
      vertex 9.086193084716797 6.040801525115967 8.926103591918945
      vertex 8 6.3651604652404785 8.784838676452637
      vertex 8 6.05942964553833 8.426874160766602
    endloop
  endfacet
  facet normal -0.29743760133398367 -0.22287723718761052 0.928362327141889
    outer loop
      vertex 8 7.686773300170898 9.581572532653809
      vertex 9.06935977935791 7.835676670074463 9.959932327270508
      vertex 9.058599472045898 7.958069801330566 9.985868453979492
    endloop
  endfacet
  facet normal -0.2974354724477921 -0.22288780950403886 0.9283604709940261
    outer loop
      vertex 8 7.651488304138184 9.573101043701172
      vertex 9.06935977935791 7.835676670074463 9.959932327270508
      vertex 8 7.686773300170898 9.581572532653809
    endloop
  endfacet
  facet normal -0.2974365557264525 -0.22288314384074956 0.9283612440797218
    outer loop
      vertex 9.06935977935791 7.835676670074463 9.959932327270508
      vertex 8 7.651488304138184 9.573101043701172
      vertex 9.094850540161133 7.5457611083984375 9.8984956741333
    endloop
  endfacet
  facet normal -0.2974367300101639 0.8140484530900631 0.4988551970888309
    outer loop
      vertex 8 11.529065132141113 7.966956615447998
      vertex 9.054170608520508 11.749480247497559 8.23581314086914
      vertex 9.066235542297363 11.825946807861328 8.118226051330566
    endloop
  endfacet
  facet normal -0.2974363955995436 0.8140503133915031 0.49885236076413175
    outer loop
      vertex 9.054170608520508 11.749480247497559 8.23581314086914
      vertex 8 11.529065132141113 7.966956615447998
      vertex 8 11.283095359802246 8.368341445922852
    endloop
  endfacet
  facet normal -0.29743686681545783 -0.8140520126379152 -0.49884930688451723
    outer loop
      vertex 9.072322845458984 5.6963887214660645 4.515324115753174
      vertex 8 6.016902923583984 4.63165807723999
      vertex 8 6.035862922668457 4.600718021392822
    endloop
  endfacet
  facet normal -0.2974367316705461 -0.8140508318899498 -0.49885131427352614
    outer loop
      vertex 8 6.016902923583984 4.63165807723999
      vertex 9.072322845458984 5.6963887214660645 4.515324115753174
      vertex 9.098426818847656 5.530938625335693 4.769749641418457
    endloop
  endfacet
  facet normal -0.2974368101686244 -0.814051694694612 -0.49884985949837046
    outer loop
      vertex 9.072322845458984 5.6963887214660645 4.515324115753174
      vertex 8 6.035862922668457 4.600718021392822
      vertex 9.098564147949219 5.758126258850098 4.39893102645874
    endloop
  endfacet
  facet normal -0.29743697936428276 0.9283617496736067 -0.22288047256233742
    outer loop
      vertex 9.052289009094238 12.068647384643555 5.536497116088867
      vertex 8 11.723100662231445 5.50148868560791
      vertex 8 11.832996368408203 5.959236145019531
    endloop
  endfacet
  facet normal -0.2974373508454822 0.9283625098979958 -0.22287681022913747
    outer loop
      vertex 8 11.723100662231445 5.50148868560791
      vertex 9.052289009094238 12.068647384643555 5.536497116088867
      vertex 9.064404487609863 12.039447784423828 5.3987016677856445
    endloop
  endfacet
  facet normal -0.2974367625238997 0.49884926401415197 0.8140520770146342
    outer loop
      vertex 8 10.147896766662598 9.360103607177734
      vertex 9.051536560058594 10.51057243347168 9.522065162658691
      vertex 9.040568351745605 10.617476463317871 9.452547073364258
    endloop
  endfacet
  facet normal -0.29743723961688584 0.4988512756393475 0.8140506699721357
    outer loop
      vertex 8 10.147896766662598 9.360103607177734
      vertex 9.076255798339844 10.269646644592285 9.678736686706543
      vertex 9.051536560058594 10.51057243347168 9.522065162658691
    endloop
  endfacet
  facet normal -0.2974369262356688 0.4988563601404611 0.8140476686649794
    outer loop
      vertex 9.076255798339844 10.269646644592285 9.678736686706543
      vertex 8 10.147896766662598 9.360103607177734
      vertex 8 10.116955757141113 9.379064559936523
    endloop
  endfacet
  facet normal -0.297437146499469 -0.8820664067993008 0.36536283045545814
    outer loop
      vertex 8 5.770934581756592 7.966956615447998
      vertex 9.089157104492188 5.413994312286377 7.9918928146362305
      vertex 9.109292984008789 5.462063312530518 8.124334335327148
    endloop
  endfacet
  facet normal -0.2974357448354887 -0.8820643457774549 0.365368947233271
    outer loop
      vertex 9.070046424865723 5.368373870849609 7.866197109222412
      vertex 8 5.770934581756592 7.966956615447998
      vertex 8 5.757047653198242 7.933431148529053
    endloop
  endfacet
  facet normal -0.2974371842369348 -0.8820665478934737 0.3653624591012249
    outer loop
      vertex 8 5.770934581756592 7.966956615447998
      vertex 9.070046424865723 5.368373870849609 7.866197109222412
      vertex 9.089157104492188 5.413994312286377 7.9918928146362305
    endloop
  endfacet
  facet normal -0.29743666452197015 -0.8820660404905073 0.36536410717453344
    outer loop
      vertex 9.070046424865723 5.368373870849609 7.866197109222412
      vertex 8 5.757047653198242 7.933431148529053
      vertex 9.092777252197266 5.301026344299316 7.722110748291016
    endloop
  endfacet
  facet normal -0.29743676339971015 -0.6200556329279631 -0.7259906224274582
    outer loop
      vertex 8 6.392753601074219 4.191594123840332
      vertex 9.095182418823242 6.549551963806152 3.6089816093444824
      vertex 9.091498374938965 6.452742576599121 3.693174123764038
    endloop
  endfacet
  facet normal -0.29743720497640885 -0.6200547328482294 -0.7259912102555599
    outer loop
      vertex 9.095182418823242 6.549551963806152 3.6089816093444824
      vertex 8 6.392753601074219 4.191594123840332
      vertex 8 6.750718593597412 3.8858633041381836
    endloop
  endfacet
  facet normal -0.297437510712151 -0.49884979784408245 0.8140514765125587
    outer loop
      vertex 8 6.750718593597412 9.1141357421875
      vertex 9.067992210388184 6.670146942138672 9.454983711242676
      vertex 8 7.152102947235107 9.360103607177734
    endloop
  endfacet
  facet normal -0.29743691286958257 -0.4988553546594573 0.8140482897164021
    outer loop
      vertex 9.067992210388184 6.670146942138672 9.454983711242676
      vertex 8 6.750718593597412 9.1141357421875
      vertex 9.090947151184082 6.568332195281982 9.400978088378906
    endloop
  endfacet
  facet normal -0.2974368905510202 -0.49885131604085736 0.8140507727553885
    outer loop
      vertex 9.090947151184082 6.568332195281982 9.400978088378906
      vertex 8 6.750718593597412 9.1141357421875
      vertex 9.095181465148926 6.5495524406433105 9.391016960144043
    endloop
  endfacet
  facet normal -0.29743833299914535 0.36536999501499995 0.8820630390201307
    outer loop
      vertex 9.05626392364502 10.138150215148926 9.726462364196777
      vertex 8 9.682036399841309 9.55921459197998
      vertex 9.038415908813477 10.020759582519531 9.76906967163086
    endloop
  endfacet
  facet normal -0.29743603001979546 0.3653598503008257 0.8820680176915053
    outer loop
      vertex 8 9.682036399841309 9.55921459197998
      vertex 9.058932304382324 9.890708923339844 9.829855918884277
      vertex 9.038415908813477 10.020759582519531 9.76906967163086
    endloop
  endfacet
  facet normal -0.2974366626786657 0.36536738561827525 0.8820646831276289
    outer loop
      vertex 8 9.682036399841309 9.55921459197998
      vertex 9.08067798614502 9.752869606018066 9.89428424835205
      vertex 9.058932304382324 9.890708923339844 9.829855918884277
    endloop
  endfacet
  facet normal -0.2974371932504512 0.36535806608630084 0.8820683644803118
    outer loop
      vertex 9.08067798614502 9.752869606018066 9.89428424835205
      vertex 8 9.682036399841309 9.55921459197998
      vertex 8 9.648510932922363 9.573101043701172
    endloop
  endfacet
  facet normal -0.2974368864076315 -0.22288295126035054 0.9283611843682446
    outer loop
      vertex 9.082097053527832 8.091621398925781 10.025460243225098
      vertex 8 8.14452075958252 9.691468238830566
      vertex 9.057315826416016 7.972668647766113 9.988962173461914
    endloop
  endfacet
  facet normal -0.2974372201316226 -0.22288678145104054 0.9283601578777326
    outer loop
      vertex 8 8.14452075958252 9.691468238830566
      vertex 9.058599472045898 7.958069801330566 9.985868453979492
      vertex 9.057315826416016 7.972668647766113 9.988962173461914
    endloop
  endfacet
  facet normal -0.2974365894729129 -0.22288050091793032 0.9283618677828676
    outer loop
      vertex 9.058599472045898 7.958069801330566 9.985868453979492
      vertex 8 8.14452075958252 9.691468238830566
      vertex 8 7.686773300170898 9.581572532653809
    endloop
  endfacet
  facet normal -0.29743652110389474 -0.36536258181308645 0.8820667206762128
    outer loop
      vertex 8 7.6179633140563965 9.55921459197998
      vertex 9.094850540161133 7.5457611083984375 9.8984956741333
      vertex 8 7.651488304138184 9.573101043701172
    endloop
  endfacet
  facet normal -0.29743624897138726 -0.36536158880976694 0.8820672237535152
    outer loop
      vertex 8 7.6179633140563965 9.55921459197998
      vertex 9.076637268066406 7.175956726074219 9.739176750183105
      vertex 9.056943893432617 7.305482864379883 9.786187171936035
    endloop
  endfacet
  facet normal -0.2974365027985964 -0.36536290575753183 0.8820665926671033
    outer loop
      vertex 9.094850540161133 7.5457611083984375 9.8984956741333
      vertex 8 7.6179633140563965 9.55921459197998
      vertex 9.056943893432617 7.305482864379883 9.786187171936035
    endloop
  endfacet
  facet normal -0.29743716408775167 -0.365364421145242 0.8820657419833502
    outer loop
      vertex 9.076637268066406 7.175956726074219 9.739176750183105
      vertex 8 7.6179633140563965 9.55921459197998
      vertex 9.080364227294922 7.15144157409668 9.730278968811035
    endloop
  endfacet
  facet normal -0.29743677839427995 0.9517983760230703 -0.07490803867595369
    outer loop
      vertex 9.055195808410645 12.167794227600098 5.951044082641602
      vertex 8 11.844314575195312 6.030696868896484
      vertex 9.04350471496582 12.196104049682617 6.357176780700684
    endloop
  endfacet
  facet normal -0.2974363264129657 0.9517992761451651 -0.07489839557359866
    outer loop
      vertex 8 11.844314575195312 6.030696868896484
      vertex 9.055195808410645 12.167794227600098 5.951044082641602
      vertex 8 11.84146785736084 5.994521141052246
    endloop
  endfacet
  facet normal -0.2974357490387487 0.9518024087624689 -0.07486087007055532
    outer loop
      vertex 8 11.84146785736084 5.994521141052246
      vertex 9.055195808410645 12.167794227600098 5.951044082641602
      vertex 9.055429458618164 12.167228698730469 5.942925453186035
    endloop
  endfacet
  facet normal -0.2974354892100353 -0.49884668957717776 -0.8140541198570754
    outer loop
      vertex 9.067994117736816 6.670146465301514 3.545015573501587
      vertex 8 7.152102947235107 3.639894962310791
      vertex 9.064321517944336 6.686435699462891 3.5363755226135254
    endloop
  endfacet
  facet normal -0.2974369094462318 -0.4988505811390909 -0.8140512161997335
    outer loop
      vertex 8 7.152102947235107 3.639894962310791
      vertex 9.099272727966309 7.0270867347717285 3.314854145050049
      vertex 9.064321517944336 6.686435699462891 3.5363755226135254
    endloop
  endfacet
  facet normal -0.29743698824150167 -0.49884928711916654 -0.8140519803836387
    outer loop
      vertex 9.099272727966309 7.0270867347717285 3.314854145050049
      vertex 8 7.152102947235107 3.639894962310791
      vertex 8 7.183043003082275 3.6209349632263184
    endloop
  endfacet
  facet normal -0.2974399016492976 0.6200475555085211 -0.7259962353998562
    outer loop
      vertex 8 10.934839248657227 4.215160846710205
      vertex 9.06026554107666 10.848973274230957 3.7074360847473145
      vertex 8 10.907245635986328 4.191594123840332
    endloop
  endfacet
  facet normal -0.2974364460009859 0.6200559919381581 -0.7259904458406389
    outer loop
      vertex 9.06026554107666 10.848973274230957 3.7074360847473145
      vertex 8 10.934839248657227 4.215160846710205
      vertex 9.048184394836426 11.16645622253418 3.9835424423217773
    endloop
  endfacet
  facet normal -0.2974369211017009 -0.7259904617099319 -0.620055745454988
    outer loop
      vertex 8 6.3651604652404785 4.215160846710205
      vertex 9.086194038391113 6.040801525115967 4.07389497756958
      vertex 8 6.05942964553833 4.573124885559082
    endloop
  endfacet
  facet normal -0.29743726493243444 -0.7259929577633055 -0.620052658011882
    outer loop
      vertex 8 6.3651604652404785 4.215160846710205
      vertex 9.086003303527832 6.045168876647949 4.068872928619385
      vertex 9.086194038391113 6.040801525115967 4.07389497756958
    endloop
  endfacet
  facet normal -0.2974369538952015 -0.7259905395403999 -0.620055638596556
    outer loop
      vertex 9.086003303527832 6.045168876647949 4.068872928619385
      vertex 8 6.3651604652404785 4.215160846710205
      vertex 9.082467079162598 6.125967025756836 3.9759669303894043
    endloop
  endfacet
  facet normal -0.2974372073955748 -0.9283621376249162 0.2228785523131782
    outer loop
      vertex 8 5.576898097991943 7.498510360717773
      vertex 9.100308418273926 5.220597743988037 7.482792854309082
      vertex 9.111124038696289 5.246665954589844 7.605809211730957
    endloop
  endfacet
  facet normal -0.2974371244091676 -0.9283619252574289 0.22287954763846204
    outer loop
      vertex 9.100308418273926 5.220597743988037 7.482792854309082
      vertex 8 5.576898097991943 7.498510360717773
      vertex 8 5.467002868652344 7.040762901306152
    endloop
  endfacet
  facet normal -0.29743766896338164 0.8820667667853982 0.36536153603572424
    outer loop
      vertex 8 11.723100662231445 7.498510360717773
      vertex 9.043851852416992 11.978556632995605 7.731571674346924
      vertex 9.064403533935547 12.039447784423828 7.601297378540039
    endloop
  endfacet
  facet normal -0.2974377099632898 0.8820666021510611 0.3653619001229816
    outer loop
      vertex 9.043851852416992 11.978556632995605 7.731571674346924
      vertex 8 11.723100662231445 7.498510360717773
      vertex 8 11.542951583862305 7.933431148529053
    endloop
  endfacet
  facet normal -0.29743683503438684 0.49885306678399916 0.8140497201798707
    outer loop
      vertex 9.064229965209961 10.74476146697998 9.38319206237793
      vertex 8 10.549281120300293 9.1141357421875
      vertex 9.038993835449219 10.63282585144043 9.44256591796875
    endloop
  endfacet
  facet normal -0.2974380562601463 0.49884104291066605 0.8140566421300088
    outer loop
      vertex 8 10.549281120300293 9.1141357421875
      vertex 9.040568351745605 10.617476463317871 9.452547073364258
      vertex 9.038993835449219 10.63282585144043 9.44256591796875
    endloop
  endfacet
  facet normal -0.29743699967695575 0.4988498810289888 0.8140516122584208
    outer loop
      vertex 9.040568351745605 10.617476463317871 9.452547073364258
      vertex 8 10.549281120300293 9.1141357421875
      vertex 8 10.147896766662598 9.360103607177734
    endloop
  endfacet
  facet normal -0.29743694972866885 0.3653604147925261 0.8820674737449162
    outer loop
      vertex 8 10.116955757141113 9.379064559936523
      vertex 9.05626392364502 10.138150215148926 9.726462364196777
      vertex 9.076255798339844 10.269646644592285 9.678736686706543
    endloop
  endfacet
  facet normal -0.2974364994241285 0.3653647210914999 0.8820658418689905
    outer loop
      vertex 9.05626392364502 10.138150215148926 9.726462364196777
      vertex 8 10.116955757141113 9.379064559936523
      vertex 8 9.682036399841309 9.55921459197998
    endloop
  endfacet
  facet normal -0.2974369618784463 -0.9517983204794377 0.07490801586640129
    outer loop
      vertex 8 5.418749809265137 6.5
      vertex 9.091556549072266 5.087695598602295 6.62778902053833
      vertex 8 5.455684661865234 6.969302654266357
    endloop
  endfacet
  facet normal -0.2974370090604468 -0.9517982621171133 0.07490857008392786
    outer loop
      vertex 9.091556549072266 5.087695598602295 6.62778902053833
      vertex 8 5.418749809265137 6.5
      vertex 9.087878227233887 5.078787803649902 6.5
    endloop
  endfacet
  facet normal -0.2974375773726634 0.9283626124800147 0.22287608062769548
    outer loop
      vertex 9.052288055419922 12.068647384643555 7.463501453399658
      vertex 8 11.723100662231445 7.498510360717773
      vertex 9.064403533935547 12.039447784423828 7.601297378540039
    endloop
  endfacet
  facet normal -0.2974371330177313 0.9283617031275304 0.22288046138758633
    outer loop
      vertex 8 11.723100662231445 7.498510360717773
      vertex 9.052288055419922 12.068647384643555 7.463501453399658
      vertex 8 11.832996368408203 7.040762901306152
    endloop
  endfacet
  facet normal -0.29743644521191465 0.8140522941152408 -0.4988490989321455
    outer loop
      vertex 9.054171562194824 11.749481201171875 4.764185905456543
      vertex 8 11.529065132141113 5.0330424308776855
      vertex 9.06623649597168 11.825946807861328 4.881773471832275
    endloop
  endfacet
  facet normal -0.29743687145630554 0.8140499229727697 -0.4988527141414715
    outer loop
      vertex 8 11.529065132141113 5.0330424308776855
      vertex 9.054171562194824 11.749481201171875 4.764185905456543
      vertex 8 11.283095359802246 4.63165807723999
    endloop
  endfacet
  facet normal -0.2974371520143285 -0.07493097960185399 -0.9517964535012262
    outer loop
      vertex 8 8.14452075958252 3.3085310459136963
      vertex 9.081745147705078 8.103898048400879 2.9736828804016113
      vertex 9.082098960876465 8.091621398925781 2.974538803100586
    endloop
  endfacet
  facet normal -0.2974368350116448 -0.07490461743040129 -0.9517986275814128
    outer loop
      vertex 8 8.180696487426758 3.3056840896606445
      vertex 9.081745147705078 8.103898048400879 2.9736828804016113
      vertex 8 8.14452075958252 3.3085310459136963
    endloop
  endfacet
  facet normal -0.29743698264237856 -0.07490807145699366 -0.9517983096156408
    outer loop
      vertex 9.081745147705078 8.103898048400879 2.9736828804016113
      vertex 8 8.180696487426758 3.3056840896606445
      vertex 9.06989860534668 8.515434265136719 2.9449963569641113
    endloop
  endfacet
  facet normal -0.2974367206006496 0.8820668687914837 0.3653620618218572
    outer loop
      vertex 9.04641342163086 11.873265266418457 7.987851619720459
      vertex 8 11.529065132141113 7.966956615447998
      vertex 9.066235542297363 11.825946807861328 8.118226051330566
    endloop
  endfacet
  facet normal -0.29743629993278803 0.8820653459309493 0.36536608078748545
    outer loop
      vertex 9.025314331054688 11.923632621765137 7.84907865524292
      vertex 8 11.529065132141113 7.966956615447998
      vertex 9.04641342163086 11.873265266418457 7.987851619720459
    endloop
  endfacet
  facet normal -0.29743827772530146 0.882068052342504 0.36535793679692785
    outer loop
      vertex 8 11.529065132141113 7.966956615447998
      vertex 9.025314331054688 11.923632621765137 7.84907865524292
      vertex 8 11.542951583862305 7.933431148529053
    endloop
  endfacet
  facet normal -0.2974369489881116 0.8820658769739697 0.36536427035875463
    outer loop
      vertex 8 11.542951583862305 7.933431148529053
      vertex 9.025314331054688 11.923632621765137 7.84907865524292
      vertex 9.043851852416992 11.978556632995605 7.731571674346924
    endloop
  endfacet
  facet normal -0.29743710352846475 0.9517980326493729 0.07491111058701819
    outer loop
      vertex 8 11.88124942779541 6.5
      vertex 9.04350471496582 12.196104049682617 6.642822742462158
      vertex 9.03939437866211 12.206060409545898 6.5
    endloop
  endfacet
  facet normal -0.2974367840634675 0.9517983757045373 0.07490802021270297
    outer loop
      vertex 9.04350471496582 12.196104049682617 6.642822742462158
      vertex 8 11.88124942779541 6.5
      vertex 8 11.844314575195312 6.969302654266357
    endloop
  endfacet
  facet normal -0.2974307339745673 0.7260063513125203 0.6200401086552637
    outer loop
      vertex 9.049363136291504 11.269848823547363 8.895964622497559
      vertex 8 11.240568161010742 8.426874160766602
      vertex 9.048869132995605 11.258557319641113 8.90894889831543
    endloop
  endfacet
  facet normal -0.2974369656875573 0.7259910780211275 0.6200550024605075
    outer loop
      vertex 9.0608491897583 11.532337188720703 8.59414005279541
      vertex 8 11.240568161010742 8.426874160766602
      vertex 9.049363136291504 11.269848823547363 8.895964622497559
    endloop
  endfacet
  facet normal -0.29743606508168446 0.7259803652647866 0.6200679772724366
    outer loop
      vertex 8 11.240568161010742 8.426874160766602
      vertex 9.0608491897583 11.532337188720703 8.59414005279541
      vertex 8 11.264135360717773 8.39928150177002
    endloop
  endfacet
  facet normal -0.29743725261245557 0.498838065853501 -0.8140587600498459
    outer loop
      vertex 8 10.147896766662598 3.639894962310791
      vertex 9.076257705688477 10.269646644592285 3.3212623596191406
      vertex 8 10.116955757141113 3.6209349632263184
    endloop
  endfacet
  facet normal -0.2974365146452351 0.4988500400294157 -0.8140516920431683
    outer loop
      vertex 9.076257705688477 10.269646644592285 3.3212623596191406
      vertex 8 10.147896766662598 3.639894962310791
      vertex 9.051538467407227 10.510573387145996 3.477933883666992
    endloop
  endfacet
  facet normal -0.29743635415872516 0.4988493633533227 -0.8140521653473751
    outer loop
      vertex 9.051538467407227 10.510573387145996 3.477933883666992
      vertex 8 10.147896766662598 3.639894962310791
      vertex 9.040570259094238 10.617477416992188 3.547451972961426
    endloop
  endfacet
  facet normal -0.2974367933897426 -0.22287968899617744 -0.9283619973754822
    outer loop
      vertex 8 7.651488304138184 3.4268977642059326
      vertex 9.069361686706543 7.835677146911621 3.0400664806365967
      vertex 9.09485149383545 7.5457611083984375 3.1015024185180664
    endloop
  endfacet
  facet normal -0.297436298991307 -0.22288181837784066 -0.9283616445539643
    outer loop
      vertex 9.069361686706543 7.835677146911621 3.0400664806365967
      vertex 8 7.651488304138184 3.4268977642059326
      vertex 8 7.686773300170898 3.418426513671875
    endloop
  endfacet
  facet normal -0.29743643534213077 -0.22288114124166697 -0.9283617634358808
    outer loop
      vertex 9.069361686706543 7.835677146911621 3.0400664806365967
      vertex 8 7.686773300170898 3.418426513671875
      vertex 9.058600425720215 7.958070278167725 3.014130115509033
    endloop
  endfacet
  facet normal -0.2974363153680287 -0.6200325993552033 -0.7260104779113872
    outer loop
      vertex 9.082467079162598 6.125967025756836 3.9759669303894043
      vertex 8 6.3651604652404785 4.215160846710205
      vertex 9.07943058013916 6.135626792907715 3.968961238861084
    endloop
  endfacet
  facet normal -0.2974366923575781 -0.6200556952379117 -0.725990598315442
    outer loop
      vertex 8 6.3651604652404785 4.215160846710205
      vertex 9.091498374938965 6.452742576599121 3.693174123764038
      vertex 9.07943058013916 6.135626792907715 3.968961238861084
    endloop
  endfacet
  facet normal -0.2974372691059968 -0.6200542838013364 -0.7259915675036306
    outer loop
      vertex 9.091498374938965 6.452742576599121 3.693174123764038
      vertex 8 6.3651604652404785 4.215160846710205
      vertex 8 6.392753601074219 4.191594123840332
    endloop
  endfacet
  facet normal -0.29743681172353104 -0.8820661807678335 -0.3653636486808567
    outer loop
      vertex 8 5.757047653198242 5.066567897796631
      vertex 9.070046424865723 5.368373394012451 5.133802890777588
      vertex 9.092777252197266 5.301026344299316 5.277888298034668
    endloop
  endfacet
  facet normal -0.29743580630421496 -0.8820643280855015 -0.365368939904905
    outer loop
      vertex 8 5.770934581756592 5.0330424308776855
      vertex 9.070046424865723 5.368373394012451 5.133802890777588
      vertex 8 5.757047653198242 5.066567897796631
    endloop
  endfacet
  facet normal -0.29743724374550523 -0.8820665271914923 -0.36536246063521277
    outer loop
      vertex 8 5.770934581756592 5.0330424308776855
      vertex 9.089157104492188 5.413993835449219 5.0081071853637695
      vertex 9.070046424865723 5.368373394012451 5.133802890777588
    endloop
  endfacet
  facet normal -0.297436969287148 -0.882065501048037 -0.36536516139630976
    outer loop
      vertex 9.089157104492188 5.413993835449219 5.0081071853637695
      vertex 8 5.770934581756592 5.0330424308776855
      vertex 9.109293937683105 5.462063312530518 4.875664710998535
    endloop
  endfacet
  facet normal -0.29743665237462896 0.22289448142221405 -0.9283584910882736
    outer loop
      vertex 8 9.155478477478027 3.3085310459136963
      vertex 9.073747634887695 9.225273132324219 2.9812705516815186
      vertex 9.077316284179688 9.208144187927246 2.9760146141052246
    endloop
  endfacet
  facet normal -0.29743677258456636 0.2228783375416769 -0.9283623284952569
    outer loop
      vertex 8 9.155478477478027 3.3085310459136963
      vertex 9.048928260803223 9.34440803527832 3.0178239345550537
      vertex 9.073747634887695 9.225273132324219 2.9812705516815186
    endloop
  endfacet
  facet normal -0.2974369478503978 0.22288001766670135 -0.9283618689812343
    outer loop
      vertex 9.048928260803223 9.34440803527832 3.0178239345550537
      vertex 8 9.155478477478027 3.3085310459136963
      vertex 8 9.613225936889648 3.418426513671875
    endloop
  endfacet
  facet normal -0.2974371091010687 0.9517980504816924 -0.0749108618883052
    outer loop
      vertex 9.04350471496582 12.196104049682617 6.357176780700684
      vertex 8 11.88124942779541 6.5
      vertex 9.03939437866211 12.206060409545898 6.5
    endloop
  endfacet
  facet normal -0.2974368074651817 0.9517983743896684 -0.07490794399865366
    outer loop
      vertex 8 11.88124942779541 6.5
      vertex 9.04350471496582 12.196104049682617 6.357176780700684
      vertex 8 11.844314575195312 6.030696868896484
    endloop
  endfacet
  facet normal -0.297437009482021 -0.3653639764534219 0.8820659783148511
    outer loop
      vertex 8 7.183043003082275 9.379064559936523
      vertex 9.080364227294922 7.15144157409668 9.730278968811035
      vertex 8 7.6179633140563965 9.55921459197998
    endloop
  endfacet
  facet normal -0.29743663703002104 -0.36536789728348473 0.8820644798351855
    outer loop
      vertex 9.080364227294922 7.15144157409668 9.730278968811035
      vertex 8 7.183043003082275 9.379064559936523
      vertex 9.099270820617676 7.027087211608887 9.685144424438477
    endloop
  endfacet
  facet normal -0.2974370339575511 0.07491399364380846 -0.9517978274753888
    outer loop
      vertex 9.066024780273438 8.649999618530273 2.9356162548065186
      vertex 8 8.649999618530273 3.268749237060547
      vertex 9.061729431152344 8.666666030883789 2.938270330429077
    endloop
  endfacet
  facet normal -0.2974370687391973 0.07490965714809832 -0.9517981579125842
    outer loop
      vertex 8 8.649999618530273 3.268749237060547
      vertex 9.065166473388672 8.786046028137207 2.946591854095459
      vertex 9.061729431152344 8.666666030883789 2.938270330429077
    endloop
  endfacet
  facet normal -0.2974369058542551 0.07490794159374864 -0.951798343832366
    outer loop
      vertex 9.065166473388672 8.786046028137207 2.946591854095459
      vertex 8 8.649999618530273 3.268749237060547
      vertex 8 9.119302749633789 3.3056840896606445
    endloop
  endfacet
  facet normal -0.2974365957292081 0.8140510264912627 0.49885107776724436
    outer loop
      vertex 9.03099250793457 11.602579116821289 8.461713790893555
      vertex 8 11.264135360717773 8.39928150177002
      vertex 9.0608491897583 11.532337188720703 8.59414005279541
    endloop
  endfacet
  facet normal -0.29743681704515146 0.8140520258583469 0.4988493149859691
    outer loop
      vertex 9.03099250793457 11.602579116821289 8.461713790893555
      vertex 8 11.283095359802246 8.368341445922852
      vertex 8 11.264135360717773 8.39928150177002
    endloop
  endfacet
  facet normal -0.2974365981989996 0.8140506028003522 0.49885176769476336
    outer loop
      vertex 8 11.283095359802246 8.368341445922852
      vertex 9.03099250793457 11.602579116821289 8.461713790893555
      vertex 9.054170608520508 11.749480247497559 8.23581314086914
    endloop
  endfacet
  facet normal -0.2974368517324039 -0.8140514847367928 0.49885017733718323
    outer loop
      vertex 8 5.770934581756592 7.966956615447998
      vertex 9.09842586517334 5.530939102172852 8.230249404907227
      vertex 8 6.016902923583984 8.368341445922852
    endloop
  endfacet
  facet normal -0.2974371140350474 -0.8140497484708181 0.49885285426576464
    outer loop
      vertex 9.09842586517334 5.530939102172852 8.230249404907227
      vertex 8 5.770934581756592 7.966956615447998
      vertex 9.109292984008789 5.462063312530518 8.124334335327148
    endloop
  endfacet
  facet normal -0.2974370270833778 0.07490754677748472 -0.9517983370208108
    outer loop
      vertex 8 9.119302749633789 3.3056840896606445
      vertex 9.077316284179688 9.208144187927246 2.9760146141052246
      vertex 9.065166473388672 8.786046028137207 2.946591854095459
    endloop
  endfacet
  facet normal -0.29743687094061394 0.07490461655223549 -0.9517986164227279
    outer loop
      vertex 9.077316284179688 9.208144187927246 2.9760146141052246
      vertex 8 9.119302749633789 3.3056840896606445
      vertex 8 9.155478477478027 3.3085310459136963
    endloop
  endfacet
  facet normal -0.29743625292570075 0.8820655209956741 -0.3653656964140835
    outer loop
      vertex 9.025315284729004 11.923632621765137 5.150920867919922
      vertex 8 11.542951583862305 5.066567897796631
      vertex 9.043852806091309 11.978556632995605 5.26842737197876
    endloop
  endfacet
  facet normal -0.29743787066266697 0.8820681695050155 -0.36535798532635066
    outer loop
      vertex 9.025315284729004 11.923632621765137 5.150920867919922
      vertex 8 11.529065132141113 5.0330424308776855
      vertex 8 11.542951583862305 5.066567897796631
    endloop
  endfacet
  facet normal -0.2974373443326466 0.8820674492792103 -0.36536015261439025
    outer loop
      vertex 9.04641342163086 11.873266220092773 5.012148380279541
      vertex 8 11.529065132141113 5.0330424308776855
      vertex 9.025315284729004 11.923632621765137 5.150920867919922
    endloop
  endfacet
  facet normal -0.29743648165663655 0.8820643263414136 -0.36536839433042034
    outer loop
      vertex 8 11.529065132141113 5.0330424308776855
      vertex 9.04641342163086 11.873266220092773 5.012148380279541
      vertex 9.06623649597168 11.825946807861328 4.881773471832275
    endloop
  endfacet
  facet normal -0.2974369681047971 -0.36536618347198874 -0.8820650780864976
    outer loop
      vertex 8 7.183043003082275 3.6209349632263184
      vertex 9.080366134643555 7.151440620422363 3.2697200775146484
      vertex 9.099272727966309 7.0270867347717285 3.314854145050049
    endloop
  endfacet
  facet normal -0.2974371003721569 -0.3653647910694502 -0.8820656102405199
    outer loop
      vertex 9.080366134643555 7.151440620422363 3.2697200775146484
      vertex 8 7.183043003082275 3.6209349632263184
      vertex 8 7.6179633140563965 3.440784454345703
    endloop
  endfacet
  facet normal -0.29743705024322337 -0.9517979928533651 0.07491182779051529
    outer loop
      vertex 8 5.455684661865234 6.969302654266357
      vertex 9.103981971740723 5.1177849769592285 7.059447288513184
      vertex 8 5.458531856536865 7.0054779052734375
    endloop
  endfacet
  facet normal -0.2974368974444909 -0.9517982694949336 0.07490891952928622
    outer loop
      vertex 8 5.455684661865234 6.969302654266357
      vertex 9.091699600219727 5.08804178237915 6.632759094238281
      vertex 9.103981971740723 5.1177849769592285 7.059447288513184
    endloop
  endfacet
  facet normal -0.2974524441986622 -0.9517974492298382 0.07485759199850918
    outer loop
      vertex 9.091699600219727 5.08804178237915 6.632759094238281
      vertex 8 5.455684661865234 6.969302654266357
      vertex 9.091556549072266 5.087695598602295 6.62778902053833
    endloop
  endfacet
  facet normal -0.29743690685395613 -0.6200547931664151 0.7259912808791198
    outer loop
      vertex 8 6.392753601074219 8.808404922485352
      vertex 9.095181465148926 6.5495524406433105 9.391016960144043
      vertex 8 6.750718593597412 9.1141357421875
    endloop
  endfacet
  facet normal -0.29743799460084064 -0.6200525759730974 0.7259927288871129
    outer loop
      vertex 9.095181465148926 6.5495524406433105 9.391016960144043
      vertex 8 6.392753601074219 8.808404922485352
      vertex 9.091497421264648 6.452742576599121 9.306824684143066
    endloop
  endfacet
  facet normal -0.29743715217821626 -0.0749108814131791 0.9517980354833757
    outer loop
      vertex 8 8.649999618530273 9.731249809265137
      vertex 9.069897651672363 8.515434265136719 10.055002212524414
      vertex 9.066023826599121 8.649999618530273 10.064382553100586
    endloop
  endfacet
  facet normal -0.29743687839691396 -0.07490794226488318 0.9517983523599631
    outer loop
      vertex 9.069897651672363 8.515434265136719 10.055002212524414
      vertex 8 8.649999618530273 9.731249809265137
      vertex 8 8.180696487426758 9.694314956665039
    endloop
  endfacet
  facet normal -0.29743742518974 0.8820668223083229 -0.3653616004445395
    outer loop
      vertex 9.043852806091309 11.978556632995605 5.26842737197876
      vertex 8 11.723100662231445 5.50148868560791
      vertex 9.064404487609863 12.039447784423828 5.3987016677856445
    endloop
  endfacet
  facet normal -0.2974374622620063 0.8820666734452471 -0.3653619296538347
    outer loop
      vertex 8 11.723100662231445 5.50148868560791
      vertex 9.043852806091309 11.978556632995605 5.26842737197876
      vertex 8 11.542951583862305 5.066567897796631
    endloop
  endfacet
  facet normal -0.2974363383732625 0.725989465919801 0.6200571909014431
    outer loop
      vertex 9.045145988464355 11.173462867736816 9.006795883178711
      vertex 8 10.934839248657227 8.784838676452637
      vertex 9.04818344116211 11.16645622253418 9.016456604003906
    endloop
  endfacet
  facet normal -0.2974362966687704 0.7259917255831916 0.6200545651865705
    outer loop
      vertex 9.048869132995605 11.258557319641113 8.90894889831543
      vertex 8 10.934839248657227 8.784838676452637
      vertex 9.045145988464355 11.173462867736816 9.006795883178711
    endloop
  endfacet
  facet normal -0.297436483076242 0.7259928837174067 0.6200531197622671
    outer loop
      vertex 8 10.934839248657227 8.784838676452637
      vertex 9.048869132995605 11.258557319641113 8.90894889831543
      vertex 8 11.240568161010742 8.426874160766602
    endloop
  endfacet
  facet normal -0.2974369448520237 0.6200553112126529 0.7259908228580264
    outer loop
      vertex 8 10.907245635986328 8.808404922485352
      vertex 9.063773155212402 10.756766319274902 9.37275218963623
      vertex 9.060264587402344 10.848973274230957 9.292562484741211
    endloop
  endfacet
  facet normal -0.29744462925232523 0.6200395773118015 0.726001112324182
    outer loop
      vertex 8 10.907245635986328 8.808404922485352
      vertex 9.064229965209961 10.74476146697998 9.38319206237793
      vertex 9.063773155212402 10.756766319274902 9.37275218963623
    endloop
  endfacet
  facet normal -0.2974367210156776 0.6200553083518947 0.7259909170065965
    outer loop
      vertex 9.064229965209961 10.74476146697998 9.38319206237793
      vertex 8 10.907245635986328 8.808404922485352
      vertex 8 10.549281120300293 9.1141357421875
    endloop
  endfacet
  facet normal -0.29743487791328127 -0.22288616465097427 -0.9283610563826394
    outer loop
      vertex 9.058600425720215 7.958070278167725 3.014130115509033
      vertex 8 7.686773300170898 3.418426513671875
      vertex 9.057316780090332 7.972668170928955 3.0110366344451904
    endloop
  endfacet
  facet normal -0.2974368615149085 -0.22288002394560424 -0.928361895134741
    outer loop
      vertex 8 8.14452075958252 3.3085310459136963
      vertex 9.057316780090332 7.972668170928955 3.0110366344451904
      vertex 8 7.686773300170898 3.418426513671875
    endloop
  endfacet
  facet normal -0.2974367040820497 -0.2228782171099166 -0.9283623793555577
    outer loop
      vertex 9.057316780090332 7.972668170928955 3.0110366344451904
      vertex 8 8.14452075958252 3.3085310459136963
      vertex 9.082098960876465 8.091621398925781 2.974538803100586
    endloop
  endfacet
  facet normal -0.2974360923627919 0.9518019573202032 0.07486524561759349
    outer loop
      vertex 9.055194854736328 12.167794227600098 7.04895544052124
      vertex 8 11.84146785736084 7.0054779052734375
      vertex 9.055428504943848 12.167228698730469 7.057073593139648
    endloop
  endfacet
  facet normal -0.297436617388428 0.9517991085640357 0.07489936964512348
    outer loop
      vertex 9.055194854736328 12.167794227600098 7.04895544052124
      vertex 8 11.844314575195312 6.969302654266357
      vertex 8 11.84146785736084 7.0054779052734375
    endloop
  endfacet
  facet normal -0.2974369912257207 0.9517983640645248 0.07490734553222837
    outer loop
      vertex 8 11.844314575195312 6.969302654266357
      vertex 9.055194854736328 12.167794227600098 7.04895544052124
      vertex 9.04350471496582 12.196104049682617 6.642822742462158
    endloop
  endfacet
  facet normal -0.2974368569937883 0.22288048146196923 0.9283617867431521
    outer loop
      vertex 8 9.155478477478027 9.691468238830566
      vertex 9.048927307128906 9.34440803527832 9.98217487335205
      vertex 8 9.613225936889648 9.581572532653809
    endloop
  endfacet
  facet normal -0.29743663737413706 0.22287837615715692 0.9283623625444513
    outer loop
      vertex 9.048927307128906 9.34440803527832 9.98217487335205
      vertex 8 9.155478477478027 9.691468238830566
      vertex 9.073746681213379 9.225273132324219 10.018728256225586
    endloop
  endfacet
  facet normal -0.29743660697984686 0.22288245912013194 0.9283613920477729
    outer loop
      vertex 9.073746681213379 9.225273132324219 10.018728256225586
      vertex 8 9.155478477478027 9.691468238830566
      vertex 9.077315330505371 9.208144187927246 10.0239839553833
    endloop
  endfacet
  facet normal -0.2974370841361614 -0.8820664403660111 0.3653628001871728
    outer loop
      vertex 8 5.576898097991943 7.498510360717773
      vertex 9.092777252197266 5.301026344299316 7.722110748291016
      vertex 8 5.757047653198242 7.933431148529053
    endloop
  endfacet
  facet normal -0.29743721751111296 -0.8820657961953885 0.3653642467749715
    outer loop
      vertex 9.092777252197266 5.301026344299316 7.722110748291016
      vertex 8 5.576898097991943 7.498510360717773
      vertex 9.111124038696289 5.246665954589844 7.605809211730957
    endloop
  endfacet
  facet normal -0.2974372488432252 0.8140504620622119 -0.4988516094159392
    outer loop
      vertex 9.030993461608887 11.602580070495605 4.538285255432129
      vertex 8 11.283095359802246 4.63165807723999
      vertex 9.054171562194824 11.749481201171875 4.764185905456543
    endloop
  endfacet
  facet normal -0.2974374629477252 0.814051854287769 -0.4988492098478913
    outer loop
      vertex 8 11.283095359802246 4.63165807723999
      vertex 9.030993461608887 11.602580070495605 4.538285255432129
      vertex 8 11.264135360717773 4.600718021392822
    endloop
  endfacet
  facet normal -0.29743704476809274 0.8140499659703087 -0.4988525406403811
    outer loop
      vertex 8 11.264135360717773 4.600718021392822
      vertex 9.030993461608887 11.602580070495605 4.538285255432129
      vertex 9.0608491897583 11.532337188720703 4.405858516693115
    endloop
  endfacet
  facet normal -0.2974367382688508 -0.9283629353930042 -0.22287585539145274
    outer loop
      vertex 9.075222969055176 5.160140037536621 5.80250883102417
      vertex 8 5.458531856536865 5.994521141052246
      vertex 8 5.467002868652344 5.959236145019531
    endloop
  endfacet
  facet normal -0.2974370408664448 -0.928362131855303 -0.22287879858274964
    outer loop
      vertex 8 5.458531856536865 5.994521141052246
      vertex 9.075222969055176 5.160140037536621 5.80250883102417
      vertex 9.103981971740723 5.1177849769592285 5.9405517578125
    endloop
  endfacet
  facet normal -0.2974369654682481 -0.9283620919156114 -0.2228790655649606
    outer loop
      vertex 8 5.467002868652344 5.959236145019531
      vertex 9.08678150177002 5.187994956970215 5.6710591316223145
      vertex 9.075222969055176 5.160140037536621 5.80250883102417
    endloop
  endfacet
  facet normal -0.29743696213131626 -0.928362097244614 -0.22287904782117995
    outer loop
      vertex 9.08678150177002 5.187994956970215 5.6710591316223145
      vertex 8 5.467002868652344 5.959236145019531
      vertex 9.100308418273926 5.220597743988037 5.517206192016602
    endloop
  endfacet
  facet normal -0.2974367553275853 0.7259854935299669 -0.6200616419068741
    outer loop
      vertex 9.0608491897583 11.532337188720703 4.405858516693115
      vertex 8 11.240568161010742 4.573124885559082
      vertex 8 11.264135360717773 4.600718021392822
    endloop
  endfacet
  facet normal -0.2974372353192791 0.7259912031990166 -0.6200547265550581
    outer loop
      vertex 9.04936408996582 11.26984977722168 4.104034423828125
      vertex 8 11.240568161010742 4.573124885559082
      vertex 9.0608491897583 11.532337188720703 4.405858516693115
    endloop
  endfacet
  facet normal -0.2974377865300121 0.7259898522003412 -0.6200560439559101
    outer loop
      vertex 8 11.240568161010742 4.573124885559082
      vertex 9.04936408996582 11.26984977722168 4.104034423828125
      vertex 9.048870086669922 11.258557319641113 4.091049671173096
    endloop
  endfacet
  facet normal -0.29743707030567473 -0.9283619825980594 0.22287938099918025
    outer loop
      vertex 8 5.467002868652344 7.040762901306152
      vertex 9.086780548095703 5.187995433807373 7.3289408683776855
      vertex 9.100308418273926 5.220597743988037 7.482792854309082
    endloop
  endfacet
  facet normal -0.2974366235789095 -0.9283626960038215 0.2228770055938798
    outer loop
      vertex 8 5.467002868652344 7.040762901306152
      vertex 9.075222969055176 5.160140514373779 7.19749116897583
      vertex 9.086780548095703 5.187995433807373 7.3289408683776855
    endloop
  endfacet
  facet normal -0.29743654317631885 -0.9283629944921583 0.22287586957962638
    outer loop
      vertex 8 5.458531856536865 7.0054779052734375
      vertex 9.075222969055176 5.160140514373779 7.19749116897583
      vertex 8 5.467002868652344 7.040762901306152
    endloop
  endfacet
  facet normal -0.29743700500467585 -0.9283617681259329 0.2228803614855737
    outer loop
      vertex 9.075222969055176 5.160140514373779 7.19749116897583
      vertex 8 5.458531856536865 7.0054779052734375
      vertex 9.103981971740723 5.1177849769592285 7.059447288513184
    endloop
  endfacet
  facet normal -0.29743648847642595 -0.7259914539642972 0.620054791202857
    outer loop
      vertex 8 6.05942964553833 8.426874160766602
      vertex 9.098563194274902 5.758126735687256 8.601067543029785
      vertex 9.086193084716797 6.040801525115967 8.926103591918945
    endloop
  endfacet
  facet normal -0.2974360851419894 -0.7259865562776825 0.6200607190908634
    outer loop
      vertex 9.098563194274902 5.758126735687256 8.601067543029785
      vertex 8 6.05942964553833 8.426874160766602
      vertex 8 6.035862922668457 8.39928150177002
    endloop
  endfacet
  facet normal -0.2974364044822119 -0.36536226975237723 -0.8820668892607212
    outer loop
      vertex 9.076638221740723 7.175956726074219 3.260822057723999
      vertex 8 7.6179633140563965 3.440784454345703
      vertex 9.05694580078125 7.305482387542725 3.2138113975524902
    endloop
  endfacet
  facet normal -0.2974387802129614 -0.3653696227947797 -0.8820630423978923
    outer loop
      vertex 8 7.6179633140563965 3.440784454345703
      vertex 9.076638221740723 7.175956726074219 3.260822057723999
      vertex 9.080366134643555 7.151440620422363 3.2697200775146484
    endloop
  endfacet
  facet normal -0.2974368648342555 -0.365364658231669 -0.8820657446884695
    outer loop
      vertex 8 7.6179633140563965 3.440784454345703
      vertex 9.09485149383545 7.5457611083984375 3.1015024185180664
      vertex 9.05694580078125 7.305482387542725 3.2138113975524902
    endloop
  endfacet
  facet normal -0.2974366806793658 -0.36536791708487615 -0.8820644569142893
    outer loop
      vertex 9.09485149383545 7.5457611083984375 3.1015024185180664
      vertex 8 7.6179633140563965 3.440784454345703
      vertex 8 7.651488304138184 3.4268977642059326
    endloop
  endfacet
  facet normal -0.2974366872201426 0.7259924274612078 -0.6200535560453547
    outer loop
      vertex 9.048870086669922 11.258557319641113 4.091049671173096
      vertex 8 10.934839248657227 4.215160846710205
      vertex 8 11.240568161010742 4.573124885559082
    endloop
  endfacet
  facet normal -0.29743621941442844 0.725989521011597 -0.6200571834611739
    outer loop
      vertex 9.045146942138672 11.173462867736816 3.9932034015655518
      vertex 8 10.934839248657227 4.215160846710205
      vertex 9.048870086669922 11.258557319641113 4.091049671173096
    endloop
  endfacet
  facet normal -0.29743606938738837 0.7259976488344443 -0.6200477388993849
    outer loop
      vertex 8 10.934839248657227 4.215160846710205
      vertex 9.045146942138672 11.173462867736816 3.9932034015655518
      vertex 9.048184394836426 11.16645622253418 3.9835424423217773
    endloop
  endfacet
  facet normal -0.2974368337384054 0.4988506111019354 -0.8140512255005197
    outer loop
      vertex 8 10.549281120300293 3.8858633041381836
      vertex 9.040570259094238 10.617477416992188 3.547451972961426
      vertex 8 10.147896766662598 3.639894962310791
    endloop
  endfacet
  facet normal -0.2974373757539222 0.4988460772584108 -0.8140538057822196
    outer loop
      vertex 9.040570259094238 10.617477416992188 3.547451972961426
      vertex 8 10.549281120300293 3.8858633041381836
      vertex 9.038994789123535 10.632826805114746 3.557433605194092
    endloop
  endfacet
  facet normal -0.29743706401547043 0.4988491465815517 -0.8140520388185969
    outer loop
      vertex 9.038994789123535 10.632826805114746 3.557433605194092
      vertex 8 10.549281120300293 3.8858633041381836
      vertex 9.064230918884277 10.744762420654297 3.616806745529175
    endloop
  endfacet
  facet normal -0.2974370564611798 0.6200578376432293 -0.7259886193466888
    outer loop
      vertex 8 10.549281120300293 3.8858633041381836
      vertex 9.063774108886719 10.756767272949219 3.6272470951080322
      vertex 9.064230918884277 10.744762420654297 3.616806745529175
    endloop
  endfacet
  facet normal -0.29743708626891807 0.6200552344513307 -0.7259908304802214
    outer loop
      vertex 8 10.907245635986328 4.191594123840332
      vertex 9.063774108886719 10.756767272949219 3.6272470951080322
      vertex 8 10.549281120300293 3.8858633041381836
    endloop
  endfacet
  facet normal -0.2974368154577098 0.6200557889327308 -0.7259904678584871
    outer loop
      vertex 9.063774108886719 10.756767272949219 3.6272470951080322
      vertex 8 10.907245635986328 4.191594123840332
      vertex 9.06026554107666 10.848973274230957 3.7074360847473145
    endloop
  endfacet
  facet normal -0.2974370090604468 -0.9517982621171133 -0.07490857008392786
    outer loop
      vertex 8 5.418749809265137 6.5
      vertex 9.091556549072266 5.087695598602295 6.37221097946167
      vertex 9.087878227233887 5.078787803649902 6.5
    endloop
  endfacet
  facet normal -0.29743695545220494 -0.9517983284284199 -0.07490794038143524
    outer loop
      vertex 9.091556549072266 5.087695598602295 6.37221097946167
      vertex 8 5.418749809265137 6.5
      vertex 8 5.455684661865234 6.030696868896484
    endloop
  endfacet
  facet normal -0.29743640758824713 -0.8140499573632786 0.49885293459880775
    outer loop
      vertex 8 6.035862922668457 8.39928150177002
      vertex 9.072321891784668 5.696389198303223 8.484675407409668
      vertex 9.098563194274902 5.758126735687256 8.601067543029785
    endloop
  endfacet
  facet normal -0.29743677797433454 -0.8140520362366831 0.498849321345791
    outer loop
      vertex 8 6.016902923583984 8.368341445922852
      vertex 9.072321891784668 5.696389198303223 8.484675407409668
      vertex 8 6.035862922668457 8.39928150177002
    endloop
  endfacet
  facet normal -0.2974366880975017 -0.81405125098825 0.49885065634722237
    outer loop
      vertex 9.072321891784668 5.696389198303223 8.484675407409668
      vertex 8 6.016902923583984 8.368341445922852
      vertex 9.09842586517334 5.530939102172852 8.230249404907227
    endloop
  endfacet
  facet normal -0.2974368616228615 0.9283621264534969 -0.22287906028760127
    outer loop
      vertex 9.028091430664062 12.12696647644043 5.811703681945801
      vertex 8 11.84146785736084 5.994521141052246
      vertex 9.055429458618164 12.167228698730469 5.942925453186035
    endloop
  endfacet
  facet normal -0.2974377378419519 0.9283597847430002 -0.22288764474369768
    outer loop
      vertex 8 11.84146785736084 5.994521141052246
      vertex 9.028091430664062 12.12696647644043 5.811703681945801
      vertex 8 11.832996368408203 5.959236145019531
    endloop
  endfacet
  facet normal -0.2974374880541416 0.9283607393595332 -0.2228840019289476
    outer loop
      vertex 9.040931701660156 12.096019744873047 5.665668487548828
      vertex 8 11.832996368408203 5.959236145019531
      vertex 9.028091430664062 12.12696647644043 5.811703681945801
    endloop
  endfacet
  facet normal -0.29743639967872887 0.9283623640426999 -0.22287868712643824
    outer loop
      vertex 8 11.832996368408203 5.959236145019531
      vertex 9.040931701660156 12.096019744873047 5.665668487548828
      vertex 9.052289009094238 12.068647384643555 5.536497116088867
    endloop
  endfacet
  facet normal -0.29743680979011483 -0.7259916763130716 -0.6200543767332147
    outer loop
      vertex 8 6.05942964553833 4.573124885559082
      vertex 9.098564147949219 5.758126258850098 4.39893102645874
      vertex 8 6.035862922668457 4.600718021392822
    endloop
  endfacet
  facet normal -0.2974367439434953 -0.725990876723247 -0.6200553445192636
    outer loop
      vertex 9.098564147949219 5.758126258850098 4.39893102645874
      vertex 8 6.05942964553833 4.573124885559082
      vertex 9.086194038391113 6.040801525115967 4.07389497756958
    endloop
  endfacet
  facet normal -0.29743613947910597 -0.49886766654582937 0.8140410273486742
    outer loop
      vertex 8 7.152102947235107 9.360103607177734
      vertex 9.099270820617676 7.027087211608887 9.685144424438477
      vertex 8 7.183043003082275 9.379064559936523
    endloop
  endfacet
  facet normal -0.2974371471841147 -0.4988511187270852 0.8140507999011554
    outer loop
      vertex 9.099270820617676 7.027087211608887 9.685144424438477
      vertex 8 7.152102947235107 9.360103607177734
      vertex 9.06432056427002 6.686436176300049 9.463623046875
    endloop
  endfacet
  facet normal -0.2974207603443846 -0.4988062179266248 0.8140843004713362
    outer loop
      vertex 9.06432056427002 6.686436176300049 9.463623046875
      vertex 8 7.152102947235107 9.360103607177734
      vertex 9.067992210388184 6.670146942138672 9.454983711242676
    endloop
  endfacet
  facet normal -0.2974370233994181 -0.07490793872061387 -0.9517983073256239
    outer loop
      vertex 8 8.649999618530273 3.268749237060547
      vertex 9.06989860534668 8.515434265136719 2.9449963569641113
      vertex 8 8.180696487426758 3.3056840896606445
    endloop
  endfacet
  facet normal -0.2974371412763279 -0.0749092041732023 -0.9517981708952289
    outer loop
      vertex 9.06989860534668 8.515434265136719 2.9449963569641113
      vertex 8 8.649999618530273 3.268749237060547
      vertex 9.066024780273438 8.649999618530273 2.9356162548065186
    endloop
  endfacet
  facet normal -0.2974371938607192 0.3653654637535955 -0.8820653000795241
    outer loop
      vertex 8 10.116955757141113 3.6209349632263184
      vertex 9.056264877319336 10.138151168823242 3.273536205291748
      vertex 8 9.682036399841309 3.440784454345703
    endloop
  endfacet
  facet normal -0.29743699397668155 0.365367375244305 -0.8820645757092859
    outer loop
      vertex 9.056264877319336 10.138151168823242 3.273536205291748
      vertex 8 10.116955757141113 3.6209349632263184
      vertex 9.076257705688477 10.269646644592285 3.3212623596191406
    endloop
  endfacet
  facet normal -0.2974369492911816 -0.8140513900170633 -0.4988502737371629
    outer loop
      vertex 8 5.770934581756592 5.0330424308776855
      vertex 9.098426818847656 5.530938625335693 4.769749641418457
      vertex 9.109293937683105 5.462063312530518 4.875664710998535
    endloop
  endfacet
  facet normal -0.2974369800152493 -0.8140511866451913 -0.49885058729138926
    outer loop
      vertex 9.098426818847656 5.530938625335693 4.769749641418457
      vertex 8 5.770934581756592 5.0330424308776855
      vertex 8 6.016902923583984 4.63165807723999
    endloop
  endfacet
  facet normal -0.2974370335925596 -0.8820666844785604 -0.36536225199198996
    outer loop
      vertex 8 5.576898097991943 5.50148868560791
      vertex 9.092777252197266 5.301026344299316 5.277888298034668
      vertex 9.111124992370605 5.246665954589844 5.394189834594727
    endloop
  endfacet
  facet normal -0.2974370841361614 -0.8820664403660111 -0.3653628001871728
    outer loop
      vertex 9.092777252197266 5.301026344299316 5.277888298034668
      vertex 8 5.576898097991943 5.50148868560791
      vertex 8 5.757047653198242 5.066567897796631
    endloop
  endfacet
  facet normal -0.2974367965820631 0.3653639541961809 -0.8820660593249983
    outer loop
      vertex 9.080678939819336 9.752869606018066 3.1057145595550537
      vertex 8 9.682036399841309 3.440784454345703
      vertex 9.05893325805664 9.89070987701416 3.170142650604248
    endloop
  endfacet
  facet normal -0.2974368244723506 0.365363464304651 -0.8820662528399486
    outer loop
      vertex 8 9.682036399841309 3.440784454345703
      vertex 9.080678939819336 9.752869606018066 3.1057145595550537
      vertex 8 9.648510932922363 3.4268977642059326
    endloop
  endfacet
  facet normal -0.2974369610684799 0.36536591331750334 -0.882065192361661
    outer loop
      vertex 9.05893325805664 9.89070987701416 3.170142650604248
      vertex 8 9.682036399841309 3.440784454345703
      vertex 9.038416862487793 10.020759582519531 3.2309296131134033
    endloop
  endfacet
  facet normal -0.29743622899886 0.3653626885238813 -0.8820667749742869
    outer loop
      vertex 9.038416862487793 10.020759582519531 3.2309296131134033
      vertex 8 9.682036399841309 3.440784454345703
      vertex 9.056264877319336 10.138151168823242 3.273536205291748
    endloop
  endfacet
  facet normal -0.29743445060949963 0.22288807239558195 -0.9283607352610337
    outer loop
      vertex 9.048928260803223 9.34440803527832 3.0178239345550537
      vertex 8 9.613225936889648 3.418426513671875
      vertex 9.046001434326172 9.3584566116333 3.02213454246521
    endloop
  endfacet
  facet normal -0.2974367844791994 0.22288024885096785 -0.9283618658210843
    outer loop
      vertex 8 9.613225936889648 3.418426513671875
      vertex 9.080678939819336 9.752869606018066 3.1057145595550537
      vertex 9.046001434326172 9.3584566116333 3.02213454246521
    endloop
  endfacet
  facet normal -0.2974368680353021 0.22288177699282158 -0.9283614721744287
    outer loop
      vertex 9.080678939819336 9.752869606018066 3.1057145595550537
      vertex 8 9.613225936889648 3.418426513671875
      vertex 8 9.648510932922363 3.4268977642059326
    endloop
  endfacet
  facet normal -0.2974371244091676 -0.9283619252574289 -0.22287954763846204
    outer loop
      vertex 8 5.576898097991943 5.50148868560791
      vertex 9.100308418273926 5.220597743988037 5.517206192016602
      vertex 8 5.467002868652344 5.959236145019531
    endloop
  endfacet
  facet normal -0.2974370247392244 -0.9283616701954827 -0.2228807430581021
    outer loop
      vertex 9.100308418273926 5.220597743988037 5.517206192016602
      vertex 8 5.576898097991943 5.50148868560791
      vertex 9.111124992370605 5.246665954589844 5.394189834594727
    endloop
  endfacet
  facet normal -0.2974524146778674 -0.9517974584717718 -0.07485759179256131
    outer loop
      vertex 8 5.455684661865234 6.030696868896484
      vertex 9.091699600219727 5.08804178237915 6.367240905761719
      vertex 9.091556549072266 5.087695598602295 6.37221097946167
    endloop
  endfacet
  facet normal -0.2974370282436294 -0.951798076922676 -0.07491084698422612
    outer loop
      vertex 9.103981971740723 5.1177849769592285 5.9405517578125
      vertex 8 5.455684661865234 6.030696868896484
      vertex 8 5.458531856536865 5.994521141052246
    endloop
  endfacet
  facet normal -0.29743691823396873 -0.9517982760917405 -0.07490875316189963
    outer loop
      vertex 8 5.455684661865234 6.030696868896484
      vertex 9.103981971740723 5.1177849769592285 5.9405517578125
      vertex 9.091699600219727 5.08804178237915 6.367240905761719
    endloop
  endfacet
  facet normal 0.2974370270833778 0.07490754677748472 -0.9517983370208108
    outer loop
      vertex -9.077316284179688 9.208144187927246 2.9760146141052246
      vertex -8 9.119302749633789 3.3056840896606445
      vertex -9.065166473388672 8.786046028137207 2.946591854095459
    endloop
  endfacet
  facet normal 0.29743687094061394 0.07490461655223549 -0.9517986164227279
    outer loop
      vertex -8 9.119302749633789 3.3056840896606445
      vertex -9.077316284179688 9.208144187927246 2.9760146141052246
      vertex -8 9.155478477478027 3.3085310459136963
    endloop
  endfacet
  facet normal 0.2974367844791994 0.22288024885096785 -0.9283618658210843
    outer loop
      vertex -9.080678939819336 9.752869606018066 3.1057145595550537
      vertex -8 9.613225936889648 3.418426513671875
      vertex -9.046001434326172 9.3584566116333 3.02213454246521
    endloop
  endfacet
  facet normal 0.29743445060949963 0.22288807239558195 -0.9283607352610337
    outer loop
      vertex -9.046001434326172 9.3584566116333 3.02213454246521
      vertex -8 9.613225936889648 3.418426513671875
      vertex -9.048928260803223 9.34440803527832 3.0178239345550537
    endloop
  endfacet
  facet normal 0.2974368680353021 0.22288177699282158 -0.9283614721744287
    outer loop
      vertex -8 9.613225936889648 3.418426513671875
      vertex -9.080678939819336 9.752869606018066 3.1057145595550537
      vertex -8 9.648510932922363 3.4268977642059326
    endloop
  endfacet
  facet normal 0.2974370687391973 0.07490965714809832 -0.9517981579125842
    outer loop
      vertex -9.065166473388672 8.786046028137207 2.946591854095459
      vertex -8 8.649999618530273 3.268749237060547
      vertex -9.061729431152344 8.666666030883789 2.938270330429077
    endloop
  endfacet
  facet normal 0.2974370339575511 0.07491399364380846 -0.9517978274753888
    outer loop
      vertex -9.061729431152344 8.666666030883789 2.938270330429077
      vertex -8 8.649999618530273 3.268749237060547
      vertex -9.066024780273438 8.649999618530273 2.9356162548065186
    endloop
  endfacet
  facet normal 0.2974369058542551 0.07490794159374864 -0.951798343832366
    outer loop
      vertex -8 8.649999618530273 3.268749237060547
      vertex -9.065166473388672 8.786046028137207 2.946591854095459
      vertex -8 9.119302749633789 3.3056840896606445
    endloop
  endfacet
  facet normal 0.2974377378419519 0.9283597847430002 -0.22288764474369768
    outer loop
      vertex -9.028091430664062 12.12696647644043 5.811703681945801
      vertex -8 11.84146785736084 5.994521141052246
      vertex -8 11.832996368408203 5.959236145019531
    endloop
  endfacet
  facet normal 0.2974368616228615 0.9283621264534969 -0.22287906028760127
    outer loop
      vertex -8 11.84146785736084 5.994521141052246
      vertex -9.028091430664062 12.12696647644043 5.811703681945801
      vertex -9.055429458618164 12.167228698730469 5.942925453186035
    endloop
  endfacet
  facet normal 0.2974374880541416 0.9283607393595332 -0.2228840019289476
    outer loop
      vertex -8 11.832996368408203 5.959236145019531
      vertex -9.040931701660156 12.096019744873047 5.665668487548828
      vertex -9.028091430664062 12.12696647644043 5.811703681945801
    endloop
  endfacet
  facet normal 0.29743639967872887 0.9283623640426999 -0.22287868712643824
    outer loop
      vertex -9.040931701660156 12.096019744873047 5.665668487548828
      vertex -8 11.832996368408203 5.959236145019531
      vertex -9.052289009094238 12.068647384643555 5.536497116088867
    endloop
  endfacet
  facet normal 0.2974366923575781 -0.6200556952379117 -0.725990598315442
    outer loop
      vertex -9.091498374938965 6.452742576599121 3.693174123764038
      vertex -8 6.3651604652404785 4.215160846710205
      vertex -9.07943058013916 6.135626792907715 3.968961238861084
    endloop
  endfacet
  facet normal 0.2974363153680287 -0.6200325993552033 -0.7260104779113872
    outer loop
      vertex -9.07943058013916 6.135626792907715 3.968961238861084
      vertex -8 6.3651604652404785 4.215160846710205
      vertex -9.082467079162598 6.125967025756836 3.9759669303894043
    endloop
  endfacet
  facet normal 0.2974372691059968 -0.6200542838013364 -0.7259915675036306
    outer loop
      vertex -8 6.3651604652404785 4.215160846710205
      vertex -9.091498374938965 6.452742576599121 3.693174123764038
      vertex -8 6.392753601074219 4.191594123840332
    endloop
  endfacet
  facet normal 0.2974368350116448 -0.07490461743040129 -0.9517986275814128
    outer loop
      vertex -9.081745147705078 8.103898048400879 2.9736828804016113
      vertex -8 8.180696487426758 3.3056840896606445
      vertex -8 8.14452075958252 3.3085310459136963
    endloop
  endfacet
  facet normal 0.29743698264237856 -0.07490807145699366 -0.9517983096156408
    outer loop
      vertex -8 8.180696487426758 3.3056840896606445
      vertex -9.081745147705078 8.103898048400879 2.9736828804016113
      vertex -9.06989860534668 8.515434265136719 2.9449963569641113
    endloop
  endfacet
  facet normal 0.2974371520143285 -0.07493097960185399 -0.9517964535012262
    outer loop
      vertex -9.081745147705078 8.103898048400879 2.9736828804016113
      vertex -8 8.14452075958252 3.3085310459136963
      vertex -9.082098960876465 8.091621398925781 2.974538803100586
    endloop
  endfacet
  facet normal 0.2974399016492976 0.6200475555085211 -0.7259962353998562
    outer loop
      vertex -9.06026554107666 10.848973274230957 3.7074360847473145
      vertex -8 10.934839248657227 4.215160846710205
      vertex -8 10.907245635986328 4.191594123840332
    endloop
  endfacet
  facet normal 0.2974364460009859 0.6200559919381581 -0.7259904458406389
    outer loop
      vertex -8 10.934839248657227 4.215160846710205
      vertex -9.06026554107666 10.848973274230957 3.7074360847473145
      vertex -9.048184394836426 11.16645622253418 3.9835424423217773
    endloop
  endfacet
  facet normal 0.297437510712151 -0.49884979784408245 0.8140514765125587
    outer loop
      vertex -9.067992210388184 6.670146942138672 9.454983711242676
      vertex -8 6.750718593597412 9.1141357421875
      vertex -8 7.152102947235107 9.360103607177734
    endloop
  endfacet
  facet normal 0.29743691286958257 -0.4988553546594573 0.8140482897164021
    outer loop
      vertex -9.090947151184082 6.568332195281982 9.400978088378906
      vertex -8 6.750718593597412 9.1141357421875
      vertex -9.067992210388184 6.670146942138672 9.454983711242676
    endloop
  endfacet
  facet normal 0.2974368905510202 -0.49885131604085736 0.8140507727553885
    outer loop
      vertex -8 6.750718593597412 9.1141357421875
      vertex -9.090947151184082 6.568332195281982 9.400978088378906
      vertex -9.095181465148926 6.5495524406433105 9.391016960144043
    endloop
  endfacet
  facet normal 0.2974369211017009 -0.7259904617099319 -0.620055745454988
    outer loop
      vertex -9.086194038391113 6.040801525115967 4.07389497756958
      vertex -8 6.3651604652404785 4.215160846710205
      vertex -8 6.05942964553833 4.573124885559082
    endloop
  endfacet
  facet normal 0.29743726493243444 -0.7259929577633055 -0.620052658011882
    outer loop
      vertex -9.086003303527832 6.045168876647949 4.068872928619385
      vertex -8 6.3651604652404785 4.215160846710205
      vertex -9.086194038391113 6.040801525115967 4.07389497756958
    endloop
  endfacet
  facet normal 0.2974369538952015 -0.7259905395403999 -0.620055638596556
    outer loop
      vertex -8 6.3651604652404785 4.215160846710205
      vertex -9.086003303527832 6.045168876647949 4.068872928619385
      vertex -9.082467079162598 6.125967025756836 3.9759669303894043
    endloop
  endfacet
  facet normal 0.297436298991307 -0.22288181837784066 -0.9283616445539643
    outer loop
      vertex -9.069361686706543 7.835677146911621 3.0400664806365967
      vertex -8 7.686773300170898 3.418426513671875
      vertex -8 7.651488304138184 3.4268977642059326
    endloop
  endfacet
  facet normal 0.29743643534213077 -0.22288114124166697 -0.9283617634358808
    outer loop
      vertex -8 7.686773300170898 3.418426513671875
      vertex -9.069361686706543 7.835677146911621 3.0400664806365967
      vertex -9.058600425720215 7.958070278167725 3.014130115509033
    endloop
  endfacet
  facet normal 0.2974367933897426 -0.22287968899617744 -0.9283619973754822
    outer loop
      vertex -9.069361686706543 7.835677146911621 3.0400664806365967
      vertex -8 7.651488304138184 3.4268977642059326
      vertex -9.09485149383545 7.5457611083984375 3.1015024185180664
    endloop
  endfacet
  facet normal 0.29743644521191465 0.8140522941152408 -0.4988490989321455
    outer loop
      vertex -8 11.529065132141113 5.0330424308776855
      vertex -9.054171562194824 11.749481201171875 4.764185905456543
      vertex -9.06623649597168 11.825946807861328 4.881773471832275
    endloop
  endfacet
  facet normal 0.29743687145630554 0.8140499229727697 -0.4988527141414715
    outer loop
      vertex -9.054171562194824 11.749481201171875 4.764185905456543
      vertex -8 11.529065132141113 5.0330424308776855
      vertex -8 11.283095359802246 4.63165807723999
    endloop
  endfacet
  facet normal 0.29743640758824713 -0.8140499573632786 0.49885293459880775
    outer loop
      vertex -9.072321891784668 5.696389198303223 8.484675407409668
      vertex -8 6.035862922668457 8.39928150177002
      vertex -9.098563194274902 5.758126735687256 8.601067543029785
    endloop
  endfacet
  facet normal 0.29743677797433454 -0.8140520362366831 0.498849321345791
    outer loop
      vertex -9.072321891784668 5.696389198303223 8.484675407409668
      vertex -8 6.016902923583984 8.368341445922852
      vertex -8 6.035862922668457 8.39928150177002
    endloop
  endfacet
  facet normal 0.2974366880975017 -0.81405125098825 0.49885065634722237
    outer loop
      vertex -8 6.016902923583984 8.368341445922852
      vertex -9.072321891784668 5.696389198303223 8.484675407409668
      vertex -9.09842586517334 5.530939102172852 8.230249404907227
    endloop
  endfacet
  facet normal 0.2974375773726634 0.9283626124800147 0.22287608062769548
    outer loop
      vertex -8 11.723100662231445 7.498510360717773
      vertex -9.052288055419922 12.068647384643555 7.463501453399658
      vertex -9.064403533935547 12.039447784423828 7.601297378540039
    endloop
  endfacet
  facet normal 0.2974371330177313 0.9283617031275304 0.22288046138758633
    outer loop
      vertex -9.052288055419922 12.068647384643555 7.463501453399658
      vertex -8 11.723100662231445 7.498510360717773
      vertex -8 11.832996368408203 7.040762901306152
    endloop
  endfacet
  facet normal 0.29743725261245557 0.498838065853501 -0.8140587600498459
    outer loop
      vertex -9.076257705688477 10.269646644592285 3.3212623596191406
      vertex -8 10.147896766662598 3.639894962310791
      vertex -8 10.116955757141113 3.6209349632263184
    endloop
  endfacet
  facet normal 0.29743635415872516 0.4988493633533227 -0.8140521653473751
    outer loop
      vertex -8 10.147896766662598 3.639894962310791
      vertex -9.051538467407227 10.510573387145996 3.477933883666992
      vertex -9.040570259094238 10.617477416992188 3.547451972961426
    endloop
  endfacet
  facet normal 0.2974365146452351 0.4988500400294157 -0.8140516920431683
    outer loop
      vertex -8 10.147896766662598 3.639894962310791
      vertex -9.076257705688477 10.269646644592285 3.3212623596191406
      vertex -9.051538467407227 10.510573387145996 3.477933883666992
    endloop
  endfacet
  facet normal 0.29743681172353104 -0.8820661807678335 -0.3653636486808567
    outer loop
      vertex -9.070046424865723 5.368373394012451 5.133802890777588
      vertex -8 5.757047653198242 5.066567897796631
      vertex -9.092777252197266 5.301026344299316 5.277888298034668
    endloop
  endfacet
  facet normal 0.29743580630421496 -0.8820643280855015 -0.365368939904905
    outer loop
      vertex -9.070046424865723 5.368373394012451 5.133802890777588
      vertex -8 5.770934581756592 5.0330424308776855
      vertex -8 5.757047653198242 5.066567897796631
    endloop
  endfacet
  facet normal 0.29743724374550523 -0.8820665271914923 -0.36536246063521277
    outer loop
      vertex -9.089157104492188 5.413993835449219 5.0081071853637695
      vertex -8 5.770934581756592 5.0330424308776855
      vertex -9.070046424865723 5.368373394012451 5.133802890777588
    endloop
  endfacet
  facet normal 0.297436969287148 -0.882065501048037 -0.36536516139630976
    outer loop
      vertex -8 5.770934581756592 5.0330424308776855
      vertex -9.089157104492188 5.413993835449219 5.0081071853637695
      vertex -9.109293937683105 5.462063312530518 4.875664710998535
    endloop
  endfacet
  facet normal 0.29743690685395613 -0.6200547931664151 0.7259912808791198
    outer loop
      vertex -9.095181465148926 6.5495524406433105 9.391016960144043
      vertex -8 6.392753601074219 8.808404922485352
      vertex -8 6.750718593597412 9.1141357421875
    endloop
  endfacet
  facet normal 0.29743799460084064 -0.6200525759730974 0.7259927288871129
    outer loop
      vertex -8 6.392753601074219 8.808404922485352
      vertex -9.095181465148926 6.5495524406433105 9.391016960144043
      vertex -9.091497421264648 6.452742576599121 9.306824684143066
    endloop
  endfacet
  facet normal 0.2974369868910995 -0.4988505861721568 -0.8140511848187676
    outer loop
      vertex -8 6.750718593597412 3.8858633041381836
      vertex -9.067994117736816 6.670146465301514 3.545015573501587
      vertex -8 7.152102947235107 3.639894962310791
    endloop
  endfacet
  facet normal 0.29743716376081064 -0.4988489421760806 -0.8140521276329482
    outer loop
      vertex -8 6.750718593597412 3.8858633041381836
      vertex -9.090948104858398 6.568331718444824 3.599020481109619
      vertex -9.067994117736816 6.670146465301514 3.545015573501587
    endloop
  endfacet
  facet normal 0.2974371769206955 -0.4988513228850996 -0.8140506639277638
    outer loop
      vertex -9.090948104858398 6.568331718444824 3.599020481109619
      vertex -8 6.750718593597412 3.8858633041381836
      vertex -9.095182418823242 6.549551963806152 3.6089816093444824
    endloop
  endfacet
  facet normal 0.2974368244723506 0.365363464304651 -0.8820662528399486
    outer loop
      vertex -9.080678939819336 9.752869606018066 3.1057145595550537
      vertex -8 9.682036399841309 3.440784454345703
      vertex -8 9.648510932922363 3.4268977642059326
    endloop
  endfacet
  facet normal 0.2974369610684799 0.36536591331750334 -0.882065192361661
    outer loop
      vertex -8 9.682036399841309 3.440784454345703
      vertex -9.05893325805664 9.89070987701416 3.170142650604248
      vertex -9.038416862487793 10.020759582519531 3.2309296131134033
    endloop
  endfacet
  facet normal 0.2974367965820631 0.3653639541961809 -0.8820660593249983
    outer loop
      vertex -8 9.682036399841309 3.440784454345703
      vertex -9.080678939819336 9.752869606018066 3.1057145595550537
      vertex -9.05893325805664 9.89070987701416 3.170142650604248
    endloop
  endfacet
  facet normal 0.29743622899886 0.3653626885238813 -0.8820667749742869
    outer loop
      vertex -8 9.682036399841309 3.440784454345703
      vertex -9.038416862487793 10.020759582519531 3.2309296131134033
      vertex -9.056264877319336 10.138151168823242 3.273536205291748
    endloop
  endfacet
  facet normal 0.2974368615149085 -0.22288002394560424 -0.928361895134741
    outer loop
      vertex -8 7.686773300170898 3.418426513671875
      vertex -9.057316780090332 7.972668170928955 3.0110366344451904
      vertex -8 8.14452075958252 3.3085310459136963
    endloop
  endfacet
  facet normal 0.29743487791328127 -0.22288616465097427 -0.9283610563826394
    outer loop
      vertex -9.057316780090332 7.972668170928955 3.0110366344451904
      vertex -8 7.686773300170898 3.418426513671875
      vertex -9.058600425720215 7.958070278167725 3.014130115509033
    endloop
  endfacet
  facet normal 0.2974367040820497 -0.2228782171099166 -0.9283623793555577
    outer loop
      vertex -8 8.14452075958252 3.3085310459136963
      vertex -9.057316780090332 7.972668170928955 3.0110366344451904
      vertex -9.082098960876465 8.091621398925781 2.974538803100586
    endloop
  endfacet
  facet normal 0.2974368648342555 -0.365364658231669 -0.8820657446884695
    outer loop
      vertex -9.09485149383545 7.5457611083984375 3.1015024185180664
      vertex -8 7.6179633140563965 3.440784454345703
      vertex -9.05694580078125 7.305482387542725 3.2138113975524902
    endloop
  endfacet
  facet normal 0.2974364044822119 -0.36536226975237723 -0.8820668892607212
    outer loop
      vertex -8 7.6179633140563965 3.440784454345703
      vertex -9.076638221740723 7.175956726074219 3.260822057723999
      vertex -9.05694580078125 7.305482387542725 3.2138113975524902
    endloop
  endfacet
  facet normal 0.2974387802129614 -0.3653696227947797 -0.8820630423978923
    outer loop
      vertex -9.076638221740723 7.175956726074219 3.260822057723999
      vertex -8 7.6179633140563965 3.440784454345703
      vertex -9.080366134643555 7.151440620422363 3.2697200775146484
    endloop
  endfacet
  facet normal 0.2974366806793658 -0.36536791708487615 -0.8820644569142893
    outer loop
      vertex -8 7.6179633140563965 3.440784454345703
      vertex -9.09485149383545 7.5457611083984375 3.1015024185180664
      vertex -8 7.651488304138184 3.4268977642059326
    endloop
  endfacet
  facet normal 0.2974360923627919 0.9518019573202032 0.07486524561759349
    outer loop
      vertex -8 11.84146785736084 7.0054779052734375
      vertex -9.055194854736328 12.167794227600098 7.04895544052124
      vertex -9.055428504943848 12.167228698730469 7.057073593139648
    endloop
  endfacet
  facet normal 0.297436617388428 0.9517991085640357 0.07489936964512348
    outer loop
      vertex -8 11.844314575195312 6.969302654266357
      vertex -9.055194854736328 12.167794227600098 7.04895544052124
      vertex -8 11.84146785736084 7.0054779052734375
    endloop
  endfacet
  facet normal 0.2974369912257207 0.9517983640645248 0.07490734553222837
    outer loop
      vertex -9.055194854736328 12.167794227600098 7.04895544052124
      vertex -8 11.844314575195312 6.969302654266357
      vertex -9.04350471496582 12.196104049682617 6.642822742462158
    endloop
  endfacet
  facet normal 0.29743613947910597 -0.49886766654582937 0.8140410273486742
    outer loop
      vertex -9.099270820617676 7.027087211608887 9.685144424438477
      vertex -8 7.152102947235107 9.360103607177734
      vertex -8 7.183043003082275 9.379064559936523
    endloop
  endfacet
  facet normal 0.2974371471841147 -0.4988511187270852 0.8140507999011554
    outer loop
      vertex -8 7.152102947235107 9.360103607177734
      vertex -9.099270820617676 7.027087211608887 9.685144424438477
      vertex -9.06432056427002 6.686436176300049 9.463623046875
    endloop
  endfacet
  facet normal 0.2974207603443846 -0.4988062179266248 0.8140843004713362
    outer loop
      vertex -8 7.152102947235107 9.360103607177734
      vertex -9.06432056427002 6.686436176300049 9.463623046875
      vertex -9.067992210388184 6.670146942138672 9.454983711242676
    endloop
  endfacet
  facet normal 0.29743637329305067 0.6200553827277989 0.7259909959445501
    outer loop
      vertex -9.060264587402344 10.848973274230957 9.292562484741211
      vertex -8 10.934839248657227 8.784838676452637
      vertex -9.04818344116211 11.16645622253418 9.016456604003906
    endloop
  endfacet
  facet normal 0.29744279018940617 0.6200397167170709 0.7260017467318899
    outer loop
      vertex -8 10.934839248657227 8.784838676452637
      vertex -9.060264587402344 10.848973274230957 9.292562484741211
      vertex -8 10.907245635986328 8.808404922485352
    endloop
  endfacet
  facet normal 0.297432487081251 -0.7259602103953675 0.6200932902002531
    outer loop
      vertex -8 6.3651604652404785 8.784838676452637
      vertex -9.086002349853516 6.045169353485107 8.93112564086914
      vertex -9.086193084716797 6.040801525115967 8.926103591918945
    endloop
  endfacet
  facet normal 0.29743640368152596 -0.7259906586232914 0.6200557631025777
    outer loop
      vertex -9.086002349853516 6.045169353485107 8.93112564086914
      vertex -8 6.3651604652404785 8.784838676452637
      vertex -9.082466125488281 6.125967502593994 9.024031639099121
    endloop
  endfacet
  facet normal 0.29743671731563553 -0.7259909178831143 0.6200553091005122
    outer loop
      vertex -8 6.3651604652404785 8.784838676452637
      vertex -9.086193084716797 6.040801525115967 8.926103591918945
      vertex -8 6.05942964553833 8.426874160766602
    endloop
  endfacet
  facet normal 0.2974371244091676 -0.9283619252574289 -0.22287954763846204
    outer loop
      vertex -9.100308418273926 5.220597743988037 5.517206192016602
      vertex -8 5.576898097991943 5.50148868560791
      vertex -8 5.467002868652344 5.959236145019531
    endloop
  endfacet
  facet normal 0.2974370247392244 -0.9283616701954827 -0.2228807430581021
    outer loop
      vertex -8 5.576898097991943 5.50148868560791
      vertex -9.100308418273926 5.220597743988037 5.517206192016602
      vertex -9.111124992370605 5.246665954589844 5.394189834594727
    endloop
  endfacet
  facet normal 0.29743742518974 0.8820668223083229 -0.3653616004445395
    outer loop
      vertex -8 11.723100662231445 5.50148868560791
      vertex -9.043852806091309 11.978556632995605 5.26842737197876
      vertex -9.064404487609863 12.039447784423828 5.3987016677856445
    endloop
  endfacet
  facet normal 0.2974374622620063 0.8820666734452471 -0.3653619296538347
    outer loop
      vertex -9.043852806091309 11.978556632995605 5.26842737197876
      vertex -8 11.723100662231445 5.50148868560791
      vertex -8 11.542951583862305 5.066567897796631
    endloop
  endfacet
  facet normal 0.2974368337384054 0.4988506111019354 -0.8140512255005197
    outer loop
      vertex -9.040570259094238 10.617477416992188 3.547451972961426
      vertex -8 10.549281120300293 3.8858633041381836
      vertex -8 10.147896766662598 3.639894962310791
    endloop
  endfacet
  facet normal 0.2974373757539222 0.4988460772584108 -0.8140538057822196
    outer loop
      vertex -8 10.549281120300293 3.8858633041381836
      vertex -9.040570259094238 10.617477416992188 3.547451972961426
      vertex -9.038994789123535 10.632826805114746 3.557433605194092
    endloop
  endfacet
  facet normal 0.29743706401547043 0.4988491465815517 -0.8140520388185969
    outer loop
      vertex -8 10.549281120300293 3.8858633041381836
      vertex -9.038994789123535 10.632826805114746 3.557433605194092
      vertex -9.064230918884277 10.744762420654297 3.616806745529175
    endloop
  endfacet
  facet normal 0.2974371938607192 0.3653654637535955 -0.8820653000795241
    outer loop
      vertex -9.056264877319336 10.138151168823242 3.273536205291748
      vertex -8 10.116955757141113 3.6209349632263184
      vertex -8 9.682036399841309 3.440784454345703
    endloop
  endfacet
  facet normal 0.29743699397668155 0.365367375244305 -0.8820645757092859
    outer loop
      vertex -8 10.116955757141113 3.6209349632263184
      vertex -9.056264877319336 10.138151168823242 3.273536205291748
      vertex -9.076257705688477 10.269646644592285 3.3212623596191406
    endloop
  endfacet
  facet normal 0.2974370090604468 -0.9517982621171133 -0.07490857008392786
    outer loop
      vertex -9.091556549072266 5.087695598602295 6.37221097946167
      vertex -8 5.418749809265137 6.5
      vertex -9.087878227233887 5.078787803649902 6.5
    endloop
  endfacet
  facet normal 0.29743695545220494 -0.9517983284284199 -0.07490794038143524
    outer loop
      vertex -8 5.418749809265137 6.5
      vertex -9.091556549072266 5.087695598602295 6.37221097946167
      vertex -8 5.455684661865234 6.030696868896484
    endloop
  endfacet
  facet normal 0.29743697936428276 0.9283617496736067 -0.22288047256233742
    outer loop
      vertex -8 11.723100662231445 5.50148868560791
      vertex -9.052289009094238 12.068647384643555 5.536497116088867
      vertex -8 11.832996368408203 5.959236145019531
    endloop
  endfacet
  facet normal 0.2974373508454822 0.9283625098979958 -0.22287681022913747
    outer loop
      vertex -9.052289009094238 12.068647384643555 5.536497116088867
      vertex -8 11.723100662231445 5.50148868560791
      vertex -9.064404487609863 12.039447784423828 5.3987016677856445
    endloop
  endfacet
  facet normal 0.2974363955995436 0.8140503133915031 0.49885236076413175
    outer loop
      vertex -8 11.529065132141113 7.966956615447998
      vertex -9.054170608520508 11.749480247497559 8.23581314086914
      vertex -8 11.283095359802246 8.368341445922852
    endloop
  endfacet
  facet normal 0.2974367300101639 0.8140484530900631 0.4988551970888309
    outer loop
      vertex -9.054170608520508 11.749480247497559 8.23581314086914
      vertex -8 11.529065132141113 7.966956615447998
      vertex -9.066235542297363 11.825946807861328 8.118226051330566
    endloop
  endfacet
  facet normal 0.2974367861382412 -0.07490824273003992 0.9517983575436826
    outer loop
      vertex -9.081744194030762 8.103899002075195 10.026315689086914
      vertex -8 8.180696487426758 9.694314956665039
      vertex -9.069897651672363 8.515434265136719 10.055002212524414
    endloop
  endfacet
  facet normal 0.297436365212493 -0.07489839462535218 0.9517992640949695
    outer loop
      vertex -8 8.180696487426758 9.694314956665039
      vertex -9.081744194030762 8.103899002075195 10.026315689086914
      vertex -8 8.14452075958252 9.691468238830566
    endloop
  endfacet
  facet normal 0.29743596861725485 -0.07486544081247826 0.9518019806370801
    outer loop
      vertex -8 8.14452075958252 9.691468238830566
      vertex -9.081744194030762 8.103899002075195 10.026315689086914
      vertex -9.082097053527832 8.091621398925781 10.025460243225098
    endloop
  endfacet
  facet normal 0.29743625292570075 0.8820655209956741 -0.3653656964140835
    outer loop
      vertex -8 11.542951583862305 5.066567897796631
      vertex -9.025315284729004 11.923632621765137 5.150920867919922
      vertex -9.043852806091309 11.978556632995605 5.26842737197876
    endloop
  endfacet
  facet normal 0.29743787066266697 0.8820681695050155 -0.36535798532635066
    outer loop
      vertex -8 11.529065132141113 5.0330424308776855
      vertex -9.025315284729004 11.923632621765137 5.150920867919922
      vertex -8 11.542951583862305 5.066567897796631
    endloop
  endfacet
  facet normal 0.2974373443326466 0.8820674492792103 -0.36536015261439025
    outer loop
      vertex -8 11.529065132141113 5.0330424308776855
      vertex -9.04641342163086 11.873266220092773 5.012148380279541
      vertex -9.025315284729004 11.923632621765137 5.150920867919922
    endloop
  endfacet
  facet normal 0.29743648165663655 0.8820643263414136 -0.36536839433042034
    outer loop
      vertex -9.04641342163086 11.873266220092773 5.012148380279541
      vertex -8 11.529065132141113 5.0330424308776855
      vertex -9.06623649597168 11.825946807861328 4.881773471832275
    endloop
  endfacet
  facet normal 0.2974371091010687 0.9517980504816924 -0.0749108618883052
    outer loop
      vertex -8 11.88124942779541 6.5
      vertex -9.04350471496582 12.196104049682617 6.357176780700684
      vertex -9.03939437866211 12.206060409545898 6.5
    endloop
  endfacet
  facet normal 0.2974368074651817 0.9517983743896684 -0.07490794399865366
    outer loop
      vertex -9.04350471496582 12.196104049682617 6.357176780700684
      vertex -8 11.88124942779541 6.5
      vertex -8 11.844314575195312 6.030696868896484
    endloop
  endfacet
  facet normal 0.2974367553275853 0.7259854935299669 -0.6200616419068741
    outer loop
      vertex -8 11.240568161010742 4.573124885559082
      vertex -9.0608491897583 11.532337188720703 4.405858516693115
      vertex -8 11.264135360717773 4.600718021392822
    endloop
  endfacet
  facet normal 0.2974372353192791 0.7259912031990166 -0.6200547265550581
    outer loop
      vertex -8 11.240568161010742 4.573124885559082
      vertex -9.04936408996582 11.26984977722168 4.104034423828125
      vertex -9.0608491897583 11.532337188720703 4.405858516693115
    endloop
  endfacet
  facet normal 0.2974377865300121 0.7259898522003412 -0.6200560439559101
    outer loop
      vertex -9.04936408996582 11.26984977722168 4.104034423828125
      vertex -8 11.240568161010742 4.573124885559082
      vertex -9.048870086669922 11.258557319641113 4.091049671173096
    endloop
  endfacet
  facet normal 0.2974367625238997 0.49884926401415197 0.8140520770146342
    outer loop
      vertex -9.051536560058594 10.51057243347168 9.522065162658691
      vertex -8 10.147896766662598 9.360103607177734
      vertex -9.040568351745605 10.617476463317871 9.452547073364258
    endloop
  endfacet
  facet normal 0.29743723961688584 0.4988512756393475 0.8140506699721357
    outer loop
      vertex -9.076255798339844 10.269646644592285 9.678736686706543
      vertex -8 10.147896766662598 9.360103607177734
      vertex -9.051536560058594 10.51057243347168 9.522065162658691
    endloop
  endfacet
  facet normal 0.2974369262356688 0.4988563601404611 0.8140476686649794
    outer loop
      vertex -8 10.147896766662598 9.360103607177734
      vertex -9.076255798339844 10.269646644592285 9.678736686706543
      vertex -8 10.116955757141113 9.379064559936523
    endloop
  endfacet
  facet normal 0.29743760133398367 -0.22287723718761052 0.928362327141889
    outer loop
      vertex -9.06935977935791 7.835676670074463 9.959932327270508
      vertex -8 7.686773300170898 9.581572532653809
      vertex -9.058599472045898 7.958069801330566 9.985868453979492
    endloop
  endfacet
  facet normal 0.2974354724477921 -0.22288780950403886 0.9283604709940261
    outer loop
      vertex -8 7.686773300170898 9.581572532653809
      vertex -9.06935977935791 7.835676670074463 9.959932327270508
      vertex -8 7.651488304138184 9.573101043701172
    endloop
  endfacet
  facet normal 0.2974365557264525 -0.22288314384074956 0.9283612440797218
    outer loop
      vertex -8 7.651488304138184 9.573101043701172
      vertex -9.06935977935791 7.835676670074463 9.959932327270508
      vertex -9.094850540161133 7.5457611083984375 9.8984956741333
    endloop
  endfacet
  facet normal 0.2974403037736046 -0.6200464154712497 0.7259970443137633
    outer loop
      vertex -9.091497421264648 6.452742576599121 9.306824684143066
      vertex -8 6.3651604652404785 8.784838676452637
      vertex -8 6.392753601074219 8.808404922485352
    endloop
  endfacet
  facet normal 0.2974369067434932 -0.6200547288708742 0.7259913358379211
    outer loop
      vertex -8 6.3651604652404785 8.784838676452637
      vertex -9.091497421264648 6.452742576599121 9.306824684143066
      vertex -9.079428672790527 6.135627269744873 9.031038284301758
    endloop
  endfacet
  facet normal 0.29743756348552347 -0.620095002415358 0.725956667995613
    outer loop
      vertex -8 6.3651604652404785 8.784838676452637
      vertex -9.079428672790527 6.135627269744873 9.031038284301758
      vertex -9.082466125488281 6.125967502593994 9.024031639099121
    endloop
  endfacet
  facet normal 0.297437146499469 -0.8820664067993008 0.36536283045545814
    outer loop
      vertex -9.089157104492188 5.413994312286377 7.9918928146362305
      vertex -8 5.770934581756592 7.966956615447998
      vertex -9.109292984008789 5.462063312530518 8.124334335327148
    endloop
  endfacet
  facet normal 0.2974371842369348 -0.8820665478934737 0.3653624591012249
    outer loop
      vertex -9.070046424865723 5.368373870849609 7.866197109222412
      vertex -8 5.770934581756592 7.966956615447998
      vertex -9.089157104492188 5.413994312286377 7.9918928146362305
    endloop
  endfacet
  facet normal 0.2974357448354887 -0.8820643457774549 0.365368947233271
    outer loop
      vertex -8 5.770934581756592 7.966956615447998
      vertex -9.070046424865723 5.368373870849609 7.866197109222412
      vertex -8 5.757047653198242 7.933431148529053
    endloop
  endfacet
  facet normal 0.29743666452197015 -0.8820660404905073 0.36536410717453344
    outer loop
      vertex -8 5.757047653198242 7.933431148529053
      vertex -9.070046424865723 5.368373870849609 7.866197109222412
      vertex -9.092777252197266 5.301026344299316 7.722110748291016
    endloop
  endfacet
  facet normal 0.2974368569937883 0.22288048146196923 0.9283617867431521
    outer loop
      vertex -9.048927307128906 9.34440803527832 9.98217487335205
      vertex -8 9.155478477478027 9.691468238830566
      vertex -8 9.613225936889648 9.581572532653809
    endloop
  endfacet
  facet normal 0.29743663737413706 0.22287837615715692 0.9283623625444513
    outer loop
      vertex -9.073746681213379 9.225273132324219 10.018728256225586
      vertex -8 9.155478477478027 9.691468238830566
      vertex -9.048927307128906 9.34440803527832 9.98217487335205
    endloop
  endfacet
  facet normal 0.29743660697984686 0.22288245912013194 0.9283613920477729
    outer loop
      vertex -8 9.155478477478027 9.691468238830566
      vertex -9.073746681213379 9.225273132324219 10.018728256225586
      vertex -9.077315330505371 9.208144187927246 10.0239839553833
    endloop
  endfacet
  facet normal 0.2974367840634675 0.9517983757045373 0.07490802021270297
    outer loop
      vertex -8 11.88124942779541 6.5
      vertex -9.04350471496582 12.196104049682617 6.642822742462158
      vertex -8 11.844314575195312 6.969302654266357
    endloop
  endfacet
  facet normal 0.29743710352846475 0.9517980326493729 0.07491111058701819
    outer loop
      vertex -9.04350471496582 12.196104049682617 6.642822742462158
      vertex -8 11.88124942779541 6.5
      vertex -9.03939437866211 12.206060409545898 6.5
    endloop
  endfacet
  facet normal 0.2974371003721569 -0.3653647910694502 -0.8820656102405199
    outer loop
      vertex -8 7.183043003082275 3.6209349632263184
      vertex -9.080366134643555 7.151440620422363 3.2697200775146484
      vertex -8 7.6179633140563965 3.440784454345703
    endloop
  endfacet
  facet normal 0.2974369681047971 -0.36536618347198874 -0.8820650780864976
    outer loop
      vertex -9.080366134643555 7.151440620422363 3.2697200775146484
      vertex -8 7.183043003082275 3.6209349632263184
      vertex -9.099272727966309 7.0270867347717285 3.314854145050049
    endloop
  endfacet
  facet normal 0.2974370029520425 0.0749079392204054 0.9517983136760952
    outer loop
      vertex -9.065164566040039 8.786046028137207 10.053406715393066
      vertex -8 8.649999618530273 9.731249809265137
      vertex -8 9.119302749633789 9.694314956665039
    endloop
  endfacet
  facet normal 0.29743712122334326 0.0749091848866562 0.9517981786796963
    outer loop
      vertex -8 8.649999618530273 9.731249809265137
      vertex -9.065164566040039 8.786046028137207 10.053406715393066
      vertex -9.061728477478027 8.666666030883789 10.061728477478027
    endloop
  endfacet
  facet normal 0.2974370827731336 0.0749139788193345 0.9517978133873098
    outer loop
      vertex -8 8.649999618530273 9.731249809265137
      vertex -9.061728477478027 8.666666030883789 10.061728477478027
      vertex -9.066023826599121 8.649999618530273 10.064382553100586
    endloop
  endfacet
  facet normal 0.2974374629477252 0.814051854287769 -0.4988492098478913
    outer loop
      vertex -9.030993461608887 11.602580070495605 4.538285255432129
      vertex -8 11.283095359802246 4.63165807723999
      vertex -8 11.264135360717773 4.600718021392822
    endloop
  endfacet
  facet normal 0.2974372488432252 0.8140504620622119 -0.4988516094159392
    outer loop
      vertex -8 11.283095359802246 4.63165807723999
      vertex -9.030993461608887 11.602580070495605 4.538285255432129
      vertex -9.054171562194824 11.749481201171875 4.764185905456543
    endloop
  endfacet
  facet normal 0.29743704476809274 0.8140499659703087 -0.4988525406403811
    outer loop
      vertex -9.030993461608887 11.602580070495605 4.538285255432129
      vertex -8 11.264135360717773 4.600718021392822
      vertex -9.0608491897583 11.532337188720703 4.405858516693115
    endloop
  endfacet
  facet normal 0.2974369492911816 -0.8140513900170633 -0.4988502737371629
    outer loop
      vertex -9.098426818847656 5.530938625335693 4.769749641418457
      vertex -8 5.770934581756592 5.0330424308776855
      vertex -9.109293937683105 5.462063312530518 4.875664710998535
    endloop
  endfacet
  facet normal 0.2974369800152493 -0.8140511866451913 -0.49885058729138926
    outer loop
      vertex -8 5.770934581756592 5.0330424308776855
      vertex -9.098426818847656 5.530938625335693 4.769749641418457
      vertex -8 6.016902923583984 4.63165807723999
    endloop
  endfacet
  facet normal 0.2974363951532027 0.0748983938936119 0.9517992547961074
    outer loop
      vertex -9.077315330505371 9.208144187927246 10.0239839553833
      vertex -8 9.119302749633789 9.694314956665039
      vertex -8 9.155478477478027 9.691468238830566
    endloop
  endfacet
  facet normal 0.2974369184655529 0.07490821437354502 0.9517983184231221
    outer loop
      vertex -8 9.119302749633789 9.694314956665039
      vertex -9.077315330505371 9.208144187927246 10.0239839553833
      vertex -9.065164566040039 8.786046028137207 10.053406715393066
    endloop
  endfacet
  facet normal 0.2974367206006496 0.8820668687914837 0.3653620618218572
    outer loop
      vertex -8 11.529065132141113 7.966956615447998
      vertex -9.04641342163086 11.873265266418457 7.987851619720459
      vertex -9.066235542297363 11.825946807861328 8.118226051330566
    endloop
  endfacet
  facet normal 0.29743827772530146 0.882068052342504 0.36535793679692785
    outer loop
      vertex -9.025314331054688 11.923632621765137 7.84907865524292
      vertex -8 11.529065132141113 7.966956615447998
      vertex -8 11.542951583862305 7.933431148529053
    endloop
  endfacet
  facet normal 0.29743629993278803 0.8820653459309493 0.36536608078748545
    outer loop
      vertex -8 11.529065132141113 7.966956615447998
      vertex -9.025314331054688 11.923632621765137 7.84907865524292
      vertex -9.04641342163086 11.873265266418457 7.987851619720459
    endloop
  endfacet
  facet normal 0.2974369489881116 0.8820658769739697 0.36536427035875463
    outer loop
      vertex -9.025314331054688 11.923632621765137 7.84907865524292
      vertex -8 11.542951583862305 7.933431148529053
      vertex -9.043851852416992 11.978556632995605 7.731571674346924
    endloop
  endfacet
  facet normal 0.297437009482021 -0.3653639764534219 0.8820659783148511
    outer loop
      vertex -9.080364227294922 7.15144157409668 9.730278968811035
      vertex -8 7.183043003082275 9.379064559936523
      vertex -8 7.6179633140563965 9.55921459197998
    endloop
  endfacet
  facet normal 0.29743663703002104 -0.36536789728348473 0.8820644798351855
    outer loop
      vertex -8 7.183043003082275 9.379064559936523
      vertex -9.080364227294922 7.15144157409668 9.730278968811035
      vertex -9.099270820617676 7.027087211608887 9.685144424438477
    endloop
  endfacet
  facet normal 0.2974524146778674 -0.9517974584717718 -0.07485759179256131
    outer loop
      vertex -9.091699600219727 5.08804178237915 6.367240905761719
      vertex -8 5.455684661865234 6.030696868896484
      vertex -9.091556549072266 5.087695598602295 6.37221097946167
    endloop
  endfacet
  facet normal 0.29743691823396873 -0.9517982760917405 -0.07490875316189963
    outer loop
      vertex -9.103981971740723 5.1177849769592285 5.9405517578125
      vertex -8 5.455684661865234 6.030696868896484
      vertex -9.091699600219727 5.08804178237915 6.367240905761719
    endloop
  endfacet
  facet normal 0.2974370282436294 -0.951798076922676 -0.07491084698422612
    outer loop
      vertex -8 5.455684661865234 6.030696868896484
      vertex -9.103981971740723 5.1177849769592285 5.9405517578125
      vertex -8 5.458531856536865 5.994521141052246
    endloop
  endfacet
  facet normal 0.29743676339971015 -0.6200556329279631 -0.7259906224274582
    outer loop
      vertex -9.095182418823242 6.549551963806152 3.6089816093444824
      vertex -8 6.392753601074219 4.191594123840332
      vertex -9.091498374938965 6.452742576599121 3.693174123764038
    endloop
  endfacet
  facet normal 0.29743720497640885 -0.6200547328482294 -0.7259912102555599
    outer loop
      vertex -8 6.392753601074219 4.191594123840332
      vertex -9.095182418823242 6.549551963806152 3.6089816093444824
      vertex -8 6.750718593597412 3.8858633041381836
    endloop
  endfacet
  facet normal 0.2974370233994181 -0.07490793872061387 -0.9517983073256239
    outer loop
      vertex -9.06989860534668 8.515434265136719 2.9449963569641113
      vertex -8 8.649999618530273 3.268749237060547
      vertex -8 8.180696487426758 3.3056840896606445
    endloop
  endfacet
  facet normal 0.2974371412763279 -0.0749092041732023 -0.9517981708952289
    outer loop
      vertex -8 8.649999618530273 3.268749237060547
      vertex -9.06989860534668 8.515434265136719 2.9449963569641113
      vertex -9.066024780273438 8.649999618530273 2.9356162548065186
    endloop
  endfacet
  facet normal 0.2974377099632898 0.8820666021510611 0.3653619001229816
    outer loop
      vertex -8 11.723100662231445 7.498510360717773
      vertex -9.043851852416992 11.978556632995605 7.731571674346924
      vertex -8 11.542951583862305 7.933431148529053
    endloop
  endfacet
  facet normal 0.29743766896338164 0.8820667667853982 0.36536153603572424
    outer loop
      vertex -9.043851852416992 11.978556632995605 7.731571674346924
      vertex -8 11.723100662231445 7.498510360717773
      vertex -9.064403533935547 12.039447784423828 7.601297378540039
    endloop
  endfacet
  facet normal 0.2974366872201426 0.7259924274612078 -0.6200535560453547
    outer loop
      vertex -8 10.934839248657227 4.215160846710205
      vertex -9.048870086669922 11.258557319641113 4.091049671173096
      vertex -8 11.240568161010742 4.573124885559082
    endloop
  endfacet
  facet normal 0.29743621941442844 0.725989521011597 -0.6200571834611739
    outer loop
      vertex -8 10.934839248657227 4.215160846710205
      vertex -9.045146942138672 11.173462867736816 3.9932034015655518
      vertex -9.048870086669922 11.258557319641113 4.091049671173096
    endloop
  endfacet
  facet normal 0.29743606938738837 0.7259976488344443 -0.6200477388993849
    outer loop
      vertex -9.045146942138672 11.173462867736816 3.9932034015655518
      vertex -8 10.934839248657227 4.215160846710205
      vertex -9.048184394836426 11.16645622253418 3.9835424423217773
    endloop
  endfacet
  facet normal 0.29743708626891807 0.6200552344513307 -0.7259908304802214
    outer loop
      vertex -9.063774108886719 10.756767272949219 3.6272470951080322
      vertex -8 10.907245635986328 4.191594123840332
      vertex -8 10.549281120300293 3.8858633041381836
    endloop
  endfacet
  facet normal 0.2974368154577098 0.6200557889327308 -0.7259904678584871
    outer loop
      vertex -8 10.907245635986328 4.191594123840332
      vertex -9.063774108886719 10.756767272949219 3.6272470951080322
      vertex -9.06026554107666 10.848973274230957 3.7074360847473145
    endloop
  endfacet
  facet normal 0.2974370564611798 0.6200578376432293 -0.7259886193466888
    outer loop
      vertex -9.063774108886719 10.756767272949219 3.6272470951080322
      vertex -8 10.549281120300293 3.8858633041381836
      vertex -9.064230918884277 10.744762420654297 3.616806745529175
    endloop
  endfacet
  facet normal 0.29743667238194615 -0.22288049488821626 0.9283618426673612
    outer loop
      vertex -8 8.14452075958252 9.691468238830566
      vertex -9.057315826416016 7.972668647766113 9.988962173461914
      vertex -8 7.686773300170898 9.581572532653809
    endloop
  endfacet
  facet normal 0.2974368864076315 -0.22288295126035054 0.9283611843682446
    outer loop
      vertex -9.057315826416016 7.972668647766113 9.988962173461914
      vertex -8 8.14452075958252 9.691468238830566
      vertex -9.082097053527832 8.091621398925781 10.025460243225098
    endloop
  endfacet
  facet normal 0.29743465743982905 -0.2228867325989783 0.9283609906631164
    outer loop
      vertex -8 7.686773300170898 9.581572532653809
      vertex -9.057315826416016 7.972668647766113 9.988962173461914
      vertex -9.058599472045898 7.958069801330566 9.985868453979492
    endloop
  endfacet
  facet normal 0.2974363264129657 0.9517992761451651 -0.07489839557359866
    outer loop
      vertex -9.055195808410645 12.167794227600098 5.951044082641602
      vertex -8 11.844314575195312 6.030696868896484
      vertex -8 11.84146785736084 5.994521141052246
    endloop
  endfacet
  facet normal 0.29743677839427995 0.9517983760230703 -0.07490803867595369
    outer loop
      vertex -8 11.844314575195312 6.030696868896484
      vertex -9.055195808410645 12.167794227600098 5.951044082641602
      vertex -9.04350471496582 12.196104049682617 6.357176780700684
    endloop
  endfacet
  facet normal 0.2974357490387487 0.9518024087624689 -0.07486087007055532
    outer loop
      vertex -9.055195808410645 12.167794227600098 5.951044082641602
      vertex -8 11.84146785736084 5.994521141052246
      vertex -9.055429458618164 12.167228698730469 5.942925453186035
    endloop
  endfacet
  facet normal 0.2974369478503978 0.22288001766670135 -0.9283618689812343
    outer loop
      vertex -8 9.155478477478027 3.3085310459136963
      vertex -9.048928260803223 9.34440803527832 3.0178239345550537
      vertex -8 9.613225936889648 3.418426513671875
    endloop
  endfacet
  facet normal 0.29743677258456636 0.2228783375416769 -0.9283623284952569
    outer loop
      vertex -8 9.155478477478027 3.3085310459136963
      vertex -9.073747634887695 9.225273132324219 2.9812705516815186
      vertex -9.048928260803223 9.34440803527832 3.0178239345550537
    endloop
  endfacet
  facet normal 0.29743665237462896 0.22289448142221405 -0.9283584910882736
    outer loop
      vertex -9.073747634887695 9.225273132324219 2.9812705516815186
      vertex -8 9.155478477478027 3.3085310459136963
      vertex -9.077316284179688 9.208144187927246 2.9760146141052246
    endloop
  endfacet
  facet normal 0.2974370335925596 -0.8820666844785604 -0.36536225199198996
    outer loop
      vertex -9.092777252197266 5.301026344299316 5.277888298034668
      vertex -8 5.576898097991943 5.50148868560791
      vertex -9.111124992370605 5.246665954589844 5.394189834594727
    endloop
  endfacet
  facet normal 0.2974370841361614 -0.8820664403660111 -0.3653628001871728
    outer loop
      vertex -8 5.576898097991943 5.50148868560791
      vertex -9.092777252197266 5.301026344299316 5.277888298034668
      vertex -8 5.757047653198242 5.066567897796631
    endloop
  endfacet
  facet normal 0.2974365957292081 0.8140510264912627 0.49885107776724436
    outer loop
      vertex -8 11.264135360717773 8.39928150177002
      vertex -9.03099250793457 11.602579116821289 8.461713790893555
      vertex -9.0608491897583 11.532337188720703 8.59414005279541
    endloop
  endfacet
  facet normal 0.29743681704515146 0.8140520258583469 0.4988493149859691
    outer loop
      vertex -8 11.283095359802246 8.368341445922852
      vertex -9.03099250793457 11.602579116821289 8.461713790893555
      vertex -8 11.264135360717773 8.39928150177002
    endloop
  endfacet
  facet normal 0.2974365981989996 0.8140506028003522 0.49885176769476336
    outer loop
      vertex -9.03099250793457 11.602579116821289 8.461713790893555
      vertex -8 11.283095359802246 8.368341445922852
      vertex -9.054170608520508 11.749480247497559 8.23581314086914
    endloop
  endfacet
  facet normal 0.29743707030567473 -0.9283619825980594 0.22287938099918025
    outer loop
      vertex -9.086780548095703 5.187995433807373 7.3289408683776855
      vertex -8 5.467002868652344 7.040762901306152
      vertex -9.100308418273926 5.220597743988037 7.482792854309082
    endloop
  endfacet
  facet normal 0.2974366235789095 -0.9283626960038215 0.2228770055938798
    outer loop
      vertex -9.075222969055176 5.160140514373779 7.19749116897583
      vertex -8 5.467002868652344 7.040762901306152
      vertex -9.086780548095703 5.187995433807373 7.3289408683776855
    endloop
  endfacet
  facet normal 0.29743700500467585 -0.9283617681259329 0.2228803614855737
    outer loop
      vertex -8 5.458531856536865 7.0054779052734375
      vertex -9.075222969055176 5.160140514373779 7.19749116897583
      vertex -9.103981971740723 5.1177849769592285 7.059447288513184
    endloop
  endfacet
  facet normal 0.29743654317631885 -0.9283629944921583 0.22287586957962638
    outer loop
      vertex -9.075222969055176 5.160140514373779 7.19749116897583
      vertex -8 5.458531856536865 7.0054779052734375
      vertex -8 5.467002868652344 7.040762901306152
    endloop
  endfacet
  facet normal 0.2974307339745673 0.7260063513125203 0.6200401086552637
    outer loop
      vertex -8 11.240568161010742 8.426874160766602
      vertex -9.049363136291504 11.269848823547363 8.895964622497559
      vertex -9.048869132995605 11.258557319641113 8.90894889831543
    endloop
  endfacet
  facet normal 0.2974369656875573 0.7259910780211275 0.6200550024605075
    outer loop
      vertex -8 11.240568161010742 8.426874160766602
      vertex -9.0608491897583 11.532337188720703 8.59414005279541
      vertex -9.049363136291504 11.269848823547363 8.895964622497559
    endloop
  endfacet
  facet normal 0.29743606508168446 0.7259803652647866 0.6200679772724366
    outer loop
      vertex -9.0608491897583 11.532337188720703 8.59414005279541
      vertex -8 11.240568161010742 8.426874160766602
      vertex -8 11.264135360717773 8.39928150177002
    endloop
  endfacet
  facet normal 0.2974370408664448 -0.928362131855303 -0.22287879858274964
    outer loop
      vertex -9.075222969055176 5.160140037536621 5.80250883102417
      vertex -8 5.458531856536865 5.994521141052246
      vertex -9.103981971740723 5.1177849769592285 5.9405517578125
    endloop
  endfacet
  facet normal 0.2974367382688508 -0.9283629353930042 -0.22287585539145274
    outer loop
      vertex -8 5.458531856536865 5.994521141052246
      vertex -9.075222969055176 5.160140037536621 5.80250883102417
      vertex -8 5.467002868652344 5.959236145019531
    endloop
  endfacet
  facet normal 0.2974369654682481 -0.9283620919156114 -0.2228790655649606
    outer loop
      vertex -9.08678150177002 5.187994956970215 5.6710591316223145
      vertex -8 5.467002868652344 5.959236145019531
      vertex -9.075222969055176 5.160140037536621 5.80250883102417
    endloop
  endfacet
  facet normal 0.29743696213131626 -0.928362097244614 -0.22287904782117995
    outer loop
      vertex -8 5.467002868652344 5.959236145019531
      vertex -9.08678150177002 5.187994956970215 5.6710591316223145
      vertex -9.100308418273926 5.220597743988037 5.517206192016602
    endloop
  endfacet
  facet normal 0.29743680979011483 -0.7259916763130716 -0.6200543767332147
    outer loop
      vertex -9.098564147949219 5.758126258850098 4.39893102645874
      vertex -8 6.05942964553833 4.573124885559082
      vertex -8 6.035862922668457 4.600718021392822
    endloop
  endfacet
  facet normal 0.2974367439434953 -0.725990876723247 -0.6200553445192636
    outer loop
      vertex -8 6.05942964553833 4.573124885559082
      vertex -9.098564147949219 5.758126258850098 4.39893102645874
      vertex -9.086194038391113 6.040801525115967 4.07389497756958
    endloop
  endfacet
  facet normal 0.29743652110389474 -0.36536258181308645 0.8820667206762128
    outer loop
      vertex -9.094850540161133 7.5457611083984375 9.8984956741333
      vertex -8 7.6179633140563965 9.55921459197998
      vertex -8 7.651488304138184 9.573101043701172
    endloop
  endfacet
  facet normal 0.2974365027985964 -0.36536290575753183 0.8820665926671033
    outer loop
      vertex -8 7.6179633140563965 9.55921459197998
      vertex -9.094850540161133 7.5457611083984375 9.8984956741333
      vertex -9.056943893432617 7.305482864379883 9.786187171936035
    endloop
  endfacet
  facet normal 0.29743624897138726 -0.36536158880976694 0.8820672237535152
    outer loop
      vertex -9.076637268066406 7.175956726074219 9.739176750183105
      vertex -8 7.6179633140563965 9.55921459197998
      vertex -9.056943893432617 7.305482864379883 9.786187171936035
    endloop
  endfacet
  facet normal 0.29743716408775167 -0.365364421145242 0.8820657419833502
    outer loop
      vertex -8 7.6179633140563965 9.55921459197998
      vertex -9.076637268066406 7.175956726074219 9.739176750183105
      vertex -9.080364227294922 7.15144157409668 9.730278968811035
    endloop
  endfacet
  facet normal 0.2974363383732625 0.725989465919801 0.6200571909014431
    outer loop
      vertex -8 10.934839248657227 8.784838676452637
      vertex -9.045145988464355 11.173462867736816 9.006795883178711
      vertex -9.04818344116211 11.16645622253418 9.016456604003906
    endloop
  endfacet
  facet normal 0.2974362966687704 0.7259917255831916 0.6200545651865705
    outer loop
      vertex -8 10.934839248657227 8.784838676452637
      vertex -9.048869132995605 11.258557319641113 8.90894889831543
      vertex -9.045145988464355 11.173462867736816 9.006795883178711
    endloop
  endfacet
  facet normal 0.297436483076242 0.7259928837174067 0.6200531197622671
    outer loop
      vertex -9.048869132995605 11.258557319641113 8.90894889831543
      vertex -8 10.934839248657227 8.784838676452637
      vertex -8 11.240568161010742 8.426874160766602
    endloop
  endfacet
  facet normal 0.2974380562601463 0.49884104291066605 0.8140566421300088
    outer loop
      vertex -9.040568351745605 10.617476463317871 9.452547073364258
      vertex -8 10.549281120300293 9.1141357421875
      vertex -9.038993835449219 10.63282585144043 9.44256591796875
    endloop
  endfacet
  facet normal 0.29743683503438684 0.49885306678399916 0.8140497201798707
    outer loop
      vertex -9.038993835449219 10.63282585144043 9.44256591796875
      vertex -8 10.549281120300293 9.1141357421875
      vertex -9.064229965209961 10.74476146697998 9.38319206237793
    endloop
  endfacet
  facet normal 0.29743699967695575 0.4988498810289888 0.8140516122584208
    outer loop
      vertex -8 10.549281120300293 9.1141357421875
      vertex -9.040568351745605 10.617476463317871 9.452547073364258
      vertex -8 10.147896766662598 9.360103607177734
    endloop
  endfacet
  facet normal 0.2974369448520237 0.6200553112126529 0.7259908228580264
    outer loop
      vertex -9.063773155212402 10.756766319274902 9.37275218963623
      vertex -8 10.907245635986328 8.808404922485352
      vertex -9.060264587402344 10.848973274230957 9.292562484741211
    endloop
  endfacet
  facet normal 0.2974369709468194 0.6200552577841066 0.7259908577993704
    outer loop
      vertex -8 10.907245635986328 8.808404922485352
      vertex -9.063773155212402 10.756766319274902 9.37275218963623
      vertex -8 10.549281120300293 9.1141357421875
    endloop
  endfacet
  facet normal 0.2974371310206045 0.6200412740083808 0.7260027352677783
    outer loop
      vertex -8 10.549281120300293 9.1141357421875
      vertex -9.063773155212402 10.756766319274902 9.37275218963623
      vertex -9.064229965209961 10.74476146697998 9.38319206237793
    endloop
  endfacet
  facet normal 0.2974370090604468 -0.9517982621171133 0.07490857008392786
    outer loop
      vertex -8 5.418749809265137 6.5
      vertex -9.091556549072266 5.087695598602295 6.62778902053833
      vertex -9.087878227233887 5.078787803649902 6.5
    endloop
  endfacet
  facet normal 0.2974369618784463 -0.9517983204794377 0.07490801586640129
    outer loop
      vertex -9.091556549072266 5.087695598602295 6.62778902053833
      vertex -8 5.418749809265137 6.5
      vertex -8 5.455684661865234 6.969302654266357
    endloop
  endfacet
  facet normal 0.2974367316705461 -0.8140508318899498 -0.49885131427352614
    outer loop
      vertex -9.072322845458984 5.6963887214660645 4.515324115753174
      vertex -8 6.016902923583984 4.63165807723999
      vertex -9.098426818847656 5.530938625335693 4.769749641418457
    endloop
  endfacet
  facet normal 0.29743686681545783 -0.8140520126379152 -0.49884930688451723
    outer loop
      vertex -8 6.016902923583984 4.63165807723999
      vertex -9.072322845458984 5.6963887214660645 4.515324115753174
      vertex -8 6.035862922668457 4.600718021392822
    endloop
  endfacet
  facet normal 0.2974368101686244 -0.814051694694612 -0.49884985949837046
    outer loop
      vertex -8 6.035862922668457 4.600718021392822
      vertex -9.072322845458984 5.6963887214660645 4.515324115753174
      vertex -9.098564147949219 5.758126258850098 4.39893102645874
    endloop
  endfacet
  facet normal 0.29743732528645445 0.9283614993538771 0.2228810535776009
    outer loop
      vertex -8 11.832996368408203 7.040762901306152
      vertex -9.04093074798584 12.096019744873047 7.334331512451172
      vertex -9.052288055419922 12.068647384643555 7.463501453399658
    endloop
  endfacet
  facet normal 0.2974367447410742 0.9283623659583169 0.22287821865339189
    outer loop
      vertex -9.04093074798584 12.096019744873047 7.334331512451172
      vertex -8 11.832996368408203 7.040762901306152
      vertex -9.028090476989746 12.126965522766113 7.188296318054199
    endloop
  endfacet
  facet normal 0.297437392827769 0.9283598892577816 0.22288766983639757
    outer loop
      vertex -8 11.84146785736084 7.0054779052734375
      vertex -9.028090476989746 12.126965522766113 7.188296318054199
      vertex -8 11.832996368408203 7.040762901306152
    endloop
  endfacet
  facet normal 0.2974369975107868 0.9283609457553035 0.22288379687201715
    outer loop
      vertex -9.028090476989746 12.126965522766113 7.188296318054199
      vertex -8 11.84146785736084 7.0054779052734375
      vertex -9.055428504943848 12.167228698730469 7.057073593139648
    endloop
  endfacet
  facet normal 0.29743648847642595 -0.7259914539642972 0.620054791202857
    outer loop
      vertex -9.098563194274902 5.758126735687256 8.601067543029785
      vertex -8 6.05942964553833 8.426874160766602
      vertex -9.086193084716797 6.040801525115967 8.926103591918945
    endloop
  endfacet
  facet normal 0.2974360851419894 -0.7259865562776825 0.6200607190908634
    outer loop
      vertex -8 6.05942964553833 8.426874160766602
      vertex -9.098563194274902 5.758126735687256 8.601067543029785
      vertex -8 6.035862922668457 8.39928150177002
    endloop
  endfacet
  facet normal 0.2974369094462318 -0.4988505811390909 -0.8140512161997335
    outer loop
      vertex -9.099272727966309 7.0270867347717285 3.314854145050049
      vertex -8 7.152102947235107 3.639894962310791
      vertex -9.064321517944336 6.686435699462891 3.5363755226135254
    endloop
  endfacet
  facet normal 0.2974354892100353 -0.49884668957717776 -0.8140541198570754
    outer loop
      vertex -9.064321517944336 6.686435699462891 3.5363755226135254
      vertex -8 7.152102947235107 3.639894962310791
      vertex -9.067994117736816 6.670146465301514 3.545015573501587
    endloop
  endfacet
  facet normal 0.29743698824150167 -0.49884928711916654 -0.8140519803836387
    outer loop
      vertex -8 7.152102947235107 3.639894962310791
      vertex -9.099272727966309 7.0270867347717285 3.314854145050049
      vertex -8 7.183043003082275 3.6209349632263184
    endloop
  endfacet
  facet normal 0.29743715217821626 -0.0749108814131791 0.9517980354833757
    outer loop
      vertex -9.069897651672363 8.515434265136719 10.055002212524414
      vertex -8 8.649999618530273 9.731249809265137
      vertex -9.066023826599121 8.649999618530273 10.064382553100586
    endloop
  endfacet
  facet normal 0.29743687839691396 -0.07490794226488318 0.9517983523599631
    outer loop
      vertex -8 8.649999618530273 9.731249809265137
      vertex -9.069897651672363 8.515434265136719 10.055002212524414
      vertex -8 8.180696487426758 9.694314956665039
    endloop
  endfacet
  facet normal 0.2974364994241285 0.3653647210914999 0.8820658418689905
    outer loop
      vertex -8 10.116955757141113 9.379064559936523
      vertex -9.05626392364502 10.138150215148926 9.726462364196777
      vertex -8 9.682036399841309 9.55921459197998
    endloop
  endfacet
  facet normal 0.29743694972866885 0.3653604147925261 0.8820674737449162
    outer loop
      vertex -9.05626392364502 10.138150215148926 9.726462364196777
      vertex -8 10.116955757141113 9.379064559936523
      vertex -9.076255798339844 10.269646644592285 9.678736686706543
    endloop
  endfacet
  facet normal 0.2974371140350474 -0.8140497484708181 0.49885285426576464
    outer loop
      vertex -8 5.770934581756592 7.966956615447998
      vertex -9.09842586517334 5.530939102172852 8.230249404907227
      vertex -9.109292984008789 5.462063312530518 8.124334335327148
    endloop
  endfacet
  facet normal 0.2974368517324039 -0.8140514847367928 0.49885017733718323
    outer loop
      vertex -9.09842586517334 5.530939102172852 8.230249404907227
      vertex -8 5.770934581756592 7.966956615447998
      vertex -8 6.016902923583984 8.368341445922852
    endloop
  endfacet
  facet normal 0.29743721751111296 -0.8820657961953885 0.3653642467749715
    outer loop
      vertex -8 5.576898097991943 7.498510360717773
      vertex -9.092777252197266 5.301026344299316 7.722110748291016
      vertex -9.111124038696289 5.246665954589844 7.605809211730957
    endloop
  endfacet
  facet normal 0.2974370841361614 -0.8820664403660111 0.3653628001871728
    outer loop
      vertex -9.092777252197266 5.301026344299316 7.722110748291016
      vertex -8 5.576898097991943 7.498510360717773
      vertex -8 5.757047653198242 7.933431148529053
    endloop
  endfacet
  facet normal 0.29743603001979546 0.3653598503008257 0.8820680176915053
    outer loop
      vertex -9.058932304382324 9.890708923339844 9.829855918884277
      vertex -8 9.682036399841309 9.55921459197998
      vertex -9.038415908813477 10.020759582519531 9.76906967163086
    endloop
  endfacet
  facet normal 0.29743833299914535 0.36536999501499995 0.8820630390201307
    outer loop
      vertex -9.038415908813477 10.020759582519531 9.76906967163086
      vertex -8 9.682036399841309 9.55921459197998
      vertex -9.05626392364502 10.138150215148926 9.726462364196777
    endloop
  endfacet
  facet normal 0.2974366626786657 0.36536738561827525 0.8820646831276289
    outer loop
      vertex -9.08067798614502 9.752869606018066 9.89428424835205
      vertex -8 9.682036399841309 9.55921459197998
      vertex -9.058932304382324 9.890708923339844 9.829855918884277
    endloop
  endfacet
  facet normal 0.2974371932504512 0.36535806608630084 0.8820683644803118
    outer loop
      vertex -8 9.682036399841309 9.55921459197998
      vertex -9.08067798614502 9.752869606018066 9.89428424835205
      vertex -8 9.648510932922363 9.573101043701172
    endloop
  endfacet
  facet normal 0.2974372436070271 0.22288768068913367 0.9283599344610218
    outer loop
      vertex -9.08067798614502 9.752869606018066 9.89428424835205
      vertex -8 9.613225936889648 9.581572532653809
      vertex -8 9.648510932922363 9.573101043701172
    endloop
  endfacet
  facet normal 0.29743683730826276 0.22288024985781738 0.9283618486535167
    outer loop
      vertex -8 9.613225936889648 9.581572532653809
      vertex -9.08067798614502 9.752869606018066 9.89428424835205
      vertex -9.046000480651855 9.3584566116333 9.977864265441895
    endloop
  endfacet
  facet normal 0.29743450868533056 0.2228880558089692 0.9283607206365497
    outer loop
      vertex -8 9.613225936889648 9.581572532653809
      vertex -9.046000480651855 9.3584566116333 9.977864265441895
      vertex -9.048927307128906 9.34440803527832 9.98217487335205
    endloop
  endfacet
  facet normal 0.2974372073955748 -0.9283621376249162 0.2228785523131782
    outer loop
      vertex -9.100308418273926 5.220597743988037 7.482792854309082
      vertex -8 5.576898097991943 7.498510360717773
      vertex -9.111124038696289 5.246665954589844 7.605809211730957
    endloop
  endfacet
  facet normal 0.2974371244091676 -0.9283619252574289 0.22287954763846204
    outer loop
      vertex -8 5.576898097991943 7.498510360717773
      vertex -9.100308418273926 5.220597743988037 7.482792854309082
      vertex -8 5.467002868652344 7.040762901306152
    endloop
  endfacet
  facet normal 0.29743705024322337 -0.9517979928533651 0.07491182779051529
    outer loop
      vertex -9.103981971740723 5.1177849769592285 7.059447288513184
      vertex -8 5.455684661865234 6.969302654266357
      vertex -8 5.458531856536865 7.0054779052734375
    endloop
  endfacet
  facet normal 0.2974368974444909 -0.9517982694949336 0.07490891952928622
    outer loop
      vertex -9.091699600219727 5.08804178237915 6.632759094238281
      vertex -8 5.455684661865234 6.969302654266357
      vertex -9.103981971740723 5.1177849769592285 7.059447288513184
    endloop
  endfacet
  facet normal 0.2974524441986622 -0.9517974492298382 0.07485759199850918
    outer loop
      vertex -8 5.455684661865234 6.969302654266357
      vertex -9.091699600219727 5.08804178237915 6.632759094238281
      vertex -9.091556549072266 5.087695598602295 6.62778902053833
    endloop
  endfacet
  facet normal -1 0 0
    outer loop
      vertex 8 11.844314575195312 6.030696868896484
      vertex 8 11.844314575195312 6.969302654266357
      vertex 8 11.88124942779541 6.5
    endloop
  endfacet
  facet normal -1 0 0
    outer loop
      vertex 8 11.832996368408203 5.959236145019531
      vertex 8 11.844314575195312 6.030696868896484
      vertex 8 11.84146785736084 5.994521141052246
    endloop
  endfacet
  facet normal -1 0 0
    outer loop
      vertex 8 11.844314575195312 6.030696868896484
      vertex 8 11.832996368408203 5.959236145019531
      vertex 8 11.844314575195312 6.969302654266357
    endloop
  endfacet
  facet normal -1 0 0
    outer loop
      vertex 8 11.832996368408203 7.040762901306152
      vertex 8 11.844314575195312 6.969302654266357
      vertex 8 11.832996368408203 5.959236145019531
    endloop
  endfacet
  facet normal -1 0 0
    outer loop
      vertex 8 11.844314575195312 6.969302654266357
      vertex 8 11.832996368408203 7.040762901306152
      vertex 8 11.84146785736084 7.0054779052734375
    endloop
  endfacet
  facet normal -1 0 0
    outer loop
      vertex 8 11.542951583862305 5.066567897796631
      vertex 8 11.832996368408203 5.959236145019531
      vertex 8 11.723100662231445 5.50148868560791
    endloop
  endfacet
  facet normal -1 0 0
    outer loop
      vertex 8 11.832996368408203 5.959236145019531
      vertex 8 11.542951583862305 5.066567897796631
      vertex 8 11.832996368408203 7.040762901306152
    endloop
  endfacet
  facet normal -1 0 0
    outer loop
      vertex 8 11.542951583862305 7.933431148529053
      vertex 8 11.832996368408203 7.040762901306152
      vertex 8 11.542951583862305 5.066567897796631
    endloop
  endfacet
  facet normal -1 0 0
    outer loop
      vertex 8 11.832996368408203 7.040762901306152
      vertex 8 11.542951583862305 7.933431148529053
      vertex 8 11.723100662231445 7.498510360717773
    endloop
  endfacet
  facet normal -1 0 0
    outer loop
      vertex 8 11.283095359802246 4.63165807723999
      vertex 8 11.542951583862305 5.066567897796631
      vertex 8 11.529065132141113 5.0330424308776855
    endloop
  endfacet
  facet normal -1 0 0
    outer loop
      vertex 8 11.542951583862305 5.066567897796631
      vertex 8 11.283095359802246 4.63165807723999
      vertex 8 11.542951583862305 7.933431148529053
    endloop
  endfacet
  facet normal -1 0 0
    outer loop
      vertex 8 11.283095359802246 8.368341445922852
      vertex 8 11.542951583862305 7.933431148529053
      vertex 8 11.283095359802246 4.63165807723999
    endloop
  endfacet
  facet normal -1 0 0
    outer loop
      vertex 8 11.542951583862305 7.933431148529053
      vertex 8 11.283095359802246 8.368341445922852
      vertex 8 11.529065132141113 7.966956615447998
    endloop
  endfacet
  facet normal -1 0 0
    outer loop
      vertex 8 11.240568161010742 4.573124885559082
      vertex 8 11.283095359802246 4.63165807723999
      vertex 8 11.264135360717773 4.600718021392822
    endloop
  endfacet
  facet normal -1 0 0
    outer loop
      vertex 8 11.283095359802246 4.63165807723999
      vertex 8 11.240568161010742 4.573124885559082
      vertex 8 11.283095359802246 8.368341445922852
    endloop
  endfacet
  facet normal -1 0 0
    outer loop
      vertex 8 11.240568161010742 8.426874160766602
      vertex 8 11.283095359802246 8.368341445922852
      vertex 8 11.240568161010742 4.573124885559082
    endloop
  endfacet
  facet normal -1 0 0
    outer loop
      vertex 8 11.283095359802246 8.368341445922852
      vertex 8 11.240568161010742 8.426874160766602
      vertex 8 11.264135360717773 8.39928150177002
    endloop
  endfacet
  facet normal -1 0 0
    outer loop
      vertex 8 10.907245635986328 4.191594123840332
      vertex 8 11.240568161010742 4.573124885559082
      vertex 8 10.934839248657227 4.215160846710205
    endloop
  endfacet
  facet normal -1 0 0
    outer loop
      vertex 8 11.240568161010742 4.573124885559082
      vertex 8 10.907245635986328 4.191594123840332
      vertex 8 11.240568161010742 8.426874160766602
    endloop
  endfacet
  facet normal -1 0 0
    outer loop
      vertex 8 10.907245635986328 8.808404922485352
      vertex 8 11.240568161010742 8.426874160766602
      vertex 8 10.907245635986328 4.191594123840332
    endloop
  endfacet
  facet normal -1 0 0
    outer loop
      vertex 8 11.240568161010742 8.426874160766602
      vertex 8 10.907245635986328 8.808404922485352
      vertex 8 10.934839248657227 8.784838676452637
    endloop
  endfacet
  facet normal -1 0 0
    outer loop
      vertex 8 10.147896766662598 3.639894962310791
      vertex 8 10.907245635986328 4.191594123840332
      vertex 8 10.549281120300293 3.8858633041381836
    endloop
  endfacet
  facet normal -1 0 0
    outer loop
      vertex 8 10.907245635986328 4.191594123840332
      vertex 8 10.147896766662598 3.639894962310791
      vertex 8 10.907245635986328 8.808404922485352
    endloop
  endfacet
  facet normal -1 0 0
    outer loop
      vertex 8 10.147896766662598 9.360103607177734
      vertex 8 10.907245635986328 8.808404922485352
      vertex 8 10.147896766662598 3.639894962310791
    endloop
  endfacet
  facet normal -1 0 0
    outer loop
      vertex 8 10.907245635986328 8.808404922485352
      vertex 8 10.147896766662598 9.360103607177734
      vertex 8 10.549281120300293 9.1141357421875
    endloop
  endfacet
  facet normal -1 0 0
    outer loop
      vertex 8 9.682036399841309 3.440784454345703
      vertex 8 10.147896766662598 3.639894962310791
      vertex 8 10.116955757141113 3.6209349632263184
    endloop
  endfacet
  facet normal -1 0 0
    outer loop
      vertex 8 10.147896766662598 3.639894962310791
      vertex 8 9.682036399841309 3.440784454345703
      vertex 8 10.147896766662598 9.360103607177734
    endloop
  endfacet
  facet normal -1 0 0
    outer loop
      vertex 8 9.682036399841309 9.55921459197998
      vertex 8 10.147896766662598 9.360103607177734
      vertex 8 9.682036399841309 3.440784454345703
    endloop
  endfacet
  facet normal -1 0 0
    outer loop
      vertex 8 10.147896766662598 9.360103607177734
      vertex 8 9.682036399841309 9.55921459197998
      vertex 8 10.116955757141113 9.379064559936523
    endloop
  endfacet
  facet normal -1 0 0
    outer loop
      vertex 8 9.613225936889648 3.418426513671875
      vertex 8 9.682036399841309 3.440784454345703
      vertex 8 9.648510932922363 3.4268977642059326
    endloop
  endfacet
  facet normal -1 0 0
    outer loop
      vertex 8 9.682036399841309 3.440784454345703
      vertex 8 9.613225936889648 3.418426513671875
      vertex 8 9.682036399841309 9.55921459197998
    endloop
  endfacet
  facet normal -1 0 0
    outer loop
      vertex 8 9.613225936889648 9.581572532653809
      vertex 8 9.682036399841309 9.55921459197998
      vertex 8 9.613225936889648 3.418426513671875
    endloop
  endfacet
  facet normal -1 0 0
    outer loop
      vertex 8 9.682036399841309 9.55921459197998
      vertex 8 9.613225936889648 9.581572532653809
      vertex 8 9.648510932922363 9.573101043701172
    endloop
  endfacet
  facet normal -1 0 0
    outer loop
      vertex 8 9.119302749633789 3.3056840896606445
      vertex 8 9.613225936889648 3.418426513671875
      vertex 8 9.155478477478027 3.3085310459136963
    endloop
  endfacet
  facet normal -1 0 0
    outer loop
      vertex 8 9.613225936889648 3.418426513671875
      vertex 8 9.119302749633789 3.3056840896606445
      vertex 8 9.613225936889648 9.581572532653809
    endloop
  endfacet
  facet normal -1 0 0
    outer loop
      vertex 8 9.119302749633789 9.694314956665039
      vertex 8 9.613225936889648 9.581572532653809
      vertex 8 9.119302749633789 3.3056840896606445
    endloop
  endfacet
  facet normal -1 0 0
    outer loop
      vertex 8 9.613225936889648 9.581572532653809
      vertex 8 9.119302749633789 9.694314956665039
      vertex 8 9.155478477478027 9.691468238830566
    endloop
  endfacet
  facet normal -1 0 0
    outer loop
      vertex 8 8.180696487426758 3.3056840896606445
      vertex 8 9.119302749633789 3.3056840896606445
      vertex 8 8.649999618530273 3.268749237060547
    endloop
  endfacet
  facet normal -1 0 0
    outer loop
      vertex 8 9.119302749633789 3.3056840896606445
      vertex 8 8.180696487426758 3.3056840896606445
      vertex 8 9.119302749633789 9.694314956665039
    endloop
  endfacet
  facet normal -1 0 0
    outer loop
      vertex 8 8.180696487426758 9.694314956665039
      vertex 8 9.119302749633789 9.694314956665039
      vertex 8 8.180696487426758 3.3056840896606445
    endloop
  endfacet
  facet normal -1 0 0
    outer loop
      vertex 8 9.119302749633789 9.694314956665039
      vertex 8 8.180696487426758 9.694314956665039
      vertex 8 8.649999618530273 9.731249809265137
    endloop
  endfacet
  facet normal -1 0 0
    outer loop
      vertex 8 7.686773300170898 3.418426513671875
      vertex 8 8.180696487426758 3.3056840896606445
      vertex 8 8.14452075958252 3.3085310459136963
    endloop
  endfacet
  facet normal -1 0 0
    outer loop
      vertex 8 8.180696487426758 3.3056840896606445
      vertex 8 7.686773300170898 3.418426513671875
      vertex 8 8.180696487426758 9.694314956665039
    endloop
  endfacet
  facet normal -1 0 0
    outer loop
      vertex 8 7.686773300170898 9.581572532653809
      vertex 8 8.180696487426758 9.694314956665039
      vertex 8 7.686773300170898 3.418426513671875
    endloop
  endfacet
  facet normal -1 0 0
    outer loop
      vertex 8 8.180696487426758 9.694314956665039
      vertex 8 7.686773300170898 9.581572532653809
      vertex 8 8.14452075958252 9.691468238830566
    endloop
  endfacet
  facet normal -1 0 0
    outer loop
      vertex 8 7.6179633140563965 3.440784454345703
      vertex 8 7.686773300170898 3.418426513671875
      vertex 8 7.651488304138184 3.4268977642059326
    endloop
  endfacet
  facet normal -1 0 0
    outer loop
      vertex 8 7.686773300170898 3.418426513671875
      vertex 8 7.6179633140563965 3.440784454345703
      vertex 8 7.686773300170898 9.581572532653809
    endloop
  endfacet
  facet normal -1 0 0
    outer loop
      vertex 8 7.6179633140563965 9.55921459197998
      vertex 8 7.686773300170898 9.581572532653809
      vertex 8 7.6179633140563965 3.440784454345703
    endloop
  endfacet
  facet normal -1 0 0
    outer loop
      vertex 8 7.686773300170898 9.581572532653809
      vertex 8 7.6179633140563965 9.55921459197998
      vertex 8 7.651488304138184 9.573101043701172
    endloop
  endfacet
  facet normal -1 0 0
    outer loop
      vertex 8 7.152102947235107 3.639894962310791
      vertex 8 7.6179633140563965 3.440784454345703
      vertex 8 7.183043003082275 3.6209349632263184
    endloop
  endfacet
  facet normal -1 0 0
    outer loop
      vertex 8 7.6179633140563965 3.440784454345703
      vertex 8 7.152102947235107 3.639894962310791
      vertex 8 7.6179633140563965 9.55921459197998
    endloop
  endfacet
  facet normal -1 0 0
    outer loop
      vertex 8 7.152102947235107 9.360103607177734
      vertex 8 7.6179633140563965 9.55921459197998
      vertex 8 7.152102947235107 3.639894962310791
    endloop
  endfacet
  facet normal -1 0 0
    outer loop
      vertex 8 7.6179633140563965 9.55921459197998
      vertex 8 7.152102947235107 9.360103607177734
      vertex 8 7.183043003082275 9.379064559936523
    endloop
  endfacet
  facet normal -1 0 0
    outer loop
      vertex 8 6.392753601074219 4.191594123840332
      vertex 8 7.152102947235107 3.639894962310791
      vertex 8 6.750718593597412 3.8858633041381836
    endloop
  endfacet
  facet normal -1 0 0
    outer loop
      vertex 8 7.152102947235107 3.639894962310791
      vertex 8 6.392753601074219 4.191594123840332
      vertex 8 7.152102947235107 9.360103607177734
    endloop
  endfacet
  facet normal -1 0 0
    outer loop
      vertex 8 6.392753601074219 8.808404922485352
      vertex 8 7.152102947235107 9.360103607177734
      vertex 8 6.392753601074219 4.191594123840332
    endloop
  endfacet
  facet normal -1 0 0
    outer loop
      vertex 8 7.152102947235107 9.360103607177734
      vertex 8 6.392753601074219 8.808404922485352
      vertex 8 6.750718593597412 9.1141357421875
    endloop
  endfacet
  facet normal -1 0 0
    outer loop
      vertex 8 6.05942964553833 4.573124885559082
      vertex 8 6.392753601074219 4.191594123840332
      vertex 8 6.3651604652404785 4.215160846710205
    endloop
  endfacet
  facet normal -1 0 0
    outer loop
      vertex 8 6.392753601074219 4.191594123840332
      vertex 8 6.05942964553833 4.573124885559082
      vertex 8 6.392753601074219 8.808404922485352
    endloop
  endfacet
  facet normal -1 0 0
    outer loop
      vertex 8 6.05942964553833 8.426874160766602
      vertex 8 6.392753601074219 8.808404922485352
      vertex 8 6.05942964553833 4.573124885559082
    endloop
  endfacet
  facet normal -1 0 0
    outer loop
      vertex 8 6.392753601074219 8.808404922485352
      vertex 8 6.05942964553833 8.426874160766602
      vertex 8 6.3651604652404785 8.784838676452637
    endloop
  endfacet
  facet normal -1 0 0
    outer loop
      vertex 8 6.016902923583984 4.63165807723999
      vertex 8 6.05942964553833 4.573124885559082
      vertex 8 6.035862922668457 4.600718021392822
    endloop
  endfacet
  facet normal -1 0 0
    outer loop
      vertex 8 6.05942964553833 4.573124885559082
      vertex 8 6.016902923583984 4.63165807723999
      vertex 8 6.05942964553833 8.426874160766602
    endloop
  endfacet
  facet normal -1 0 0
    outer loop
      vertex 8 6.016902923583984 8.368341445922852
      vertex 8 6.05942964553833 8.426874160766602
      vertex 8 6.016902923583984 4.63165807723999
    endloop
  endfacet
  facet normal -1 0 0
    outer loop
      vertex 8 6.05942964553833 8.426874160766602
      vertex 8 6.016902923583984 8.368341445922852
      vertex 8 6.035862922668457 8.39928150177002
    endloop
  endfacet
  facet normal -1 0 0
    outer loop
      vertex 8 5.757047653198242 5.066567897796631
      vertex 8 6.016902923583984 4.63165807723999
      vertex 8 5.770934581756592 5.0330424308776855
    endloop
  endfacet
  facet normal -1 0 0
    outer loop
      vertex 8 6.016902923583984 4.63165807723999
      vertex 8 5.757047653198242 5.066567897796631
      vertex 8 6.016902923583984 8.368341445922852
    endloop
  endfacet
  facet normal -1 0 0
    outer loop
      vertex 8 5.757047653198242 7.933431148529053
      vertex 8 6.016902923583984 8.368341445922852
      vertex 8 5.757047653198242 5.066567897796631
    endloop
  endfacet
  facet normal -1 0 0
    outer loop
      vertex 8 6.016902923583984 8.368341445922852
      vertex 8 5.757047653198242 7.933431148529053
      vertex 8 5.770934581756592 7.966956615447998
    endloop
  endfacet
  facet normal -1 0 0
    outer loop
      vertex 8 5.467002868652344 5.959236145019531
      vertex 8 5.757047653198242 5.066567897796631
      vertex 8 5.576898097991943 5.50148868560791
    endloop
  endfacet
  facet normal -1 0 0
    outer loop
      vertex 8 5.757047653198242 5.066567897796631
      vertex 8 5.467002868652344 5.959236145019531
      vertex 8 5.757047653198242 7.933431148529053
    endloop
  endfacet
  facet normal -1 0 0
    outer loop
      vertex 8 5.467002868652344 7.040762901306152
      vertex 8 5.757047653198242 7.933431148529053
      vertex 8 5.467002868652344 5.959236145019531
    endloop
  endfacet
  facet normal -1 0 0
    outer loop
      vertex 8 5.757047653198242 7.933431148529053
      vertex 8 5.467002868652344 7.040762901306152
      vertex 8 5.576898097991943 7.498510360717773
    endloop
  endfacet
  facet normal -1 0 0
    outer loop
      vertex 8 5.455684661865234 6.030696868896484
      vertex 8 5.467002868652344 5.959236145019531
      vertex 8 5.458531856536865 5.994521141052246
    endloop
  endfacet
  facet normal -1 0 0
    outer loop
      vertex 8 5.467002868652344 5.959236145019531
      vertex 8 5.455684661865234 6.030696868896484
      vertex 8 5.467002868652344 7.040762901306152
    endloop
  endfacet
  facet normal -1 0 0
    outer loop
      vertex 8 5.455684661865234 6.969302654266357
      vertex 8 5.467002868652344 7.040762901306152
      vertex 8 5.455684661865234 6.030696868896484
    endloop
  endfacet
  facet normal -1 0 0
    outer loop
      vertex 8 5.467002868652344 7.040762901306152
      vertex 8 5.455684661865234 6.969302654266357
      vertex 8 5.458531856536865 7.0054779052734375
    endloop
  endfacet
  facet normal -1 0 0
    outer loop
      vertex 8 5.455684661865234 6.969302654266357
      vertex 8 5.455684661865234 6.030696868896484
      vertex 8 5.418749809265137 6.5
    endloop
  endfacet
  facet normal 1 0 0
    outer loop
      vertex -8 11.844314575195312 6.969302654266357
      vertex -8 11.844314575195312 6.030696868896484
      vertex -8 11.88124942779541 6.5
    endloop
  endfacet
  facet normal 1 0 0
    outer loop
      vertex -8 11.832996368408203 7.040762901306152
      vertex -8 11.844314575195312 6.969302654266357
      vertex -8 11.84146785736084 7.0054779052734375
    endloop
  endfacet
  facet normal 1 0 0
    outer loop
      vertex -8 11.844314575195312 6.969302654266357
      vertex -8 11.832996368408203 7.040762901306152
      vertex -8 11.844314575195312 6.030696868896484
    endloop
  endfacet
  facet normal 1 0 0
    outer loop
      vertex -8 11.832996368408203 5.959236145019531
      vertex -8 11.844314575195312 6.030696868896484
      vertex -8 11.832996368408203 7.040762901306152
    endloop
  endfacet
  facet normal 1 0 0
    outer loop
      vertex -8 11.844314575195312 6.030696868896484
      vertex -8 11.832996368408203 5.959236145019531
      vertex -8 11.84146785736084 5.994521141052246
    endloop
  endfacet
  facet normal 1 0 0
    outer loop
      vertex -8 11.542951583862305 7.933431148529053
      vertex -8 11.832996368408203 7.040762901306152
      vertex -8 11.723100662231445 7.498510360717773
    endloop
  endfacet
  facet normal 1 0 0
    outer loop
      vertex -8 11.832996368408203 7.040762901306152
      vertex -8 11.542951583862305 7.933431148529053
      vertex -8 11.832996368408203 5.959236145019531
    endloop
  endfacet
  facet normal 1 0 0
    outer loop
      vertex -8 11.542951583862305 5.066567897796631
      vertex -8 11.832996368408203 5.959236145019531
      vertex -8 11.542951583862305 7.933431148529053
    endloop
  endfacet
  facet normal 1 0 0
    outer loop
      vertex -8 11.832996368408203 5.959236145019531
      vertex -8 11.542951583862305 5.066567897796631
      vertex -8 11.723100662231445 5.50148868560791
    endloop
  endfacet
  facet normal 1 0 0
    outer loop
      vertex -8 11.283095359802246 8.368341445922852
      vertex -8 11.542951583862305 7.933431148529053
      vertex -8 11.529065132141113 7.966956615447998
    endloop
  endfacet
  facet normal 1 0 0
    outer loop
      vertex -8 11.542951583862305 7.933431148529053
      vertex -8 11.283095359802246 8.368341445922852
      vertex -8 11.542951583862305 5.066567897796631
    endloop
  endfacet
  facet normal 1 0 0
    outer loop
      vertex -8 11.283095359802246 4.63165807723999
      vertex -8 11.542951583862305 5.066567897796631
      vertex -8 11.283095359802246 8.368341445922852
    endloop
  endfacet
  facet normal 1 0 0
    outer loop
      vertex -8 11.542951583862305 5.066567897796631
      vertex -8 11.283095359802246 4.63165807723999
      vertex -8 11.529065132141113 5.0330424308776855
    endloop
  endfacet
  facet normal 1 0 0
    outer loop
      vertex -8 11.240568161010742 8.426874160766602
      vertex -8 11.283095359802246 8.368341445922852
      vertex -8 11.264135360717773 8.39928150177002
    endloop
  endfacet
  facet normal 1 0 0
    outer loop
      vertex -8 11.283095359802246 8.368341445922852
      vertex -8 11.240568161010742 8.426874160766602
      vertex -8 11.283095359802246 4.63165807723999
    endloop
  endfacet
  facet normal 1 0 0
    outer loop
      vertex -8 11.240568161010742 4.573124885559082
      vertex -8 11.283095359802246 4.63165807723999
      vertex -8 11.240568161010742 8.426874160766602
    endloop
  endfacet
  facet normal 1 0 0
    outer loop
      vertex -8 11.283095359802246 4.63165807723999
      vertex -8 11.240568161010742 4.573124885559082
      vertex -8 11.264135360717773 4.600718021392822
    endloop
  endfacet
  facet normal 1 0 0
    outer loop
      vertex -8 10.907245635986328 8.808404922485352
      vertex -8 11.240568161010742 8.426874160766602
      vertex -8 10.934839248657227 8.784838676452637
    endloop
  endfacet
  facet normal 1 0 0
    outer loop
      vertex -8 11.240568161010742 8.426874160766602
      vertex -8 10.907245635986328 8.808404922485352
      vertex -8 11.240568161010742 4.573124885559082
    endloop
  endfacet
  facet normal 1 0 0
    outer loop
      vertex -8 10.907245635986328 4.191594123840332
      vertex -8 11.240568161010742 4.573124885559082
      vertex -8 10.907245635986328 8.808404922485352
    endloop
  endfacet
  facet normal 1 0 0
    outer loop
      vertex -8 11.240568161010742 4.573124885559082
      vertex -8 10.907245635986328 4.191594123840332
      vertex -8 10.934839248657227 4.215160846710205
    endloop
  endfacet
  facet normal 1 0 0
    outer loop
      vertex -8 10.147896766662598 9.360103607177734
      vertex -8 10.907245635986328 8.808404922485352
      vertex -8 10.549281120300293 9.1141357421875
    endloop
  endfacet
  facet normal 1 0 0
    outer loop
      vertex -8 10.907245635986328 8.808404922485352
      vertex -8 10.147896766662598 9.360103607177734
      vertex -8 10.907245635986328 4.191594123840332
    endloop
  endfacet
  facet normal 1 0 0
    outer loop
      vertex -8 10.147896766662598 3.639894962310791
      vertex -8 10.907245635986328 4.191594123840332
      vertex -8 10.147896766662598 9.360103607177734
    endloop
  endfacet
  facet normal 1 0 0
    outer loop
      vertex -8 10.907245635986328 4.191594123840332
      vertex -8 10.147896766662598 3.639894962310791
      vertex -8 10.549281120300293 3.8858633041381836
    endloop
  endfacet
  facet normal 1 0 0
    outer loop
      vertex -8 9.682036399841309 9.55921459197998
      vertex -8 10.147896766662598 9.360103607177734
      vertex -8 10.116955757141113 9.379064559936523
    endloop
  endfacet
  facet normal 1 0 0
    outer loop
      vertex -8 10.147896766662598 9.360103607177734
      vertex -8 9.682036399841309 9.55921459197998
      vertex -8 10.147896766662598 3.639894962310791
    endloop
  endfacet
  facet normal 1 0 0
    outer loop
      vertex -8 9.682036399841309 3.440784454345703
      vertex -8 10.147896766662598 3.639894962310791
      vertex -8 9.682036399841309 9.55921459197998
    endloop
  endfacet
  facet normal 1 0 0
    outer loop
      vertex -8 10.147896766662598 3.639894962310791
      vertex -8 9.682036399841309 3.440784454345703
      vertex -8 10.116955757141113 3.6209349632263184
    endloop
  endfacet
  facet normal 1 0 0
    outer loop
      vertex -8 9.613225936889648 9.581572532653809
      vertex -8 9.682036399841309 9.55921459197998
      vertex -8 9.648510932922363 9.573101043701172
    endloop
  endfacet
  facet normal 1 0 0
    outer loop
      vertex -8 9.682036399841309 9.55921459197998
      vertex -8 9.613225936889648 9.581572532653809
      vertex -8 9.682036399841309 3.440784454345703
    endloop
  endfacet
  facet normal 1 0 0
    outer loop
      vertex -8 9.613225936889648 3.418426513671875
      vertex -8 9.682036399841309 3.440784454345703
      vertex -8 9.613225936889648 9.581572532653809
    endloop
  endfacet
  facet normal 1 0 0
    outer loop
      vertex -8 9.682036399841309 3.440784454345703
      vertex -8 9.613225936889648 3.418426513671875
      vertex -8 9.648510932922363 3.4268977642059326
    endloop
  endfacet
  facet normal 1 0 0
    outer loop
      vertex -8 9.119302749633789 9.694314956665039
      vertex -8 9.613225936889648 9.581572532653809
      vertex -8 9.155478477478027 9.691468238830566
    endloop
  endfacet
  facet normal 1 0 0
    outer loop
      vertex -8 9.613225936889648 9.581572532653809
      vertex -8 9.119302749633789 9.694314956665039
      vertex -8 9.613225936889648 3.418426513671875
    endloop
  endfacet
  facet normal 1 0 0
    outer loop
      vertex -8 9.119302749633789 3.3056840896606445
      vertex -8 9.613225936889648 3.418426513671875
      vertex -8 9.119302749633789 9.694314956665039
    endloop
  endfacet
  facet normal 1 0 0
    outer loop
      vertex -8 9.613225936889648 3.418426513671875
      vertex -8 9.119302749633789 3.3056840896606445
      vertex -8 9.155478477478027 3.3085310459136963
    endloop
  endfacet
  facet normal 1 0 0
    outer loop
      vertex -8 8.180696487426758 9.694314956665039
      vertex -8 9.119302749633789 9.694314956665039
      vertex -8 8.649999618530273 9.731249809265137
    endloop
  endfacet
  facet normal 1 0 0
    outer loop
      vertex -8 9.119302749633789 9.694314956665039
      vertex -8 8.180696487426758 9.694314956665039
      vertex -8 9.119302749633789 3.3056840896606445
    endloop
  endfacet
  facet normal 1 0 0
    outer loop
      vertex -8 8.180696487426758 3.3056840896606445
      vertex -8 9.119302749633789 3.3056840896606445
      vertex -8 8.180696487426758 9.694314956665039
    endloop
  endfacet
  facet normal 1 0 0
    outer loop
      vertex -8 9.119302749633789 3.3056840896606445
      vertex -8 8.180696487426758 3.3056840896606445
      vertex -8 8.649999618530273 3.268749237060547
    endloop
  endfacet
  facet normal 1 0 0
    outer loop
      vertex -8 7.686773300170898 9.581572532653809
      vertex -8 8.180696487426758 9.694314956665039
      vertex -8 8.14452075958252 9.691468238830566
    endloop
  endfacet
  facet normal 1 0 0
    outer loop
      vertex -8 8.180696487426758 9.694314956665039
      vertex -8 7.686773300170898 9.581572532653809
      vertex -8 8.180696487426758 3.3056840896606445
    endloop
  endfacet
  facet normal 1 0 0
    outer loop
      vertex -8 7.686773300170898 3.418426513671875
      vertex -8 8.180696487426758 3.3056840896606445
      vertex -8 7.686773300170898 9.581572532653809
    endloop
  endfacet
  facet normal 1 0 0
    outer loop
      vertex -8 8.180696487426758 3.3056840896606445
      vertex -8 7.686773300170898 3.418426513671875
      vertex -8 8.14452075958252 3.3085310459136963
    endloop
  endfacet
  facet normal 1 0 0
    outer loop
      vertex -8 7.6179633140563965 9.55921459197998
      vertex -8 7.686773300170898 9.581572532653809
      vertex -8 7.651488304138184 9.573101043701172
    endloop
  endfacet
  facet normal 1 0 0
    outer loop
      vertex -8 7.686773300170898 9.581572532653809
      vertex -8 7.6179633140563965 9.55921459197998
      vertex -8 7.686773300170898 3.418426513671875
    endloop
  endfacet
  facet normal 1 0 0
    outer loop
      vertex -8 7.6179633140563965 3.440784454345703
      vertex -8 7.686773300170898 3.418426513671875
      vertex -8 7.6179633140563965 9.55921459197998
    endloop
  endfacet
  facet normal 1 0 0
    outer loop
      vertex -8 7.686773300170898 3.418426513671875
      vertex -8 7.6179633140563965 3.440784454345703
      vertex -8 7.651488304138184 3.4268977642059326
    endloop
  endfacet
  facet normal 1 0 0
    outer loop
      vertex -8 7.152102947235107 9.360103607177734
      vertex -8 7.6179633140563965 9.55921459197998
      vertex -8 7.183043003082275 9.379064559936523
    endloop
  endfacet
  facet normal 1 0 0
    outer loop
      vertex -8 7.6179633140563965 9.55921459197998
      vertex -8 7.152102947235107 9.360103607177734
      vertex -8 7.6179633140563965 3.440784454345703
    endloop
  endfacet
  facet normal 1 0 0
    outer loop
      vertex -8 7.152102947235107 3.639894962310791
      vertex -8 7.6179633140563965 3.440784454345703
      vertex -8 7.152102947235107 9.360103607177734
    endloop
  endfacet
  facet normal 1 0 0
    outer loop
      vertex -8 7.6179633140563965 3.440784454345703
      vertex -8 7.152102947235107 3.639894962310791
      vertex -8 7.183043003082275 3.6209349632263184
    endloop
  endfacet
  facet normal 1 0 0
    outer loop
      vertex -8 6.392753601074219 8.808404922485352
      vertex -8 7.152102947235107 9.360103607177734
      vertex -8 6.750718593597412 9.1141357421875
    endloop
  endfacet
  facet normal 1 0 0
    outer loop
      vertex -8 7.152102947235107 9.360103607177734
      vertex -8 6.392753601074219 8.808404922485352
      vertex -8 7.152102947235107 3.639894962310791
    endloop
  endfacet
  facet normal 1 0 0
    outer loop
      vertex -8 6.392753601074219 4.191594123840332
      vertex -8 7.152102947235107 3.639894962310791
      vertex -8 6.392753601074219 8.808404922485352
    endloop
  endfacet
  facet normal 1 0 0
    outer loop
      vertex -8 7.152102947235107 3.639894962310791
      vertex -8 6.392753601074219 4.191594123840332
      vertex -8 6.750718593597412 3.8858633041381836
    endloop
  endfacet
  facet normal 1 0 0
    outer loop
      vertex -8 6.05942964553833 8.426874160766602
      vertex -8 6.392753601074219 8.808404922485352
      vertex -8 6.3651604652404785 8.784838676452637
    endloop
  endfacet
  facet normal 1 0 0
    outer loop
      vertex -8 6.392753601074219 8.808404922485352
      vertex -8 6.05942964553833 8.426874160766602
      vertex -8 6.392753601074219 4.191594123840332
    endloop
  endfacet
  facet normal 1 0 0
    outer loop
      vertex -8 6.05942964553833 4.573124885559082
      vertex -8 6.392753601074219 4.191594123840332
      vertex -8 6.05942964553833 8.426874160766602
    endloop
  endfacet
  facet normal 1 0 0
    outer loop
      vertex -8 6.392753601074219 4.191594123840332
      vertex -8 6.05942964553833 4.573124885559082
      vertex -8 6.3651604652404785 4.215160846710205
    endloop
  endfacet
  facet normal 1 0 0
    outer loop
      vertex -8 6.016902923583984 8.368341445922852
      vertex -8 6.05942964553833 8.426874160766602
      vertex -8 6.035862922668457 8.39928150177002
    endloop
  endfacet
  facet normal 1 0 0
    outer loop
      vertex -8 6.05942964553833 8.426874160766602
      vertex -8 6.016902923583984 8.368341445922852
      vertex -8 6.05942964553833 4.573124885559082
    endloop
  endfacet
  facet normal 1 0 0
    outer loop
      vertex -8 6.016902923583984 4.63165807723999
      vertex -8 6.05942964553833 4.573124885559082
      vertex -8 6.016902923583984 8.368341445922852
    endloop
  endfacet
  facet normal 1 0 0
    outer loop
      vertex -8 6.05942964553833 4.573124885559082
      vertex -8 6.016902923583984 4.63165807723999
      vertex -8 6.035862922668457 4.600718021392822
    endloop
  endfacet
  facet normal 1 0 0
    outer loop
      vertex -8 5.757047653198242 7.933431148529053
      vertex -8 6.016902923583984 8.368341445922852
      vertex -8 5.770934581756592 7.966956615447998
    endloop
  endfacet
  facet normal 1 0 0
    outer loop
      vertex -8 6.016902923583984 8.368341445922852
      vertex -8 5.757047653198242 7.933431148529053
      vertex -8 6.016902923583984 4.63165807723999
    endloop
  endfacet
  facet normal 1 0 0
    outer loop
      vertex -8 5.757047653198242 5.066567897796631
      vertex -8 6.016902923583984 4.63165807723999
      vertex -8 5.757047653198242 7.933431148529053
    endloop
  endfacet
  facet normal 1 0 0
    outer loop
      vertex -8 6.016902923583984 4.63165807723999
      vertex -8 5.757047653198242 5.066567897796631
      vertex -8 5.770934581756592 5.0330424308776855
    endloop
  endfacet
  facet normal 1 0 0
    outer loop
      vertex -8 5.467002868652344 7.040762901306152
      vertex -8 5.757047653198242 7.933431148529053
      vertex -8 5.576898097991943 7.498510360717773
    endloop
  endfacet
  facet normal 1 0 0
    outer loop
      vertex -8 5.757047653198242 7.933431148529053
      vertex -8 5.467002868652344 7.040762901306152
      vertex -8 5.757047653198242 5.066567897796631
    endloop
  endfacet
  facet normal 1 0 0
    outer loop
      vertex -8 5.467002868652344 5.959236145019531
      vertex -8 5.757047653198242 5.066567897796631
      vertex -8 5.467002868652344 7.040762901306152
    endloop
  endfacet
  facet normal 1 0 0
    outer loop
      vertex -8 5.757047653198242 5.066567897796631
      vertex -8 5.467002868652344 5.959236145019531
      vertex -8 5.576898097991943 5.50148868560791
    endloop
  endfacet
  facet normal 1 0 0
    outer loop
      vertex -8 5.455684661865234 6.969302654266357
      vertex -8 5.467002868652344 7.040762901306152
      vertex -8 5.458531856536865 7.0054779052734375
    endloop
  endfacet
  facet normal 1 0 0
    outer loop
      vertex -8 5.467002868652344 7.040762901306152
      vertex -8 5.455684661865234 6.969302654266357
      vertex -8 5.467002868652344 5.959236145019531
    endloop
  endfacet
  facet normal 1 0 0
    outer loop
      vertex -8 5.455684661865234 6.030696868896484
      vertex -8 5.467002868652344 5.959236145019531
      vertex -8 5.455684661865234 6.969302654266357
    endloop
  endfacet
  facet normal 1 0 0
    outer loop
      vertex -8 5.467002868652344 5.959236145019531
      vertex -8 5.455684661865234 6.030696868896484
      vertex -8 5.458531856536865 5.994521141052246
    endloop
  endfacet
  facet normal 1 0 0
    outer loop
      vertex -8 5.455684661865234 6.030696868896484
      vertex -8 5.455684661865234 6.969302654266357
      vertex -8 5.418749809265137 6.5
    endloop
  endfacet
  facet normal 0.7071067811865476 0 -0.7071067811865476
    outer loop
      vertex 12.5 13 0.8355340957641602
      vertex 11.864465713500977 10.5 0.19999980926513672
      vertex 11.864465713500977 13 0.19999980926513672
    endloop
  endfacet
  facet normal 0.7071067811865476 0 -0.7071067811865476
    outer loop
      vertex 12.5 -3 0.8355340957641602
      vertex 11.864465713500977 10.5 0.19999980926513672
      vertex 12.5 13 0.8355340957641602
    endloop
  endfacet
  facet normal 0.7071067811865475 0 -0.7071067811865475
    outer loop
      vertex 11.66446590423584 -3 0
      vertex 11.864465713500977 10.5 0.19999980926513672
      vertex 12.5 -3 0.8355340957641602
    endloop
  endfacet
  facet normal 0.7071067811865476 0 -0.7071067811865476
    outer loop
      vertex 11.864465713500977 10.5 0.19999980926513672
      vertex 11.66446590423584 -3 0
      vertex 11.66446590423584 10.5 0
    endloop
  endfacet
  facet normal -0.7071067811865476 0 -0.7071067811865476
    outer loop
      vertex -11.66446590423584 10.5 0
      vertex -11.66446590423584 -3 0
      vertex -11.864465713500977 10.5 0.19999980926513672
    endloop
  endfacet
  facet normal -0.7071067811865476 0 -0.7071067811865476
    outer loop
      vertex -11.864465713500977 10.5 0.19999980926513672
      vertex -12.5 13 0.8355340957641602
      vertex -11.864465713500977 13 0.19999980926513672
    endloop
  endfacet
  facet normal -0.7071067811865475 0 -0.7071067811865475
    outer loop
      vertex -12.5 -3 0.8355340957641602
      vertex -11.864465713500977 10.5 0.19999980926513672
      vertex -11.66446590423584 -3 0
    endloop
  endfacet
  facet normal -0.7071067811865476 0 -0.7071067811865476
    outer loop
      vertex -11.864465713500977 10.5 0.19999980926513672
      vertex -12.5 -3 0.8355340957641602
      vertex -12.5 13 0.8355340957641602
    endloop
  endfacet
  facet normal 0.7071067811865476 0 0.7071067811865476
    outer loop
      vertex 12.5 0 12.164464950561523
      vertex 11.664464950561523 8.403806686401367 13
      vertex 11.664464950561523 0 13
    endloop
  endfacet
  facet normal 0.7071067811865475 0 0.7071067811865475
    outer loop
      vertex 11.664464950561523 8.403806686401367 13
      vertex 12.5 0 12.164464950561523
      vertex 12.5 9.239341735839844 12.164464950561523
    endloop
  endfacet
  facet normal -0.7071067811865475 0 0.7071067811865475
    outer loop
      vertex -12.5 0 12.164464950561523
      vertex -11.664464950561523 8.403806686401367 13
      vertex -12.5 9.239341735839844 12.164464950561523
    endloop
  endfacet
  facet normal -0.7071067811865476 0 0.7071067811865476
    outer loop
      vertex -11.664464950561523 8.403806686401367 13
      vertex -12.5 0 12.164464950561523
      vertex -11.664464950561523 0 13
    endloop
  endfacet
  facet normal 1 0 0
    outer loop
      vertex 15.5 10.5 0.19999980926513672
      vertex 15.5 16.5 0
      vertex 15.5 16.5 0.19999980926513672
    endloop
  endfacet
  facet normal 1 0 0
    outer loop
      vertex 15.5 16.5 0
      vertex 15.5 10.5 0.19999980926513672
      vertex 15.5 10.5 0
    endloop
  endfacet
  facet normal 0 0 1
    outer loop
      vertex 15.5 16.5 0.19999980926513672
      vertex 11.864465713500977 13 0.19999980926513672
      vertex 15.5 10.5 0.19999980926513672
    endloop
  endfacet
  facet normal 0 0 1
    outer loop
      vertex 9.5 16.5 0.19999980926513672
      vertex 11.864465713500977 13 0.19999980926513672
      vertex 15.5 16.5 0.19999980926513672
    endloop
  endfacet
  facet normal 0 0 1
    outer loop
      vertex 11.864465713500977 13 0.19999980926513672
      vertex 9.5 16.5 0.19999980926513672
      vertex 9.5 13 0.19999980926513672
    endloop
  endfacet
  facet normal 0 0 1
    outer loop
      vertex 15.5 10.5 0.19999980926513672
      vertex 11.864465713500977 13 0.19999980926513672
      vertex 11.864465713500977 10.5 0.19999980926513672
    endloop
  endfacet
  facet normal 0 1 0
    outer loop
      vertex 15.5 16.5 0
      vertex 9.5 16.5 0.19999980926513672
      vertex 15.5 16.5 0.19999980926513672
    endloop
  endfacet
  facet normal 0 1 0
    outer loop
      vertex 9.5 16.5 0.19999980926513672
      vertex 15.5 16.5 0
      vertex 9.5 16.5 0
    endloop
  endfacet
  facet normal 0 -1 0
    outer loop
      vertex 15.5 10.5 0
      vertex 11.864465713500977 10.5 0.19999980926513672
      vertex 11.66446590423584 10.5 0
    endloop
  endfacet
  facet normal 0 -1 0
    outer loop
      vertex 11.864465713500977 10.5 0.19999980926513672
      vertex 15.5 10.5 0
      vertex 15.5 10.5 0.19999980926513672
    endloop
  endfacet
  facet normal 0 0 1
    outer loop
      vertex -9.5 16.5 0.19999980926513672
      vertex -11.864465713500977 13 0.19999980926513672
      vertex -9.5 13 0.19999980926513672
    endloop
  endfacet
  facet normal 0 0 1
    outer loop
      vertex -15.5 16.5 0.19999980926513672
      vertex -11.864465713500977 13 0.19999980926513672
      vertex -9.5 16.5 0.19999980926513672
    endloop
  endfacet
  facet normal 0 0 1
    outer loop
      vertex -15.5 10.5 0.19999980926513672
      vertex -11.864465713500977 13 0.19999980926513672
      vertex -15.5 16.5 0.19999980926513672
    endloop
  endfacet
  facet normal 0 0 1
    outer loop
      vertex -11.864465713500977 13 0.19999980926513672
      vertex -15.5 10.5 0.19999980926513672
      vertex -11.864465713500977 10.5 0.19999980926513672
    endloop
  endfacet
  facet normal -1 0 0
    outer loop
      vertex -15.5 10.5 0
      vertex -15.5 16.5 0.19999980926513672
      vertex -15.5 16.5 0
    endloop
  endfacet
  facet normal -1 0 0
    outer loop
      vertex -15.5 16.5 0.19999980926513672
      vertex -15.5 10.5 0
      vertex -15.5 10.5 0.19999980926513672
    endloop
  endfacet
  facet normal 0 1 0
    outer loop
      vertex -9.5 16.5 0
      vertex -15.5 16.5 0.19999980926513672
      vertex -9.5 16.5 0.19999980926513672
    endloop
  endfacet
  facet normal 0 1 0
    outer loop
      vertex -15.5 16.5 0.19999980926513672
      vertex -9.5 16.5 0
      vertex -15.5 16.5 0
    endloop
  endfacet
  facet normal 0 -1 0
    outer loop
      vertex -15.5 10.5 0
      vertex -11.864465713500977 10.5 0.19999980926513672
      vertex -15.5 10.5 0.19999980926513672
    endloop
  endfacet
  facet normal 0 -1 0
    outer loop
      vertex -11.864465713500977 10.5 0.19999980926513672
      vertex -15.5 10.5 0
      vertex -11.66446590423584 10.5 0
    endloop
  endfacet
  facet normal 1 0 0
    outer loop
      vertex 12.5 -12.5 0.19999980926513672
      vertex 12.5 -6.5 0
      vertex 12.5 -6.5 0.19999980926513672
    endloop
  endfacet
  facet normal 1 0 0
    outer loop
      vertex 12.5 -6.5 0
      vertex 12.5 -12.5 0.19999980926513672
      vertex 12.5 -12.5 0
    endloop
  endfacet
  facet normal 0 0 1
    outer loop
      vertex 8.864465713500977 -9.362692832946777 0.19999980926513672
      vertex 12.5 -6.5 0.19999980926513672
      vertex 8.864465713500977 -6.5 0.19999980926513672
    endloop
  endfacet
  facet normal 0 0 1
    outer loop
      vertex 12.5 -6.5 0.19999980926513672
      vertex 8.864465713500977 -9.362692832946777 0.19999980926513672
      vertex 12.5 -12.5 0.19999980926513672
    endloop
  endfacet
  facet normal 0 0 1
    outer loop
      vertex 6.5 -12.5 0.19999980926513672
      vertex 8.864465713500977 -9.362692832946777 0.19999980926513672
      vertex 6.5 -9.362692832946777 0.19999980926513672
    endloop
  endfacet
  facet normal 0 0 1
    outer loop
      vertex 8.864465713500977 -9.362692832946777 0.19999980926513672
      vertex 6.5 -12.5 0.19999980926513672
      vertex 12.5 -12.5 0.19999980926513672
    endloop
  endfacet
  facet normal 0 1 0
    outer loop
      vertex 12.5 -6.5 0
      vertex 8.864465713500977 -6.5 0.19999980926513672
      vertex 12.5 -6.5 0.19999980926513672
    endloop
  endfacet
  facet normal 0 1 0
    outer loop
      vertex 8.864465713500977 -6.5 0.19999980926513672
      vertex 12.5 -6.5 0
      vertex 8.66446590423584 -6.5 0
    endloop
  endfacet
  facet normal 0 -1 0
    outer loop
      vertex 6.5 -12.5 0
      vertex 12.5 -12.5 0.19999980926513672
      vertex 6.5 -12.5 0.19999980926513672
    endloop
  endfacet
  facet normal 0 -1 0
    outer loop
      vertex 12.5 -12.5 0.19999980926513672
      vertex 6.5 -12.5 0
      vertex 12.5 -12.5 0
    endloop
  endfacet
  facet normal 0 0 1
    outer loop
      vertex -8.864465713500977 -6.5 0.19999980926513672
      vertex -12.5 -6.5 0.19999980926513672
      vertex -8.864465713500977 -9.362692832946777 0.19999980926513672
    endloop
  endfacet
  facet normal 0 0 1
    outer loop
      vertex -8.864465713500977 -9.362692832946777 0.19999980926513672
      vertex -6.5 -12.5 0.19999980926513672
      vertex -6.5 -9.362692832946777 0.19999980926513672
    endloop
  endfacet
  facet normal 0 0 1
    outer loop
      vertex -12.5 -12.5 0.19999980926513672
      vertex -8.864465713500977 -9.362692832946777 0.19999980926513672
      vertex -12.5 -6.5 0.19999980926513672
    endloop
  endfacet
  facet normal 0 0 1
    outer loop
      vertex -8.864465713500977 -9.362692832946777 0.19999980926513672
      vertex -12.5 -12.5 0.19999980926513672
      vertex -6.5 -12.5 0.19999980926513672
    endloop
  endfacet
  facet normal -1 0 0
    outer loop
      vertex -12.5 -12.5 0
      vertex -12.5 -6.5 0.19999980926513672
      vertex -12.5 -6.5 0
    endloop
  endfacet
  facet normal -1 0 0
    outer loop
      vertex -12.5 -6.5 0.19999980926513672
      vertex -12.5 -12.5 0
      vertex -12.5 -12.5 0.19999980926513672
    endloop
  endfacet
  facet normal 0 1 0
    outer loop
      vertex -12.5 -6.5 0
      vertex -8.864465713500977 -6.5 0.19999980926513672
      vertex -8.66446590423584 -6.5 0
    endloop
  endfacet
  facet normal 0 1 0
    outer loop
      vertex -8.864465713500977 -6.5 0.19999980926513672
      vertex -12.5 -6.5 0
      vertex -12.5 -6.5 0.19999980926513672
    endloop
  endfacet
  facet normal 0 -1 0
    outer loop
      vertex -12.5 -12.5 0
      vertex -6.5 -12.5 0.19999980926513672
      vertex -12.5 -12.5 0.19999980926513672
    endloop
  endfacet
  facet normal 0 -1 0
    outer loop
      vertex -6.5 -12.5 0.19999980926513672
      vertex -12.5 -12.5 0
      vertex -6.5 -12.5 0
    endloop
  endfacet
  facet normal 0 0 1
    outer loop
      vertex -9.664464950561523 4 15
      vertex 9.664464950561523 -3 15
      vertex 9.664464950561523 4 15
    endloop
  endfacet
  facet normal 0 0 1
    outer loop
      vertex 9.664464950561523 -3 15
      vertex -9.664464950561523 4 15
      vertex -9.664464950561523 -3 15
    endloop
  endfacet
  facet normal 0 0.8320502943378437 0.5547001962252291
    outer loop
      vertex 11.164464950561523 5 13.5
      vertex -9.664464950561523 4 15
      vertex 9.664464950561523 4 15
    endloop
  endfacet
  facet normal 0 0.8320502943378437 0.5547001962252291
    outer loop
      vertex -9.664464950561523 4 15
      vertex 11.164464950561523 5 13.5
      vertex -11.164464950561523 5 13.5
    endloop
  endfacet
  facet normal 0 0.4472135954999579 -0.8944271909999159
    outer loop
      vertex 4.5 3 11.5
      vertex 9.5 5 12.5
      vertex 9.5 3 11.5
    endloop
  endfacet
  facet normal 0 0.4472135954999579 -0.8944271909999159
    outer loop
      vertex -4.5 3 11.5
      vertex 9.5 5 12.5
      vertex 4.5 3 11.5
    endloop
  endfacet
  facet normal 0 0.4472135954999579 -0.8944271909999159
    outer loop
      vertex -9.5 5 12.5
      vertex -4.5 3 11.5
      vertex -9.5 3 11.5
    endloop
  endfacet
  facet normal 0 0.4472135954999579 -0.8944271909999159
    outer loop
      vertex -4.5 3 11.5
      vertex -9.5 5 12.5
      vertex 9.5 5 12.5
    endloop
  endfacet
  facet normal 0 1 0
    outer loop
      vertex 9.5 5 12.5
      vertex -9.5 5 13
      vertex 9.5 5 13
    endloop
  endfacet
  facet normal 0 1 0
    outer loop
      vertex -9.5 5 13
      vertex 9.5 5 12.5
      vertex -9.5 5 12.5
    endloop
  endfacet
  facet normal 0 1 0
    outer loop
      vertex 9.5 5 13
      vertex 11.164464950561523 5 13.5
      vertex 11.664464950561523 5 13
    endloop
  endfacet
  facet normal 0 1 0
    outer loop
      vertex 11.164464950561523 5 13.5
      vertex 9.5 5 13
      vertex -11.164464950561523 5 13.5
    endloop
  endfacet
  facet normal 0 1 0
    outer loop
      vertex -9.5 5 13
      vertex -11.164464950561523 5 13.5
      vertex 9.5 5 13
    endloop
  endfacet
  facet normal 0 1 0
    outer loop
      vertex -11.164464950561523 5 13.5
      vertex -9.5 5 13
      vertex -11.664464950561523 5 13
    endloop
  endfacet
  facet normal -0.3312742823875026 -0.5410815329737092 -0.7729735600287153
    outer loop
      vertex -11.687674522399902 -3.464186191558838 12.976790428161621
      vertex -9.34999942779541 -3 11.649999618530273
      vertex -9.34999942779541 -4.800000190734863 12.90999984741211
    endloop
  endfacet
  facet normal -0.33127424172194814 -0.5410816178203561 -0.7729735180641406
    outer loop
      vertex -9.34999942779541 -3 11.649999618530273
      vertex -11.687674522399902 -3.464186191558838 12.976790428161621
      vertex -11.915125846862793 -3 12.74933910369873
    endloop
  endfacet
  facet normal -0.4961388456423433 -0.8682431951041527 -1.2298860111663797e-7
    outer loop
      vertex -9.34999942779541 -4.800000190734863 12.90999984741211
      vertex -10.695569038391113 -4.031103610992432 13.96889591217041
      vertex -11.687674522399902 -3.464186191558838 12.976790428161621
    endloop
  endfacet
  facet normal -0.4961387726806657 -0.8682432367965344 0
    outer loop
      vertex -10.695569038391113 -4.031103610992432 13.96889591217041
      vertex -9.34999942779541 -4.800000190734863 12.90999984741211
      vertex -9.34999942779541 -4.800000190734863 13
    endloop
  endfacet
  facet normal -0.49613919313278665 -0.8682429965378053 -7.745741335668017e-7
    outer loop
      vertex -10.695569038391113 -4.031103610992432 13.96889591217041
      vertex -9.34999942779541 -4.800000190734863 13
      vertex -9 -5 13
    endloop
  endfacet
  facet normal 0.49613919313278665 -0.8682429965378053 -7.745741335668017e-7
    outer loop
      vertex 9.34999942779541 -4.800000190734863 13
      vertex 10.695569038391113 -4.031103610992432 13.96889591217041
      vertex 9 -5 13
    endloop
  endfacet
  facet normal 0.4961387726806657 -0.8682432367965344 0
    outer loop
      vertex 9.34999942779541 -4.800000190734863 12.90999984741211
      vertex 10.695569038391113 -4.031103610992432 13.96889591217041
      vertex 9.34999942779541 -4.800000190734863 13
    endloop
  endfacet
  facet normal 0.4961388456423433 -0.8682431951041527 -1.2298860111663797e-7
    outer loop
      vertex 10.695569038391113 -4.031103610992432 13.96889591217041
      vertex 9.34999942779541 -4.800000190734863 12.90999984741211
      vertex 11.687674522399902 -3.464186191558838 12.976790428161621
    endloop
  endfacet
  facet normal 0.3312742823875026 -0.5410815329737092 -0.7729735600287153
    outer loop
      vertex 9.34999942779541 -3 11.649999618530273
      vertex 11.687674522399902 -3.464186191558838 12.976790428161621
      vertex 9.34999942779541 -4.800000190734863 12.90999984741211
    endloop
  endfacet
  facet normal 0.33127424172194814 -0.5410816178203561 -0.7729735180641406
    outer loop
      vertex 11.687674522399902 -3.464186191558838 12.976790428161621
      vertex 9.34999942779541 -3 11.649999618530273
      vertex 11.915125846862793 -3 12.74933910369873
    endloop
  endfacet
  facet normal -2.4545540146141227e-7 -0.7071068219606529 0.7071067404123973
    outer loop
      vertex -9 -5 13
      vertex -9.664464950561523 -3 15
      vertex -10.695569038391113 -4.031103610992432 13.96889591217041
    endloop
  endfacet
  facet normal 0 -0.7071067811865476 0.7071067811865476
    outer loop
      vertex -9.664464950561523 -3 15
      vertex -6.5 -5 13
      vertex 9.664464950561523 -3 15
    endloop
  endfacet
  facet normal 0 -0.7071067811865475 0.7071067811865475
    outer loop
      vertex -9.664464950561523 -3 15
      vertex -9 -5 13
      vertex -6.5 -5 13
    endloop
  endfacet
  facet normal 0 -0.7071067811865476 0.7071067811865476
    outer loop
      vertex 6.5 -5 13
      vertex 9.664464950561523 -3 15
      vertex -6.5 -5 13
    endloop
  endfacet
  facet normal 0 -0.7071067811865475 0.7071067811865475
    outer loop
      vertex 9 -5 13
      vertex 9.664464950561523 -3 15
      vertex 6.5 -5 13
    endloop
  endfacet
  facet normal 2.4545540146141227e-7 -0.7071068219606529 0.7071067404123973
    outer loop
      vertex 9.664464950561523 -3 15
      vertex 9 -5 13
      vertex 10.695569038391113 -4.031103610992432 13.96889591217041
    endloop
  endfacet
  facet normal 0 -1 0
    outer loop
      vertex -6.5 -5 12.899999618530273
      vertex 6.5 -5 13
      vertex -6.5 -5 13
    endloop
  endfacet
  facet normal 0 -1 0
    outer loop
      vertex 6.5 -5 13
      vertex -6.5 -5 12.899999618530273
      vertex 6.5 -5 12.899999618530273
    endloop
  endfacet
  facet normal 0 -0.5734622394934563 -0.8192319939279409
    outer loop
      vertex 6.5 -5 12.899999618530273
      vertex 4.5 -3 11.5
      vertex 6.5 -3 11.5
    endloop
  endfacet
  facet normal 0 -0.5734622394934562 -0.8192319939279409
    outer loop
      vertex 6.5 -5 12.899999618530273
      vertex -4.5 -3 11.5
      vertex 4.5 -3 11.5
    endloop
  endfacet
  facet normal 0 -0.5734622394934562 -0.8192319939279409
    outer loop
      vertex -6.5 -5 12.899999618530273
      vertex -4.5 -3 11.5
      vertex 6.5 -5 12.899999618530273
    endloop
  endfacet
  facet normal 0 -0.5734622394934563 -0.8192319939279409
    outer loop
      vertex -4.5 -3 11.5
      vertex -6.5 -5 12.899999618530273
      vertex -6.5 -3 11.5
    endloop
  endfacet
  facet normal 0 0 -1
    outer loop
      vertex -10.164464950561523 2.4499998092651367 14.5
      vertex 10.164464950561523 2.549999237060547 14.5
      vertex 10.164464950561523 2.4499998092651367 14.5
    endloop
  endfacet
  facet normal 0 0 -1
    outer loop
      vertex 10.164464950561523 2.549999237060547 14.5
      vertex -10.164464950561523 2.4499998092651367 14.5
      vertex -10.164464950561523 2.549999237060547 14.5
    endloop
  endfacet
  facet normal 0 0 1
    outer loop
      vertex -9.5 2.549999237060547 12.5
      vertex 9.5 2.4499998092651367 12.5
      vertex 9.5 2.549999237060547 12.5
    endloop
  endfacet
  facet normal 0 0 1
    outer loop
      vertex 9.5 2.4499998092651367 12.5
      vertex -9.5 2.549999237060547 12.5
      vertex -9.5 2.4499998092651367 12.5
    endloop
  endfacet
  facet normal 0 -1 0
    outer loop
      vertex -9.5 2.549999237060547 12.5
      vertex 9.5 2.549999237060547 13
      vertex -9.5 2.549999237060547 13
    endloop
  endfacet
  facet normal 0 -1 0
    outer loop
      vertex 9.5 2.549999237060547 13
      vertex -9.5 2.549999237060547 12.5
      vertex 9.5 2.549999237060547 12.5
    endloop
  endfacet
  facet normal 0 -1 0
    outer loop
      vertex -9.5 2.549999237060547 13
      vertex -10.164464950561523 2.549999237060547 14.5
      vertex -11.664464950561523 2.549999237060547 13
    endloop
  endfacet
  facet normal 0 -1 0
    outer loop
      vertex -10.164464950561523 2.549999237060547 14.5
      vertex -9.5 2.549999237060547 13
      vertex 10.164464950561523 2.549999237060547 14.5
    endloop
  endfacet
  facet normal 0 -1 0
    outer loop
      vertex 9.5 2.549999237060547 13
      vertex 10.164464950561523 2.549999237060547 14.5
      vertex -9.5 2.549999237060547 13
    endloop
  endfacet
  facet normal 0 -1 0
    outer loop
      vertex 10.164464950561523 2.549999237060547 14.5
      vertex 9.5 2.549999237060547 13
      vertex 11.664464950561523 2.549999237060547 13
    endloop
  endfacet
  facet normal 0 1 0
    outer loop
      vertex 9.5 2.4499998092651367 12.5
      vertex -9.5 2.4499998092651367 13
      vertex 9.5 2.4499998092651367 13
    endloop
  endfacet
  facet normal 0 1 0
    outer loop
      vertex -9.5 2.4499998092651367 13
      vertex 9.5 2.4499998092651367 12.5
      vertex -9.5 2.4499998092651367 12.5
    endloop
  endfacet
  facet normal 0 1 0
    outer loop
      vertex 9.5 2.4499998092651367 13
      vertex 10.164464950561523 2.4499998092651367 14.5
      vertex 11.664464950561523 2.4499998092651367 13
    endloop
  endfacet
  facet normal 0 1 0
    outer loop
      vertex 10.164464950561523 2.4499998092651367 14.5
      vertex 9.5 2.4499998092651367 13
      vertex -10.164464950561523 2.4499998092651367 14.5
    endloop
  endfacet
  facet normal 0 1 0
    outer loop
      vertex -9.5 2.4499998092651367 13
      vertex -10.164464950561523 2.4499998092651367 14.5
      vertex 9.5 2.4499998092651367 13
    endloop
  endfacet
  facet normal 0 1 0
    outer loop
      vertex -10.164464950561523 2.4499998092651367 14.5
      vertex -9.5 2.4499998092651367 13
      vertex -11.664464950561523 2.4499998092651367 13
    endloop
  endfacet
  facet normal 0 0 -1
    outer loop
      vertex -10.164464950561523 0.4499998092651367 14.5
      vertex 10.164464950561523 0.5499992370605469 14.5
      vertex 10.164464950561523 0.4499998092651367 14.5
    endloop
  endfacet
  facet normal 0 0 -1
    outer loop
      vertex 10.164464950561523 0.5499992370605469 14.5
      vertex -10.164464950561523 0.4499998092651367 14.5
      vertex -10.164464950561523 0.5499992370605469 14.5
    endloop
  endfacet
  facet normal 0 0 1
    outer loop
      vertex -9.5 0.5499992370605469 12.5
      vertex 9.5 0.4499998092651367 12.5
      vertex 9.5 0.5499992370605469 12.5
    endloop
  endfacet
  facet normal 0 0 1
    outer loop
      vertex 9.5 0.4499998092651367 12.5
      vertex -9.5 0.5499992370605469 12.5
      vertex -9.5 0.4499998092651367 12.5
    endloop
  endfacet
  facet normal 0 -1 0
    outer loop
      vertex -9.5 0.5499992370605469 12.5
      vertex 9.5 0.5499992370605469 13
      vertex -9.5 0.5499992370605469 13
    endloop
  endfacet
  facet normal 0 -1 0
    outer loop
      vertex 9.5 0.5499992370605469 13
      vertex -9.5 0.5499992370605469 12.5
      vertex 9.5 0.5499992370605469 12.5
    endloop
  endfacet
  facet normal 0 -1 0
    outer loop
      vertex -9.5 0.5499992370605469 13
      vertex -10.164464950561523 0.5499992370605469 14.5
      vertex -11.664464950561523 0.5499992370605469 13
    endloop
  endfacet
  facet normal 0 -1 0
    outer loop
      vertex -10.164464950561523 0.5499992370605469 14.5
      vertex -9.5 0.5499992370605469 13
      vertex 10.164464950561523 0.5499992370605469 14.5
    endloop
  endfacet
  facet normal 0 -1 0
    outer loop
      vertex 9.5 0.5499992370605469 13
      vertex 10.164464950561523 0.5499992370605469 14.5
      vertex -9.5 0.5499992370605469 13
    endloop
  endfacet
  facet normal 0 -1 0
    outer loop
      vertex 10.164464950561523 0.5499992370605469 14.5
      vertex 9.5 0.5499992370605469 13
      vertex 11.664464950561523 0.5499992370605469 13
    endloop
  endfacet
  facet normal 0 1 0
    outer loop
      vertex 9.5 0.4499998092651367 12.5
      vertex -9.5 0.4499998092651367 13
      vertex 9.5 0.4499998092651367 13
    endloop
  endfacet
  facet normal 0 1 0
    outer loop
      vertex -9.5 0.4499998092651367 13
      vertex 9.5 0.4499998092651367 12.5
      vertex -9.5 0.4499998092651367 12.5
    endloop
  endfacet
  facet normal 0 1 0
    outer loop
      vertex 9.5 0.4499998092651367 13
      vertex 10.164464950561523 0.4499998092651367 14.5
      vertex 11.664464950561523 0.4499998092651367 13
    endloop
  endfacet
  facet normal 0 1 0
    outer loop
      vertex 10.164464950561523 0.4499998092651367 14.5
      vertex 9.5 0.4499998092651367 13
      vertex -10.164464950561523 0.4499998092651367 14.5
    endloop
  endfacet
  facet normal 0 1 0
    outer loop
      vertex -9.5 0.4499998092651367 13
      vertex -10.164464950561523 0.4499998092651367 14.5
      vertex 9.5 0.4499998092651367 13
    endloop
  endfacet
  facet normal 0 1 0
    outer loop
      vertex -10.164464950561523 0.4499998092651367 14.5
      vertex -9.5 0.4499998092651367 13
      vertex -11.664464950561523 0.4499998092651367 13
    endloop
  endfacet
  facet normal 0 0 -1
    outer loop
      vertex -10.164464950561523 -1.5499992370605469 14.5
      vertex 10.164464950561523 -1.4499998092651367 14.5
      vertex 10.164464950561523 -1.5499992370605469 14.5
    endloop
  endfacet
  facet normal 0 0 -1
    outer loop
      vertex 10.164464950561523 -1.4499998092651367 14.5
      vertex -10.164464950561523 -1.5499992370605469 14.5
      vertex -10.164464950561523 -1.4499998092651367 14.5
    endloop
  endfacet
  facet normal 0 0 1
    outer loop
      vertex 9.34999942779541 -1.4499998092651367 12.5
      vertex 12.164464950561523 -1.5499992370605469 12.5
      vertex 12.164464950561523 -1.4499998092651367 12.5
    endloop
  endfacet
  facet normal 0 0 1
    outer loop
      vertex 12.164464950561523 -1.5499992370605469 12.5
      vertex 9.34999942779541 -1.4499998092651367 12.5
      vertex 9.34999942779541 -1.5499992370605469 12.5
    endloop
  endfacet
  facet normal 0 0 1
    outer loop
      vertex -12.164464950561523 -1.4499998092651367 12.5
      vertex -9.34999942779541 -1.5499992370605469 12.5
      vertex -9.34999942779541 -1.4499998092651367 12.5
    endloop
  endfacet
  facet normal 0 0 1
    outer loop
      vertex -9.34999942779541 -1.5499992370605469 12.5
      vertex -12.164464950561523 -1.4499998092651367 12.5
      vertex -12.164464950561523 -1.5499992370605469 12.5
    endloop
  endfacet
  facet normal 0 0 1
    outer loop
      vertex -6.5 -1.4499998092651367 12.5
      vertex 6.5 -1.5499992370605469 12.5
      vertex 6.5 -1.4499998092651367 12.5
    endloop
  endfacet
  facet normal 0 0 1
    outer loop
      vertex 6.5 -1.5499992370605469 12.5
      vertex -6.5 -1.4499998092651367 12.5
      vertex -6.5 -1.5499992370605469 12.5
    endloop
  endfacet
  facet normal 0 -1 0
    outer loop
      vertex -6.5 -1.4499998092651367 12.5
      vertex 6.5 -1.4499998092651367 13
      vertex -6.5 -1.4499998092651367 13
    endloop
  endfacet
  facet normal 0 -1 0
    outer loop
      vertex 6.5 -1.4499998092651367 13
      vertex -6.5 -1.4499998092651367 12.5
      vertex 6.5 -1.4499998092651367 12.5
    endloop
  endfacet
  facet normal 0 -1 0
    outer loop
      vertex -6.5 -1.4499998092651367 13
      vertex -10.164464950561523 -1.4499998092651367 14.5
      vertex -9.34999942779541 -1.4499998092651367 13
    endloop
  endfacet
  facet normal 0 -1 0
    outer loop
      vertex -12.164464950561523 -1.4499998092651367 12.5
      vertex -9.34999942779541 -1.4499998092651367 13
      vertex -10.164464950561523 -1.4499998092651367 14.5
    endloop
  endfacet
  facet normal 0 -1 0
    outer loop
      vertex -9.34999942779541 -1.4499998092651367 13
      vertex -12.164464950561523 -1.4499998092651367 12.5
      vertex -9.34999942779541 -1.4499998092651367 12.5
    endloop
  endfacet
  facet normal 0 -1 0
    outer loop
      vertex -10.164464950561523 -1.4499998092651367 14.5
      vertex -6.5 -1.4499998092651367 13
      vertex 10.164464950561523 -1.4499998092651367 14.5
    endloop
  endfacet
  facet normal 0 -1 0
    outer loop
      vertex 6.5 -1.4499998092651367 13
      vertex 10.164464950561523 -1.4499998092651367 14.5
      vertex -6.5 -1.4499998092651367 13
    endloop
  endfacet
  facet normal 0 -1 0
    outer loop
      vertex 9.34999942779541 -1.4499998092651367 13
      vertex 10.164464950561523 -1.4499998092651367 14.5
      vertex 6.5 -1.4499998092651367 13
    endloop
  endfacet
  facet normal 0 -1 0
    outer loop
      vertex 12.164464950561523 -1.4499998092651367 12.5
      vertex 9.34999942779541 -1.4499998092651367 13
      vertex 9.34999942779541 -1.4499998092651367 12.5
    endloop
  endfacet
  facet normal 0 -1 0
    outer loop
      vertex 9.34999942779541 -1.4499998092651367 13
      vertex 12.164464950561523 -1.4499998092651367 12.5
      vertex 10.164464950561523 -1.4499998092651367 14.5
    endloop
  endfacet
  facet normal 0 1 0
    outer loop
      vertex 6.5 -1.5499992370605469 12.5
      vertex -6.5 -1.5499992370605469 13
      vertex 6.5 -1.5499992370605469 13
    endloop
  endfacet
  facet normal 0 1 0
    outer loop
      vertex -6.5 -1.5499992370605469 13
      vertex 6.5 -1.5499992370605469 12.5
      vertex -6.5 -1.5499992370605469 12.5
    endloop
  endfacet
  facet normal 0 1 0
    outer loop
      vertex 6.5 -1.5499992370605469 13
      vertex 10.164464950561523 -1.5499992370605469 14.5
      vertex 9.34999942779541 -1.5499992370605469 13
    endloop
  endfacet
  facet normal 0 1 0
    outer loop
      vertex 12.164464950561523 -1.5499992370605469 12.5
      vertex 9.34999942779541 -1.5499992370605469 13
      vertex 10.164464950561523 -1.5499992370605469 14.5
    endloop
  endfacet
  facet normal 0 1 0
    outer loop
      vertex 9.34999942779541 -1.5499992370605469 13
      vertex 12.164464950561523 -1.5499992370605469 12.5
      vertex 9.34999942779541 -1.5499992370605469 12.5
    endloop
  endfacet
  facet normal 0 1 0
    outer loop
      vertex 10.164464950561523 -1.5499992370605469 14.5
      vertex 6.5 -1.5499992370605469 13
      vertex -10.164464950561523 -1.5499992370605469 14.5
    endloop
  endfacet
  facet normal 0 1 0
    outer loop
      vertex -6.5 -1.5499992370605469 13
      vertex -10.164464950561523 -1.5499992370605469 14.5
      vertex 6.5 -1.5499992370605469 13
    endloop
  endfacet
  facet normal 0 1 0
    outer loop
      vertex -9.34999942779541 -1.5499992370605469 13
      vertex -10.164464950561523 -1.5499992370605469 14.5
      vertex -6.5 -1.5499992370605469 13
    endloop
  endfacet
  facet normal 0 1 0
    outer loop
      vertex -12.164464950561523 -1.5499992370605469 12.5
      vertex -9.34999942779541 -1.5499992370605469 13
      vertex -9.34999942779541 -1.5499992370605469 12.5
    endloop
  endfacet
  facet normal 0 1 0
    outer loop
      vertex -9.34999942779541 -1.5499992370605469 13
      vertex -12.164464950561523 -1.5499992370605469 12.5
      vertex -10.164464950561523 -1.5499992370605469 14.5
    endloop
  endfacet
  facet normal 1 0 0
    outer loop
      vertex 0.2999992370605469 -3 1.5
      vertex 0.2999992370605469 -1.913249135017395 0
      vertex 0.2999992370605469 -1.913249135017395 1.5
    endloop
  endfacet
  facet normal 1 0 0
    outer loop
      vertex 0.2999992370605469 -1.913249135017395 0
      vertex 0.2999992370605469 -3 1.5
      vertex 0.2999992370605469 -3 0
    endloop
  endfacet
  facet normal -1 0 0
    outer loop
      vertex -0.2999992370605469 1.913249135017395 0
      vertex -0.2999992370605469 3 1.5
      vertex -0.2999992370605469 3 0
    endloop
  endfacet
  facet normal -1 0 0
    outer loop
      vertex -0.2999992370605469 3 1.5
      vertex -0.2999992370605469 1.913249135017395 0
      vertex -0.2999992370605469 1.913249135017395 1.5
    endloop
  endfacet
  facet normal 0.7071067811865476 0 0.7071067811865476
    outer loop
      vertex 9.664464950561523 -3 15
      vertex 11.687674522399902 -3.464186191558838 12.976790428161621
      vertex 11.915125846862793 -3 12.74933910369873
    endloop
  endfacet
  facet normal 0.7071067811865476 0 0.7071067811865476
    outer loop
      vertex 11.687674522399902 -3.464186191558838 12.976790428161621
      vertex 9.664464950561523 -3 15
      vertex 10.695569038391113 -4.031103610992432 13.96889591217041
    endloop
  endfacet
  facet normal 0.7071067811865476 0 0.7071067811865476
    outer loop
      vertex 9.664464950561523 4 15
      vertex 10.164464950561523 2.4499998092651367 14.5
      vertex 10.164464950561523 2.549999237060547 14.5
    endloop
  endfacet
  facet normal 0.7071067811865475 0 0.7071067811865475
    outer loop
      vertex 10.164464950561523 2.4499998092651367 14.5
      vertex 10.164464950561523 0.5499992370605469 14.5
      vertex 11.664464950561523 2.4499998092651367 13
    endloop
  endfacet
  facet normal 0.7071067811865475 0 0.7071067811865475
    outer loop
      vertex 9.664464950561523 4 15
      vertex 10.164464950561523 0.5499992370605469 14.5
      vertex 10.164464950561523 2.4499998092651367 14.5
    endloop
  endfacet
  facet normal 0.7071067811865476 0 0.7071067811865476
    outer loop
      vertex 9.664464950561523 4 15
      vertex 10.164464950561523 0.4499998092651367 14.5
      vertex 10.164464950561523 0.5499992370605469 14.5
    endloop
  endfacet
  facet normal 0.7071067811865476 0 0.7071067811865476
    outer loop
      vertex 10.164464950561523 0.4499998092651367 14.5
      vertex 11.664464950561523 0 13
      vertex 11.664464950561523 0.4499998092651367 13
    endloop
  endfacet
  facet normal 0.7071067811865476 0 0.7071067811865476
    outer loop
      vertex 12.164464950561523 -1.4499998092651367 12.5
      vertex 11.664464950561523 0 13
      vertex 10.164464950561523 -1.4499998092651367 14.5
    endloop
  endfacet
  facet normal 0.7071067811865476 0 0.7071067811865476
    outer loop
      vertex 10.164464950561523 0.4499998092651367 14.5
      vertex 10.164464950561523 -1.4499998092651367 14.5
      vertex 11.664464950561523 0 13
    endloop
  endfacet
  facet normal 0.7071067811865476 0 0.7071067811865476
    outer loop
      vertex 9.664464950561523 -3 15
      vertex 10.164464950561523 0.4499998092651367 14.5
      vertex 9.664464950561523 4 15
    endloop
  endfacet
  facet normal 0.7071067811865476 0 0.7071067811865476
    outer loop
      vertex 10.164464950561523 0.4499998092651367 14.5
      vertex 9.664464950561523 -3 15
      vertex 10.164464950561523 -1.4499998092651367 14.5
    endloop
  endfacet
  facet normal 0.7071067811865476 0 0.7071067811865476
    outer loop
      vertex 11.915125846862793 -3 12.74933910369873
      vertex 10.164464950561523 -1.5499992370605469 14.5
      vertex 9.664464950561523 -3 15
    endloop
  endfacet
  facet normal 0.7071067811865476 0 0.7071067811865476
    outer loop
      vertex 10.164464950561523 -1.4499998092651367 14.5
      vertex 9.664464950561523 -3 15
      vertex 10.164464950561523 -1.5499992370605469 14.5
    endloop
  endfacet
  facet normal 0.7071067811865476 0 0.7071067811865476
    outer loop
      vertex 11.664464950561523 2.549999237060547 13
      vertex 11.164464950561523 5 13.5
      vertex 9.664464950561523 4 15
    endloop
  endfacet
  facet normal 0.7071067811865475 0 0.7071067811865475
    outer loop
      vertex 11.664464950561523 2.549999237060547 13
      vertex 9.664464950561523 4 15
      vertex 10.164464950561523 2.549999237060547 14.5
    endloop
  endfacet
  facet normal 0.7071067811865476 0 0.7071067811865476
    outer loop
      vertex 11.164464950561523 5 13.5
      vertex 11.664464950561523 2.549999237060547 13
      vertex 11.664464950561523 5 13
    endloop
  endfacet
  facet normal 0.7071067811865475 0 0.7071067811865475
    outer loop
      vertex 11.664464950561523 2.4499998092651367 13
      vertex 10.164464950561523 0.5499992370605469 14.5
      vertex 11.664464950561523 0.5499992370605469 13
    endloop
  endfacet
  facet normal 0.7071067811865476 0 0.7071067811865476
    outer loop
      vertex 11.664464950561523 0 13
      vertex 12.164464950561523 -1.4499998092651367 12.5
      vertex 12.5 0 12.164464950561523
    endloop
  endfacet
  facet normal 0.7071067811865475 0 0.7071067811865475
    outer loop
      vertex 12.164464950561523 -1.5499992370605469 12.5
      vertex 12.5 0 12.164464950561523
      vertex 12.164464950561523 -1.4499998092651367 12.5
    endloop
  endfacet
  facet normal 0.7071067811865476 0 0.7071067811865476
    outer loop
      vertex 10.164464950561523 -1.5499992370605469 14.5
      vertex 11.915125846862793 -3 12.74933910369873
      vertex 12.164464950561523 -1.5499992370605469 12.5
    endloop
  endfacet
  facet normal 0.7071067811865475 0 0.7071067811865475
    outer loop
      vertex 12.5 -3 12.164464950561523
      vertex 12.164464950561523 -1.5499992370605469 12.5
      vertex 11.915125846862793 -3 12.74933910369873
    endloop
  endfacet
  facet normal 0.7071067811865475 0 0.7071067811865475
    outer loop
      vertex 12.164464950561523 -1.5499992370605469 12.5
      vertex 12.5 -3 12.164464950561523
      vertex 12.5 0 12.164464950561523
    endloop
  endfacet
  facet normal -0.7071067811865476 0 0.7071067811865476
    outer loop
      vertex -12.5 0 12.164464950561523
      vertex -12.164464950561523 -1.4499998092651367 12.5
      vertex -11.664464950561523 0 13
    endloop
  endfacet
  facet normal -0.7071067811865475 0 0.7071067811865475
    outer loop
      vertex -12.5 0 12.164464950561523
      vertex -12.164464950561523 -1.5499992370605469 12.5
      vertex -12.164464950561523 -1.4499998092651367 12.5
    endloop
  endfacet
  facet normal -0.7071067811865475 0 0.7071067811865475
    outer loop
      vertex -11.915125846862793 -3 12.74933910369873
      vertex -12.164464950561523 -1.5499992370605469 12.5
      vertex -12.5 -3 12.164464950561523
    endloop
  endfacet
  facet normal -0.7071067811865475 0 0.7071067811865475
    outer loop
      vertex -12.5 -3 12.164464950561523
      vertex -12.164464950561523 -1.5499992370605469 12.5
      vertex -12.5 0 12.164464950561523
    endloop
  endfacet
  facet normal -0.7071067811865476 0 0.7071067811865476
    outer loop
      vertex -11.664464950561523 0.4499998092651367 13
      vertex -11.664464950561523 0 13
      vertex -10.164464950561523 0.4499998092651367 14.5
    endloop
  endfacet
  facet normal -0.7071067811865475 0 0.7071067811865475
    outer loop
      vertex -11.664464950561523 2.4499998092651367 13
      vertex -11.664464950561523 0.5499992370605469 13
      vertex -10.164464950561523 2.4499998092651367 14.5
    endloop
  endfacet
  facet normal -0.7071067811865476 0 0.7071067811865476
    outer loop
      vertex -11.664464950561523 2.549999237060547 13
      vertex -11.164464950561523 5 13.5
      vertex -11.664464950561523 5 13
    endloop
  endfacet
  facet normal -0.7071067811865476 0 0.7071067811865476
    outer loop
      vertex -11.164464950561523 5 13.5
      vertex -11.664464950561523 2.549999237060547 13
      vertex -9.664464950561523 4 15
    endloop
  endfacet
  facet normal -0.7071067811865475 0 0.7071067811865475
    outer loop
      vertex -10.164464950561523 2.549999237060547 14.5
      vertex -9.664464950561523 4 15
      vertex -11.664464950561523 2.549999237060547 13
    endloop
  endfacet
  facet normal -0.7071067811865476 0 0.7071067811865476
    outer loop
      vertex -10.164464950561523 2.4499998092651367 14.5
      vertex -9.664464950561523 4 15
      vertex -10.164464950561523 2.549999237060547 14.5
    endloop
  endfacet
  facet normal -0.7071067811865475 0 0.7071067811865475
    outer loop
      vertex -10.164464950561523 0.5499992370605469 14.5
      vertex -10.164464950561523 2.4499998092651367 14.5
      vertex -11.664464950561523 0.5499992370605469 13
    endloop
  endfacet
  facet normal -0.7071067811865475 0 0.7071067811865475
    outer loop
      vertex -10.164464950561523 0.5499992370605469 14.5
      vertex -9.664464950561523 4 15
      vertex -10.164464950561523 2.4499998092651367 14.5
    endloop
  endfacet
  facet normal -0.7071067811865476 0 0.7071067811865476
    outer loop
      vertex -10.164464950561523 0.4499998092651367 14.5
      vertex -9.664464950561523 4 15
      vertex -10.164464950561523 0.5499992370605469 14.5
    endloop
  endfacet
  facet normal -0.7071067811865476 0 0.7071067811865476
    outer loop
      vertex -10.164464950561523 -1.4499998092651367 14.5
      vertex -11.664464950561523 0 13
      vertex -12.164464950561523 -1.4499998092651367 12.5
    endloop
  endfacet
  facet normal -0.7071067811865476 0 0.7071067811865476
    outer loop
      vertex -11.664464950561523 0 13
      vertex -10.164464950561523 -1.4499998092651367 14.5
      vertex -10.164464950561523 0.4499998092651367 14.5
    endloop
  endfacet
  facet normal -0.7071067811865476 0 0.7071067811865476
    outer loop
      vertex -9.664464950561523 -3 15
      vertex -10.164464950561523 0.4499998092651367 14.5
      vertex -10.164464950561523 -1.4499998092651367 14.5
    endloop
  endfacet
  facet normal -0.7071067811865476 0 0.7071067811865476
    outer loop
      vertex -9.664464950561523 -3 15
      vertex -10.164464950561523 -1.4499998092651367 14.5
      vertex -10.164464950561523 -1.5499992370605469 14.5
    endloop
  endfacet
  facet normal -0.7071067811865476 0 0.7071067811865476
    outer loop
      vertex -12.164464950561523 -1.5499992370605469 12.5
      vertex -11.915125846862793 -3 12.74933910369873
      vertex -10.164464950561523 -1.5499992370605469 14.5
    endloop
  endfacet
  facet normal -0.7071067811865476 0 0.7071067811865476
    outer loop
      vertex -10.164464950561523 0.4499998092651367 14.5
      vertex -9.664464950561523 -3 15
      vertex -9.664464950561523 4 15
    endloop
  endfacet
  facet normal -0.7071067811865476 0 0.7071067811865476
    outer loop
      vertex -11.915125846862793 -3 12.74933910369873
      vertex -9.664464950561523 -3 15
      vertex -10.164464950561523 -1.5499992370605469 14.5
    endloop
  endfacet
  facet normal -0.7071067811865476 0 0.7071067811865476
    outer loop
      vertex -11.687674522399902 -3.464186191558838 12.976790428161621
      vertex -9.664464950561523 -3 15
      vertex -11.915125846862793 -3 12.74933910369873
    endloop
  endfacet
  facet normal -0.7071067811865476 0 0.7071067811865476
    outer loop
      vertex -9.664464950561523 -3 15
      vertex -11.687674522399902 -3.464186191558838 12.976790428161621
      vertex -10.695569038391113 -4.031103610992432 13.96889591217041
    endloop
  endfacet
endsolid OpenSCAD_Model
