solid OpenSCAD_Model
  facet normal -0.8910059973366344 0.45399153374281054 0
    outer loop
      vertex -104.75527954101562 -125.45491027832031 8
      vertex -104.04508209228516 -124.06107330322266 20
      vertex -104.04508209228516 -124.06107330322266 8
    endloop
  endfacet
  facet normal -0.8910059973366344 0.45399153374281054 0
    outer loop
      vertex -104.04508209228516 -124.06107330322266 20
      vertex -104.75527954101562 -125.45491027832031 8
      vertex -104.75527954101562 -125.45491027832031 20
    endloop
  endfacet
  facet normal 0.15643589193930557 0.9876881145954698 0
    outer loop
      vertex -98.45491027832031 -122.24472045898438 8
      vertex -100 -122 20
      vertex -98.45491027832031 -122.24472045898438 20
    endloop
  endfacet
  facet normal 0.15643589193930557 0.9876881145954698 0
    outer loop
      vertex -100 -122 20
      vertex -98.45491027832031 -122.24472045898438 8
      vertex -100 -122 8
    endloop
  endfacet
  facet normal 0.8910079701509505 0.4539876618670194 0
    outer loop
      vertex -95.24472045898438 -125.45491027832031 20
      vertex -95.95491027832031 -124.06107330322266 8
      vertex -95.95491027832031 -124.06107330322266 20
    endloop
  endfacet
  facet normal 0.8910079701509505 0.4539876618670194 0
    outer loop
      vertex -95.95491027832031 -124.06107330322266 8
      vertex -95.24472045898438 -125.45491027832031 20
      vertex -95.24472045898438 -125.45491027832031 8
    endloop
  endfacet
  facet normal 0.7071067811865476 0.7071067811865476 0
    outer loop
      vertex -95.95491027832031 -124.06107330322266 20
      vertex -97.06107330322266 -122.95491027832031 8
      vertex -97.06107330322266 -122.95491027832031 20
    endloop
  endfacet
  facet normal 0.7071067811865476 0.7071067811865476 0
    outer loop
      vertex -97.06107330322266 -122.95491027832031 8
      vertex -95.95491027832031 -124.06107330322266 20
      vertex -95.95491027832031 -124.06107330322266 8
    endloop
  endfacet
  facet normal 0 0 -1
    outer loop
      vertex -150 -150 0
      vertex -170 -150 0
      vertex -150 -127.5 0
    endloop
  endfacet
  facet normal 0 0 -1
    outer loop
      vertex 10 -150 0
      vertex -10 -150 0
      vertex 10 -127.5 0
    endloop
  endfacet
  facet normal 0 0 -1
    outer loop
      vertex 101 -127 0
      vertex 105 -127 0
      vertex 104.75527954101562 -128.5450897216797 0
    endloop
  endfacet
  facet normal 0 0 -1
    outer loop
      vertex 100.95105743408203 -127.30901336669922 0
      vertex 104.75527954101562 -128.5450897216797 0
      vertex 104.04508209228516 -129.9389190673828 0
    endloop
  endfacet
  facet normal 0 0 -1
    outer loop
      vertex 105 -127 0
      vertex 101 -127 0
      vertex 104.75527954101562 -125.45491027832031 0
    endloop
  endfacet
  facet normal 0 0 -1
    outer loop
      vertex 100.80901336669922 -127.58778381347656 0
      vertex 104.04508209228516 -129.9389190673828 0
      vertex 102.93892669677734 -131.0450897216797 0
    endloop
  endfacet
  facet normal 0 0 -1
    outer loop
      vertex 100.95105743408203 -126.69097900390625 0
      vertex 104.75527954101562 -125.45491027832031 0
      vertex 101 -127 0
    endloop
  endfacet
  facet normal 0 0 -1
    outer loop
      vertex 100.58778381347656 -127.80901336669922 0
      vertex 102.93892669677734 -131.0450897216797 0
      vertex 101.54508209228516 -131.75527954101562 0
    endloop
  endfacet
  facet normal 0 0 -1
    outer loop
      vertex 104.75527954101562 -125.45491027832031 0
      vertex 100.95105743408203 -126.69097900390625 0
      vertex 104.04508209228516 -124.06107330322266 0
    endloop
  endfacet
  facet normal 0 0 -1
    outer loop
      vertex 100.80901336669922 -126.41221618652344 0
      vertex 104.04508209228516 -124.06107330322266 0
      vertex 100.95105743408203 -126.69097900390625 0
    endloop
  endfacet
  facet normal 0 0 -1
    outer loop
      vertex 104.75527954101562 -128.5450897216797 0
      vertex 100.95105743408203 -127.30901336669922 0
      vertex 101 -127 0
    endloop
  endfacet
  facet normal 0 0 -1
    outer loop
      vertex 104.04508209228516 -129.9389190673828 0
      vertex 100.80901336669922 -127.58778381347656 0
      vertex 100.95105743408203 -127.30901336669922 0
    endloop
  endfacet
  facet normal 0 0 -1
    outer loop
      vertex 102.93892669677734 -131.0450897216797 0
      vertex 100.58778381347656 -127.80901336669922 0
      vertex 100.80901336669922 -127.58778381347656 0
    endloop
  endfacet
  facet normal 0 0 -1
    outer loop
      vertex 101.54508209228516 -131.75527954101562 0
      vertex 100.30901336669922 -127.95105743408203 0
      vertex 100.58778381347656 -127.80901336669922 0
    endloop
  endfacet
  facet normal 0 0 -1
    outer loop
      vertex 100 -132 0
      vertex 100.30901336669922 -127.95105743408203 0
      vertex 101.54508209228516 -131.75527954101562 0
    endloop
  endfacet
  facet normal 0 0 -1
    outer loop
      vertex 100 -132 0
      vertex 100 -128 0
      vertex 100.30901336669922 -127.95105743408203 0
    endloop
  endfacet
  facet normal 0 0 -1
    outer loop
      vertex 100 -132 0
      vertex 99.69097900390625 -127.95105743408203 0
      vertex 100 -128 0
    endloop
  endfacet
  facet normal 0 0 -1
    outer loop
      vertex 98.45491027832031 -131.75527954101562 0
      vertex 99.69097900390625 -127.95105743408203 0
      vertex 100 -132 0
    endloop
  endfacet
  facet normal 0 0 -1
    outer loop
      vertex 99.69097900390625 -127.95105743408203 0
      vertex 98.45491027832031 -131.75527954101562 0
      vertex 99.41221618652344 -127.80901336669922 0
    endloop
  endfacet
  facet normal 0 0 -1
    outer loop
      vertex 97.06107330322266 -131.0450897216797 0
      vertex 99.41221618652344 -127.80901336669922 0
      vertex 98.45491027832031 -131.75527954101562 0
    endloop
  endfacet
  facet normal 0 0 -1
    outer loop
      vertex 95.95491027832031 -129.9389190673828 0
      vertex 99.19097900390625 -127.58778381347656 0
      vertex 97.06107330322266 -131.0450897216797 0
    endloop
  endfacet
  facet normal 0 0 -1
    outer loop
      vertex 99.41221618652344 -127.80901336669922 0
      vertex 97.06107330322266 -131.0450897216797 0
      vertex 99.19097900390625 -127.58778381347656 0
    endloop
  endfacet
  facet normal 0 0 -1
    outer loop
      vertex 104.04508209228516 -124.06107330322266 0
      vertex 100.80901336669922 -126.41221618652344 0
      vertex 102.93892669677734 -122.95491027832031 0
    endloop
  endfacet
  facet normal 0 0 -1
    outer loop
      vertex 100.58778381347656 -126.19097900390625 0
      vertex 102.93892669677734 -122.95491027832031 0
      vertex 100.80901336669922 -126.41221618652344 0
    endloop
  endfacet
  facet normal 0 0 -1
    outer loop
      vertex 102.93892669677734 -122.95491027832031 0
      vertex 100.58778381347656 -126.19097900390625 0
      vertex 101.54508209228516 -122.24472045898438 0
    endloop
  endfacet
  facet normal 0 0 -1
    outer loop
      vertex 89 -112.5 0
      vertex 125.56053161621094 70.69242095947266 0
      vertex 100.87809753417969 -122.13907623291016 0
    endloop
  endfacet
  facet normal 0 0 -1
    outer loop
      vertex 100.30901336669922 -126.04894256591797 0
      vertex 101.54508209228516 -122.24472045898438 0
      vertex 100.58778381347656 -126.19097900390625 0
    endloop
  endfacet
  facet normal 0 0 -1
    outer loop
      vertex 101.54508209228516 -122.24472045898438 0
      vertex 100.30901336669922 -126.04894256591797 0
      vertex 100.87809753417969 -122.13907623291016 0
    endloop
  endfacet
  facet normal 0 0 -1
    outer loop
      vertex 100 -126 0
      vertex 100.87809753417969 -122.13907623291016 0
      vertex 100.30901336669922 -126.04894256591797 0
    endloop
  endfacet
  facet normal 0 0 -1
    outer loop
      vertex 99.69097900390625 -126.04894256591797 0
      vertex 100.87809753417969 -122.13907623291016 0
      vertex 100 -126 0
    endloop
  endfacet
  facet normal 0 0 -1
    outer loop
      vertex 99.41221618652344 -126.19097900390625 0
      vertex 100.87809753417969 -122.13907623291016 0
      vertex 99.69097900390625 -126.04894256591797 0
    endloop
  endfacet
  facet normal 0 0 -1
    outer loop
      vertex 95.07919311523438 -127.5 0
      vertex 100.87809753417969 -122.13907623291016 0
      vertex 99.41221618652344 -126.19097900390625 0
    endloop
  endfacet
  facet normal 0 0 -1
    outer loop
      vertex 95.07919311523438 -127.5 0
      vertex 99.41221618652344 -126.19097900390625 0
      vertex 99.19097900390625 -126.41221618652344 0
    endloop
  endfacet
  facet normal 0 0 -1
    outer loop
      vertex 95.07919311523438 -127.5 0
      vertex 99.19097900390625 -126.41221618652344 0
      vertex 99.04894256591797 -126.69097900390625 0
    endloop
  endfacet
  facet normal 0 0 -1
    outer loop
      vertex 95.07919311523438 -127.5 0
      vertex 99.04894256591797 -126.69097900390625 0
      vertex 99 -127 0
    endloop
  endfacet
  facet normal 0 0 -1
    outer loop
      vertex 99.19097900390625 -127.58778381347656 0
      vertex 95.95491027832031 -129.9389190673828 0
      vertex 99.04894256591797 -127.30901336669922 0
    endloop
  endfacet
  facet normal 0 0 -1
    outer loop
      vertex 95.24472045898438 -128.5450897216797 0
      vertex 99.04894256591797 -127.30901336669922 0
      vertex 95.95491027832031 -129.9389190673828 0
    endloop
  endfacet
  facet normal 0 0 -1
    outer loop
      vertex 95.07919311523438 -127.5 0
      vertex 99.04894256591797 -127.30901336669922 0
      vertex 95.24472045898438 -128.5450897216797 0
    endloop
  endfacet
  facet normal 0 0 -1
    outer loop
      vertex 99.04894256591797 -127.30901336669922 0
      vertex 95.07919311523438 -127.5 0
      vertex 99 -127 0
    endloop
  endfacet
  facet normal 0 0 -1
    outer loop
      vertex 100.87809753417969 -122.13907623291016 0
      vertex 95.07919311523438 -127.5 0
      vertex 89 -112.5 0
    endloop
  endfacet
  facet normal 0 0 -1
    outer loop
      vertex 125.56053161621094 70.69242095947266 0
      vertex 89 -112.5 0
      vertex 117 109.5 0
    endloop
  endfacet
  facet normal 0 0 -1
    outer loop
      vertex 10 -127.5 0
      vertex 89 -112.5 0
      vertex 95.07919311523438 -127.5 0
    endloop
  endfacet
  facet normal 0 0 -1
    outer loop
      vertex -10 -127.5 0
      vertex 10 -127.5 0
      vertex -10 -150 0
    endloop
  endfacet
  facet normal 0 0 -1
    outer loop
      vertex -10 -127.5 0
      vertex 89 -112.5 0
      vertex 10 -127.5 0
    endloop
  endfacet
  facet normal 0 0 -1
    outer loop
      vertex -10 -127.5 0
      vertex -89 -112.5 0
      vertex 89 -112.5 0
    endloop
  endfacet
  facet normal 0 0 -1
    outer loop
      vertex -95.07919311523438 -127.5 0
      vertex -89 -112.5 0
      vertex -10 -127.5 0
    endloop
  endfacet
  facet normal 0 0 -1
    outer loop
      vertex -99.04894256591797 -127.30901336669922 0
      vertex -95.24472045898438 -128.5450897216797 0
      vertex -95.95491027832031 -129.9389190673828 0
    endloop
  endfacet
  facet normal 0 0 -1
    outer loop
      vertex -99.19097900390625 -127.58778381347656 0
      vertex -95.95491027832031 -129.9389190673828 0
      vertex -97.06107330322266 -131.0450897216797 0
    endloop
  endfacet
  facet normal 0 0 -1
    outer loop
      vertex -99.04894256591797 -127.30901336669922 0
      vertex -95.95491027832031 -129.9389190673828 0
      vertex -99.19097900390625 -127.58778381347656 0
    endloop
  endfacet
  facet normal 0 0 -1
    outer loop
      vertex -99.41221618652344 -127.80901336669922 0
      vertex -97.06107330322266 -131.0450897216797 0
      vertex -98.45491027832031 -131.75527954101562 0
    endloop
  endfacet
  facet normal 0 0 -1
    outer loop
      vertex -95.07919311523438 -127.5 0
      vertex -99 -127 0
      vertex -99.04894256591797 -126.69097900390625 0
    endloop
  endfacet
  facet normal 0 0 -1
    outer loop
      vertex -99.19097900390625 -126.41221618652344 0
      vertex -95.07919311523438 -127.5 0
      vertex -99.04894256591797 -126.69097900390625 0
    endloop
  endfacet
  facet normal 0 0 -1
    outer loop
      vertex -99.41221618652344 -126.19097900390625 0
      vertex -95.07919311523438 -127.5 0
      vertex -99.19097900390625 -126.41221618652344 0
    endloop
  endfacet
  facet normal 0 0 -1
    outer loop
      vertex -95.07919311523438 -127.5 0
      vertex -99.41221618652344 -126.19097900390625 0
      vertex -89 -112.5 0
    endloop
  endfacet
  facet normal 0 0 -1
    outer loop
      vertex -99.69097900390625 -126.04894256591797 0
      vertex -89 -112.5 0
      vertex -99.41221618652344 -126.19097900390625 0
    endloop
  endfacet
  facet normal 0 0 -1
    outer loop
      vertex -100 -126 0
      vertex -89 -112.5 0
      vertex -99.69097900390625 -126.04894256591797 0
    endloop
  endfacet
  facet normal 0 0 -1
    outer loop
      vertex -102.81590270996094 -107 0
      vertex -100 -126 0
      vertex -100.30901336669922 -126.04894256591797 0
    endloop
  endfacet
  facet normal 0 0 -1
    outer loop
      vertex -102.81590270996094 -107 0
      vertex -100.30901336669922 -126.04894256591797 0
      vertex -100.58778381347656 -126.19097900390625 0
    endloop
  endfacet
  facet normal 0 0 -1
    outer loop
      vertex -104.92080688476562 -127.5 0
      vertex -100.58778381347656 -126.19097900390625 0
      vertex -100.80901336669922 -126.41221618652344 0
    endloop
  endfacet
  facet normal 0 0 -1
    outer loop
      vertex -100.80901336669922 -127.58778381347656 0
      vertex -104.04508209228516 -129.9389190673828 0
      vertex -100.95105743408203 -127.30901336669922 0
    endloop
  endfacet
  facet normal 0 0 -1
    outer loop
      vertex -104.92080688476562 -127.5 0
      vertex -100.95105743408203 -126.69097900390625 0
      vertex -101 -127 0
    endloop
  endfacet
  facet normal 0 0 -1
    outer loop
      vertex -104.92080688476562 -127.5 0
      vertex -100.80901336669922 -126.41221618652344 0
      vertex -100.95105743408203 -126.69097900390625 0
    endloop
  endfacet
  facet normal 0 0 -1
    outer loop
      vertex -100 -126 0
      vertex -102.81590270996094 -107 0
      vertex -89 -112.5 0
    endloop
  endfacet
  facet normal 0 0 -1
    outer loop
      vertex -125.56053161621094 70.69242095947266 0
      vertex -89 -112.5 0
      vertex -102.81590270996094 -107 0
    endloop
  endfacet
  facet normal 0 0 -1
    outer loop
      vertex -131.7036895751953 118.32553100585938 0
      vertex -117 109.5 0
      vertex -125.56053161621094 70.69242095947266 0
    endloop
  endfacet
  facet normal 0 0 -1
    outer loop
      vertex -89 -112.5 0
      vertex -125.56053161621094 70.69242095947266 0
      vertex -117 109.5 0
    endloop
  endfacet
  facet normal 0 0 -1
    outer loop
      vertex 131 123 0
      vertex 135 123 0
      vertex 134.75527954101562 121.45491027832031 0
    endloop
  endfacet
  facet normal 0 0 -1
    outer loop
      vertex 130.9510498046875 122.69097900390625 0
      vertex 134.75527954101562 121.45491027832031 0
      vertex 134.0450897216797 120.06107330322266 0
    endloop
  endfacet
  facet normal 0 0 -1
    outer loop
      vertex 135 123 0
      vertex 131 123 0
      vertex 134.75527954101562 124.54508209228516 0
    endloop
  endfacet
  facet normal 0 0 -1
    outer loop
      vertex 130.80902099609375 122.41221618652344 0
      vertex 134.0450897216797 120.06107330322266 0
      vertex 132.9389190673828 118.95491027832031 0
    endloop
  endfacet
  facet normal 0 0 -1
    outer loop
      vertex 130.9510498046875 123.30901336669922 0
      vertex 134.75527954101562 124.54508209228516 0
      vertex 131 123 0
    endloop
  endfacet
  facet normal 0 0 -1
    outer loop
      vertex 130.58778381347656 122.19097900390625 0
      vertex 132.9389190673828 118.95491027832031 0
      vertex 131.7036895751953 118.32553100585938 0
    endloop
  endfacet
  facet normal 0 0 -1
    outer loop
      vertex 134.75527954101562 124.54508209228516 0
      vertex 130.9510498046875 123.30901336669922 0
      vertex 134.0450897216797 125.93892669677734 0
    endloop
  endfacet
  facet normal 0 0 -1
    outer loop
      vertex 130.80902099609375 123.58778381347656 0
      vertex 134.0450897216797 125.93892669677734 0
      vertex 130.9510498046875 123.30901336669922 0
    endloop
  endfacet
  facet normal 0 0 -1
    outer loop
      vertex 134.75527954101562 121.45491027832031 0
      vertex 130.9510498046875 122.69097900390625 0
      vertex 131 123 0
    endloop
  endfacet
  facet normal 0 0 -1
    outer loop
      vertex 134.0450897216797 120.06107330322266 0
      vertex 130.80902099609375 122.41221618652344 0
      vertex 130.9510498046875 122.69097900390625 0
    endloop
  endfacet
  facet normal 0 0 -1
    outer loop
      vertex 132.9389190673828 118.95491027832031 0
      vertex 130.58778381347656 122.19097900390625 0
      vertex 130.80902099609375 122.41221618652344 0
    endloop
  endfacet
  facet normal 0 0 -1
    outer loop
      vertex 131.7036895751953 118.32553100585938 0
      vertex 130.30902099609375 122.04894256591797 0
      vertex 130.58778381347656 122.19097900390625 0
    endloop
  endfacet
  facet normal 0 0 -1
    outer loop
      vertex 131.7036895751953 118.32553100585938 0
      vertex 130 122 0
      vertex 130.30902099609375 122.04894256591797 0
    endloop
  endfacet
  facet normal 0 0 -1
    outer loop
      vertex 131.7036895751953 118.32553100585938 0
      vertex 129.69097900390625 122.04894256591797 0
      vertex 130 122 0
    endloop
  endfacet
  facet normal 0 0 -1
    outer loop
      vertex 131.7036895751953 118.32553100585938 0
      vertex 129.41221618652344 122.19097900390625 0
      vertex 129.69097900390625 122.04894256591797 0
    endloop
  endfacet
  facet normal 0 0 -1
    outer loop
      vertex 117 110.5 0
      vertex 129.41221618652344 122.19097900390625 0
      vertex 131.7036895751953 118.32553100585938 0
    endloop
  endfacet
  facet normal 0 0 -1
    outer loop
      vertex 129.69097900390625 123.95105743408203 0
      vertex 127.95389556884766 127.5 0
      vertex 128.4549102783203 127.75527954101562 0
    endloop
  endfacet
  facet normal 0 0 -1
    outer loop
      vertex 117 110.5 0
      vertex 129 123 0
      vertex 129.0489501953125 122.69097900390625 0
    endloop
  endfacet
  facet normal 0 0 -1
    outer loop
      vertex 117 109.5 0
      vertex 131.7036895751953 118.32553100585938 0
      vertex 125.56053161621094 70.69242095947266 0
    endloop
  endfacet
  facet normal 0 0 -1
    outer loop
      vertex 117 110.5 0
      vertex 131.7036895751953 118.32553100585938 0
      vertex 117 109.5 0
    endloop
  endfacet
  facet normal 0 0 -1
    outer loop
      vertex 129.41221618652344 122.19097900390625 0
      vertex 117 110.5 0
      vertex 129.19097900390625 122.41221618652344 0
    endloop
  endfacet
  facet normal 0 0 -1
    outer loop
      vertex 129.19097900390625 122.41221618652344 0
      vertex 117 110.5 0
      vertex 129.0489501953125 122.69097900390625 0
    endloop
  endfacet
  facet normal 0 0 -1
    outer loop
      vertex 129 123 0
      vertex 117 110.5 0
      vertex 127.95389556884766 127.5 0
    endloop
  endfacet
  facet normal 0 0 -1
    outer loop
      vertex 117 110.5 0
      vertex 10 127.5 0
      vertex 127.95389556884766 127.5 0
    endloop
  endfacet
  facet normal 0 0 -1
    outer loop
      vertex 10 127.5 0
      vertex -10 127.5 0
      vertex 10 150 0
    endloop
  endfacet
  facet normal 0 0 -1
    outer loop
      vertex 117 110.5 0
      vertex -10 127.5 0
      vertex 10 127.5 0
    endloop
  endfacet
  facet normal 0 0 -1
    outer loop
      vertex -117 110.5 0
      vertex -10 127.5 0
      vertex 117 110.5 0
    endloop
  endfacet
  facet normal 0 0 -1
    outer loop
      vertex -117 110.5 0
      vertex -127.95389556884766 127.5 0
      vertex -10 127.5 0
    endloop
  endfacet
  facet normal 0 0 -1
    outer loop
      vertex -117 109.5 0
      vertex -131.7036895751953 118.32553100585938 0
      vertex -117 110.5 0
    endloop
  endfacet
  facet normal 0 0 -1
    outer loop
      vertex -129 123 0
      vertex -117 110.5 0
      vertex -129.0489501953125 122.69097900390625 0
    endloop
  endfacet
  facet normal 0 0 -1
    outer loop
      vertex -129.0489501953125 123.30901336669922 0
      vertex -127.95389556884766 127.5 0
      vertex -129 123 0
    endloop
  endfacet
  facet normal 0 0 -1
    outer loop
      vertex -117 110.5 0
      vertex -129 123 0
      vertex -127.95389556884766 127.5 0
    endloop
  endfacet
  facet normal 0 0 -1
    outer loop
      vertex -117 110.5 0
      vertex -129.19097900390625 122.41221618652344 0
      vertex -129.0489501953125 122.69097900390625 0
    endloop
  endfacet
  facet normal 0 0 -1
    outer loop
      vertex -129.41221618652344 122.19097900390625 0
      vertex -117 110.5 0
      vertex -131.7036895751953 118.32553100585938 0
    endloop
  endfacet
  facet normal 0 0 -1
    outer loop
      vertex -117 110.5 0
      vertex -129.41221618652344 122.19097900390625 0
      vertex -129.19097900390625 122.41221618652344 0
    endloop
  endfacet
  facet normal 0 0 -1
    outer loop
      vertex -129.41221618652344 122.19097900390625 0
      vertex -131.7036895751953 118.32553100585938 0
      vertex -129.69097900390625 122.04894256591797 0
    endloop
  endfacet
  facet normal 0 0 -1
    outer loop
      vertex -129.69097900390625 122.04894256591797 0
      vertex -131.7036895751953 118.32553100585938 0
      vertex -130 122 0
    endloop
  endfacet
  facet normal 0 0 -1
    outer loop
      vertex -130 122 0
      vertex -131.7036895751953 118.32553100585938 0
      vertex -130.30902099609375 122.04894256591797 0
    endloop
  endfacet
  facet normal 0 0 -1
    outer loop
      vertex -130.30902099609375 122.04894256591797 0
      vertex -131.7036895751953 118.32553100585938 0
      vertex -130.58778381347656 122.19097900390625 0
    endloop
  endfacet
  facet normal 0 0 -1
    outer loop
      vertex -132.9389190673828 118.95491027832031 0
      vertex -130.58778381347656 122.19097900390625 0
      vertex -131.7036895751953 118.32553100585938 0
    endloop
  endfacet
  facet normal 0 0 -1
    outer loop
      vertex -130.58778381347656 122.19097900390625 0
      vertex -132.9389190673828 118.95491027832031 0
      vertex -130.80902099609375 122.41221618652344 0
    endloop
  endfacet
  facet normal 0 0 -1
    outer loop
      vertex -134.0450897216797 120.06107330322266 0
      vertex -130.80902099609375 122.41221618652344 0
      vertex -132.9389190673828 118.95491027832031 0
    endloop
  endfacet
  facet normal 0 0 -1
    outer loop
      vertex -130.80902099609375 122.41221618652344 0
      vertex -134.0450897216797 120.06107330322266 0
      vertex -130.9510498046875 122.69097900390625 0
    endloop
  endfacet
  facet normal 0 0 -1
    outer loop
      vertex -134.75527954101562 121.45491027832031 0
      vertex -130.9510498046875 122.69097900390625 0
      vertex -134.0450897216797 120.06107330322266 0
    endloop
  endfacet
  facet normal 0 0 -1
    outer loop
      vertex -131 123 0
      vertex -132.9389190673828 127.04508209228516 0
      vertex -131.5450897216797 127.75527954101562 0
    endloop
  endfacet
  facet normal 0 0 -1
    outer loop
      vertex -130.9510498046875 122.69097900390625 0
      vertex -134.75527954101562 121.45491027832031 0
      vertex -131 123 0
    endloop
  endfacet
  facet normal 0 0 -1
    outer loop
      vertex -131 123 0
      vertex -134.0450897216797 125.93892669677734 0
      vertex -132.9389190673828 127.04508209228516 0
    endloop
  endfacet
  facet normal 0 0 -1
    outer loop
      vertex -135 123 0
      vertex -131 123 0
      vertex -134.75527954101562 121.45491027832031 0
    endloop
  endfacet
  facet normal 0 0 -1
    outer loop
      vertex -131 123 0
      vertex -134.75527954101562 124.54508209228516 0
      vertex -134.0450897216797 125.93892669677734 0
    endloop
  endfacet
  facet normal 0 0 -1
    outer loop
      vertex -131 123 0
      vertex -135 123 0
      vertex -134.75527954101562 124.54508209228516 0
    endloop
  endfacet
  facet normal 0 0 -1
    outer loop
      vertex 134.0450897216797 125.93892669677734 0
      vertex 130.80902099609375 123.58778381347656 0
      vertex 132.9389190673828 127.04508209228516 0
    endloop
  endfacet
  facet normal 0 0 -1
    outer loop
      vertex 130.58778381347656 123.80901336669922 0
      vertex 132.9389190673828 127.04508209228516 0
      vertex 130.80902099609375 123.58778381347656 0
    endloop
  endfacet
  facet normal 0 0 -1
    outer loop
      vertex 132.9389190673828 127.04508209228516 0
      vertex 130.58778381347656 123.80901336669922 0
      vertex 131.5450897216797 127.75527954101562 0
    endloop
  endfacet
  facet normal 0 0 -1
    outer loop
      vertex 130.30902099609375 123.95105743408203 0
      vertex 131.5450897216797 127.75527954101562 0
      vertex 130.58778381347656 123.80901336669922 0
    endloop
  endfacet
  facet normal 0 0 -1
    outer loop
      vertex 130 124 0
      vertex 131.5450897216797 127.75527954101562 0
      vertex 130.30902099609375 123.95105743408203 0
    endloop
  endfacet
  facet normal 0 0 -1
    outer loop
      vertex 130 124 0
      vertex 130 128 0
      vertex 131.5450897216797 127.75527954101562 0
    endloop
  endfacet
  facet normal 0 0 -1
    outer loop
      vertex 129.69097900390625 123.95105743408203 0
      vertex 130 128 0
      vertex 130 124 0
    endloop
  endfacet
  facet normal 0 0 -1
    outer loop
      vertex 127.95389556884766 127.5 0
      vertex 129.69097900390625 123.95105743408203 0
      vertex 129.41221618652344 123.80901336669922 0
    endloop
  endfacet
  facet normal 0 0 -1
    outer loop
      vertex 127.95389556884766 127.5 0
      vertex 129.41221618652344 123.80901336669922 0
      vertex 129.19097900390625 123.58778381347656 0
    endloop
  endfacet
  facet normal 0 0 -1
    outer loop
      vertex 127.95389556884766 127.5 0
      vertex 129.19097900390625 123.58778381347656 0
      vertex 129.0489501953125 123.30901336669922 0
    endloop
  endfacet
  facet normal 0 0 -1
    outer loop
      vertex 129.69097900390625 123.95105743408203 0
      vertex 128.4549102783203 127.75527954101562 0
      vertex 130 128 0
    endloop
  endfacet
  facet normal 0 0 -1
    outer loop
      vertex 127.95389556884766 127.5 0
      vertex 129.0489501953125 123.30901336669922 0
      vertex 129 123 0
    endloop
  endfacet
  facet normal 0 0 -1
    outer loop
      vertex -129.19097900390625 123.58778381347656 0
      vertex -127.95389556884766 127.5 0
      vertex -129.0489501953125 123.30901336669922 0
    endloop
  endfacet
  facet normal 0 0 -1
    outer loop
      vertex -129.41221618652344 123.80901336669922 0
      vertex -127.95389556884766 127.5 0
      vertex -129.19097900390625 123.58778381347656 0
    endloop
  endfacet
  facet normal 0 0 -1
    outer loop
      vertex -129.69097900390625 123.95105743408203 0
      vertex -127.95389556884766 127.5 0
      vertex -129.41221618652344 123.80901336669922 0
    endloop
  endfacet
  facet normal 0 0 -1
    outer loop
      vertex -127.95389556884766 127.5 0
      vertex -129.69097900390625 123.95105743408203 0
      vertex -128.4549102783203 127.75527954101562 0
    endloop
  endfacet
  facet normal 0 0 -1
    outer loop
      vertex -130 124 0
      vertex -128.4549102783203 127.75527954101562 0
      vertex -129.69097900390625 123.95105743408203 0
    endloop
  endfacet
  facet normal 0 0 -1
    outer loop
      vertex -130 124 0
      vertex -130 128 0
      vertex -128.4549102783203 127.75527954101562 0
    endloop
  endfacet
  facet normal 0 0 -1
    outer loop
      vertex -130.30902099609375 123.95105743408203 0
      vertex -130 128 0
      vertex -130 124 0
    endloop
  endfacet
  facet normal 0 0 -1
    outer loop
      vertex -131.5450897216797 127.75527954101562 0
      vertex -130.30902099609375 123.95105743408203 0
      vertex -130.58778381347656 123.80901336669922 0
    endloop
  endfacet
  facet normal 0 0 -1
    outer loop
      vertex -131.5450897216797 127.75527954101562 0
      vertex -130.58778381347656 123.80901336669922 0
      vertex -130.80902099609375 123.58778381347656 0
    endloop
  endfacet
  facet normal 0 0 -1
    outer loop
      vertex -131.5450897216797 127.75527954101562 0
      vertex -130.80902099609375 123.58778381347656 0
      vertex -130.9510498046875 123.30901336669922 0
    endloop
  endfacet
  facet normal 0 0 -1
    outer loop
      vertex -130.30902099609375 123.95105743408203 0
      vertex -131.5450897216797 127.75527954101562 0
      vertex -130 128 0
    endloop
  endfacet
  facet normal 0 0 -1
    outer loop
      vertex -131.5450897216797 127.75527954101562 0
      vertex -130.9510498046875 123.30901336669922 0
      vertex -131 123 0
    endloop
  endfacet
  facet normal 0 0 -1
    outer loop
      vertex -104.75527954101562 -128.5450897216797 0
      vertex -100.95105743408203 -127.30901336669922 0
      vertex -104.04508209228516 -129.9389190673828 0
    endloop
  endfacet
  facet normal 0 0 -1
    outer loop
      vertex -104.92080688476562 -127.5 0
      vertex -100.95105743408203 -127.30901336669922 0
      vertex -104.75527954101562 -128.5450897216797 0
    endloop
  endfacet
  facet normal 0 0 -1
    outer loop
      vertex -100.95105743408203 -127.30901336669922 0
      vertex -104.92080688476562 -127.5 0
      vertex -101 -127 0
    endloop
  endfacet
  facet normal 0 0 -1
    outer loop
      vertex -100.58778381347656 -126.19097900390625 0
      vertex -104.92080688476562 -127.5 0
      vertex -102.81590270996094 -107 0
    endloop
  endfacet
  facet normal 0 0 -1
    outer loop
      vertex -150 -127.5 0
      vertex -102.81590270996094 -107 0
      vertex -104.92080688476562 -127.5 0
    endloop
  endfacet
  facet normal 0 0 -1
    outer loop
      vertex -150 -127.5 0
      vertex -170 -107 0
      vertex -102.81590270996094 -107 0
    endloop
  endfacet
  facet normal 0 0 -1
    outer loop
      vertex -170 -107 0
      vertex -150 -127.5 0
      vertex -170 -150 0
    endloop
  endfacet
  facet normal 0 0 -1
    outer loop
      vertex -95.07919311523438 -127.5 0
      vertex -99.04894256591797 -127.30901336669922 0
      vertex -99 -127 0
    endloop
  endfacet
  facet normal 0 0 -1
    outer loop
      vertex -95.24472045898438 -128.5450897216797 0
      vertex -99.04894256591797 -127.30901336669922 0
      vertex -95.07919311523438 -127.5 0
    endloop
  endfacet
  facet normal 0 0 -1
    outer loop
      vertex -97.06107330322266 -131.0450897216797 0
      vertex -99.41221618652344 -127.80901336669922 0
      vertex -99.19097900390625 -127.58778381347656 0
    endloop
  endfacet
  facet normal 0 0 -1
    outer loop
      vertex -98.45491027832031 -131.75527954101562 0
      vertex -99.69097900390625 -127.95105743408203 0
      vertex -99.41221618652344 -127.80901336669922 0
    endloop
  endfacet
  facet normal 0 0 -1
    outer loop
      vertex -100 -132 0
      vertex -99.69097900390625 -127.95105743408203 0
      vertex -98.45491027832031 -131.75527954101562 0
    endloop
  endfacet
  facet normal 0 0 -1
    outer loop
      vertex -100 -132 0
      vertex -100 -128 0
      vertex -99.69097900390625 -127.95105743408203 0
    endloop
  endfacet
  facet normal 0 0 -1
    outer loop
      vertex -100 -132 0
      vertex -100.30901336669922 -127.95105743408203 0
      vertex -100 -128 0
    endloop
  endfacet
  facet normal 0 0 -1
    outer loop
      vertex -101.54508209228516 -131.75527954101562 0
      vertex -100.30901336669922 -127.95105743408203 0
      vertex -100 -132 0
    endloop
  endfacet
  facet normal 0 0 -1
    outer loop
      vertex -100.30901336669922 -127.95105743408203 0
      vertex -101.54508209228516 -131.75527954101562 0
      vertex -100.58778381347656 -127.80901336669922 0
    endloop
  endfacet
  facet normal 0 0 -1
    outer loop
      vertex -102.93892669677734 -131.0450897216797 0
      vertex -100.58778381347656 -127.80901336669922 0
      vertex -101.54508209228516 -131.75527954101562 0
    endloop
  endfacet
  facet normal 0 0 -1
    outer loop
      vertex -104.04508209228516 -129.9389190673828 0
      vertex -100.80901336669922 -127.58778381347656 0
      vertex -102.93892669677734 -131.0450897216797 0
    endloop
  endfacet
  facet normal 0 0 -1
    outer loop
      vertex -100.58778381347656 -127.80901336669922 0
      vertex -102.93892669677734 -131.0450897216797 0
      vertex -100.80901336669922 -127.58778381347656 0
    endloop
  endfacet
  facet normal 0 0 -1
    outer loop
      vertex 10 150 0
      vertex -10 127.5 0
      vertex -10 150 0
    endloop
  endfacet
  facet normal -0.7071092197086234 0.707104342656062 0
    outer loop
      vertex -104.04508209228516 -124.06107330322266 8
      vertex -102.93892669677734 -122.95491027832031 20
      vertex -102.93892669677734 -122.95491027832031 8
    endloop
  endfacet
  facet normal -0.7071092197086234 0.707104342656062 0
    outer loop
      vertex -102.93892669677734 -122.95491027832031 20
      vertex -104.04508209228516 -124.06107330322266 8
      vertex -104.04508209228516 -124.06107330322266 20
    endloop
  endfacet
  facet normal 0.9876880674065275 -0.15643618987548455 0
    outer loop
      vertex -95 -127 20
      vertex -95.07919311523438 -127.5 8
      vertex -95 -127 8
    endloop
  endfacet
  facet normal 0.9876881145954698 -0.15643589193930557 -1.2725427402135873e-8
    outer loop
      vertex -95.24472045898438 -128.5450897216797 20
      vertex -95.07919311523438 -127.5 8
      vertex -95 -127 20
    endloop
  endfacet
  facet normal 0.9876881371719425 -0.1564357493983331 0
    outer loop
      vertex -95.24472045898438 -128.5450897216797 0
      vertex -95.07919311523438 -127.5 8
      vertex -95.24472045898438 -128.5450897216797 20
    endloop
  endfacet
  facet normal 0.9876881371719426 -0.1564357493983331 0
    outer loop
      vertex -95.07919311523438 -127.5 8
      vertex -95.24472045898438 -128.5450897216797 0
      vertex -95.07919311523438 -127.5 0
    endloop
  endfacet
  facet normal -0.453985689064208 -0.891008975333524 0
    outer loop
      vertex -102.93892669677734 -131.0450897216797 0
      vertex -101.54508209228516 -131.75527954101562 20
      vertex -102.93892669677734 -131.0450897216797 20
    endloop
  endfacet
  facet normal -0.453985689064208 -0.891008975333524 0
    outer loop
      vertex -101.54508209228516 -131.75527954101562 20
      vertex -102.93892669677734 -131.0450897216797 0
      vertex -101.54508209228516 -131.75527954101562 0
    endloop
  endfacet
  facet normal 0.9876881145954698 0.15643589193930557 0
    outer loop
      vertex -95 -127 20
      vertex -95.24472045898438 -125.45491027832031 8
      vertex -95.24472045898438 -125.45491027832031 20
    endloop
  endfacet
  facet normal 0.9876881145954698 0.15643589193930557 0
    outer loop
      vertex -95.24472045898438 -125.45491027832031 8
      vertex -95 -127 20
      vertex -95 -127 8
    endloop
  endfacet
  facet normal -0.15643363814029823 0.987688471562866 0
    outer loop
      vertex -100.87809753417969 -122.13907623291016 8
      vertex -100 -122 20
      vertex -100 -122 8
    endloop
  endfacet
  facet normal -0.1564366454935004 0.987687995242774 2.2558285294013675e-7
    outer loop
      vertex -100 -122 20
      vertex -100.87809753417969 -122.13907623291016 8
      vertex -101.54508209228516 -122.24472045898438 20
    endloop
  endfacet
  facet normal -0.1564406047231108 0.9876873681453394 0
    outer loop
      vertex -101.54508209228516 -122.24472045898438 4
      vertex -100.87809753417969 -122.13907623291016 8
      vertex -100.87809753417969 -122.13907623291016 4
    endloop
  endfacet
  facet normal -0.1564406047231108 0.9876873681453394 0
    outer loop
      vertex -100.87809753417969 -122.13907623291016 8
      vertex -101.54508209228516 -122.24472045898438 4
      vertex -101.54508209228516 -122.24472045898438 20
    endloop
  endfacet
  facet normal -0.45398568906420744 0.8910089753335229 5.0790269740967386e-8
    outer loop
      vertex -101.54508209228516 -122.24472045898438 20
      vertex -102.04610443115234 -122.5 8
      vertex -102.93892669677734 -122.95491027832031 20
    endloop
  endfacet
  facet normal -0.45398472330425466 0.891009467405571 0
    outer loop
      vertex -101.54508209228516 -122.24472045898438 4
      vertex -102.04610443115234 -122.5 8
      vertex -101.54508209228516 -122.24472045898438 20
    endloop
  endfacet
  facet normal -0.45398472330425466 0.891009467405571 0
    outer loop
      vertex -102.04610443115234 -122.5 8
      vertex -101.54508209228516 -122.24472045898438 4
      vertex -102.04610443115234 -122.5 4
    endloop
  endfacet
  facet normal -0.45398623101606495 0.8910086991987385 0
    outer loop
      vertex -102.93892669677734 -122.95491027832031 20
      vertex -102.04610443115234 -122.5 8
      vertex -102.93892669677734 -122.95491027832031 8
    endloop
  endfacet
  facet normal -0.9876881371719426 -0.1564357493983331 0
    outer loop
      vertex -104.92080688476562 -127.5 0
      vertex -104.75527954101562 -128.5450897216797 0
      vertex -104.92080688476562 -127.5 8
    endloop
  endfacet
  facet normal -0.9876880674065275 -0.15643618987548455 0
    outer loop
      vertex -104.92080688476562 -127.5 8
      vertex -105 -127 20
      vertex -105 -127 8
    endloop
  endfacet
  facet normal -0.9876881371719425 -0.1564357493983331 0
    outer loop
      vertex -104.75527954101562 -128.5450897216797 20
      vertex -104.92080688476562 -127.5 8
      vertex -104.75527954101562 -128.5450897216797 0
    endloop
  endfacet
  facet normal -0.9876881145954698 -0.15643589193930557 -1.2725427402135873e-8
    outer loop
      vertex -104.92080688476562 -127.5 8
      vertex -104.75527954101562 -128.5450897216797 20
      vertex -105 -127 20
    endloop
  endfacet
  facet normal 0.7071092196918046 -0.707104342672881 0
    outer loop
      vertex -97.06107330322266 -131.0450897216797 20
      vertex -95.95491027832031 -129.9389190673828 0
      vertex -95.95491027832031 -129.9389190673828 20
    endloop
  endfacet
  facet normal 0.7071092196918046 -0.707104342672881 0
    outer loop
      vertex -95.95491027832031 -129.9389190673828 0
      vertex -97.06107330322266 -131.0450897216797 20
      vertex -97.06107330322266 -131.0450897216797 0
    endloop
  endfacet
  facet normal 0.8910069649552727 -0.4539896346847509 0
    outer loop
      vertex -95.95491027832031 -129.9389190673828 20
      vertex -95.24472045898438 -128.5450897216797 0
      vertex -95.24472045898438 -128.5450897216797 20
    endloop
  endfacet
  facet normal 0.8910069649552727 -0.4539896346847509 0
    outer loop
      vertex -95.24472045898438 -128.5450897216797 0
      vertex -95.95491027832031 -129.9389190673828 20
      vertex -95.95491027832031 -129.9389190673828 0
    endloop
  endfacet
  facet normal -0.8910049921260365 -0.45399350656863113 0
    outer loop
      vertex -104.04508209228516 -129.9389190673828 0
      vertex -104.75527954101562 -128.5450897216797 20
      vertex -104.75527954101562 -128.5450897216797 0
    endloop
  endfacet
  facet normal -0.8910049921260365 -0.45399350656863113 0
    outer loop
      vertex -104.75527954101562 -128.5450897216797 20
      vertex -104.04508209228516 -129.9389190673828 0
      vertex -104.04508209228516 -129.9389190673828 20
    endloop
  endfacet
  facet normal 0.1564358919393056 -0.9876881145954698 0
    outer loop
      vertex -100 -132 0
      vertex -98.45491027832031 -131.75527954101562 20
      vertex -100 -132 20
    endloop
  endfacet
  facet normal 0.1564358919393056 -0.9876881145954698 0
    outer loop
      vertex -98.45491027832031 -131.75527954101562 20
      vertex -100 -132 0
      vertex -98.45491027832031 -131.75527954101562 0
    endloop
  endfacet
  facet normal -0.707111658205471 -0.7071019041339863 0
    outer loop
      vertex -102.93892669677734 -131.0450897216797 0
      vertex -104.04508209228516 -129.9389190673828 20
      vertex -104.04508209228516 -129.9389190673828 0
    endloop
  endfacet
  facet normal -0.707111658205471 -0.7071019041339863 0
    outer loop
      vertex -104.04508209228516 -129.9389190673828 20
      vertex -102.93892669677734 -131.0450897216797 0
      vertex -102.93892669677734 -131.0450897216797 20
    endloop
  endfacet
  facet normal 0.4539876618670194 0.8910079701509505 0
    outer loop
      vertex -97.06107330322266 -122.95491027832031 8
      vertex -98.45491027832031 -122.24472045898438 20
      vertex -97.06107330322266 -122.95491027832031 20
    endloop
  endfacet
  facet normal 0.4539876618670194 0.8910079701509505 0
    outer loop
      vertex -98.45491027832031 -122.24472045898438 20
      vertex -97.06107330322266 -122.95491027832031 8
      vertex -98.45491027832031 -122.24472045898438 8
    endloop
  endfacet
  facet normal 0.4539876618670194 -0.8910079701509505 0
    outer loop
      vertex -98.45491027832031 -131.75527954101562 0
      vertex -97.06107330322266 -131.0450897216797 20
      vertex -98.45491027832031 -131.75527954101562 20
    endloop
  endfacet
  facet normal 0.4539876618670194 -0.8910079701509505 0
    outer loop
      vertex -97.06107330322266 -131.0450897216797 20
      vertex -98.45491027832031 -131.75527954101562 0
      vertex -97.06107330322266 -131.0450897216797 0
    endloop
  endfacet
  facet normal -0.9876881145954698 0.15643589193930557 0
    outer loop
      vertex -105 -127 8
      vertex -104.75527954101562 -125.45491027832031 20
      vertex -104.75527954101562 -125.45491027832031 8
    endloop
  endfacet
  facet normal -0.9876881145954698 0.15643589193930557 0
    outer loop
      vertex -104.75527954101562 -125.45491027832031 20
      vertex -105 -127 8
      vertex -105 -127 20
    endloop
  endfacet
  facet normal -0.15643664549350436 -0.9876879952427992 0
    outer loop
      vertex -101.54508209228516 -131.75527954101562 0
      vertex -100 -132 20
      vertex -101.54508209228516 -131.75527954101562 20
    endloop
  endfacet
  facet normal -0.15643664549350436 -0.9876879952427992 0
    outer loop
      vertex -100 -132 20
      vertex -101.54508209228516 -131.75527954101562 0
      vertex -100 -132 0
    endloop
  endfacet
  facet normal 0 0 1
    outer loop
      vertex -99 -127 20
      vertex -95 -127 20
      vertex -95.24472045898438 -125.45491027832031 20
    endloop
  endfacet
  facet normal 0 0 1
    outer loop
      vertex -99.04894256591797 -126.69097900390625 20
      vertex -95.24472045898438 -125.45491027832031 20
      vertex -95.95491027832031 -124.06107330322266 20
    endloop
  endfacet
  facet normal 0 0 1
    outer loop
      vertex -95 -127 20
      vertex -99 -127 20
      vertex -95.24472045898438 -128.5450897216797 20
    endloop
  endfacet
  facet normal 0 0 1
    outer loop
      vertex -99.19097900390625 -126.41221618652344 20
      vertex -95.95491027832031 -124.06107330322266 20
      vertex -97.06107330322266 -122.95491027832031 20
    endloop
  endfacet
  facet normal 0 0 1
    outer loop
      vertex -99.04894256591797 -127.30901336669922 20
      vertex -95.24472045898438 -128.5450897216797 20
      vertex -99 -127 20
    endloop
  endfacet
  facet normal 0 0 1
    outer loop
      vertex -99.41221618652344 -126.19097900390625 20
      vertex -97.06107330322266 -122.95491027832031 20
      vertex -98.45491027832031 -122.24472045898438 20
    endloop
  endfacet
  facet normal 0 0 1
    outer loop
      vertex -95.24472045898438 -128.5450897216797 20
      vertex -99.04894256591797 -127.30901336669922 20
      vertex -95.95491027832031 -129.9389190673828 20
    endloop
  endfacet
  facet normal 0 0 1
    outer loop
      vertex -99.19097900390625 -127.58778381347656 20
      vertex -95.95491027832031 -129.9389190673828 20
      vertex -99.04894256591797 -127.30901336669922 20
    endloop
  endfacet
  facet normal 0 0 1
    outer loop
      vertex -95.24472045898438 -125.45491027832031 20
      vertex -99.04894256591797 -126.69097900390625 20
      vertex -99 -127 20
    endloop
  endfacet
  facet normal 0 0 1
    outer loop
      vertex -95.95491027832031 -124.06107330322266 20
      vertex -99.19097900390625 -126.41221618652344 20
      vertex -99.04894256591797 -126.69097900390625 20
    endloop
  endfacet
  facet normal 0 0 1
    outer loop
      vertex -97.06107330322266 -122.95491027832031 20
      vertex -99.41221618652344 -126.19097900390625 20
      vertex -99.19097900390625 -126.41221618652344 20
    endloop
  endfacet
  facet normal 0 0 1
    outer loop
      vertex -98.45491027832031 -122.24472045898438 20
      vertex -99.69097900390625 -126.04894256591797 20
      vertex -99.41221618652344 -126.19097900390625 20
    endloop
  endfacet
  facet normal 0 0 1
    outer loop
      vertex -100 -122 20
      vertex -99.69097900390625 -126.04894256591797 20
      vertex -98.45491027832031 -122.24472045898438 20
    endloop
  endfacet
  facet normal 0 0 1
    outer loop
      vertex -100 -122 20
      vertex -100 -126 20
      vertex -99.69097900390625 -126.04894256591797 20
    endloop
  endfacet
  facet normal 0 0 1
    outer loop
      vertex -100 -122 20
      vertex -100.30901336669922 -126.04894256591797 20
      vertex -100 -126 20
    endloop
  endfacet
  facet normal 0 0 1
    outer loop
      vertex -101.54508209228516 -122.24472045898438 20
      vertex -100.30901336669922 -126.04894256591797 20
      vertex -100 -122 20
    endloop
  endfacet
  facet normal 0 0 1
    outer loop
      vertex -100.30901336669922 -126.04894256591797 20
      vertex -101.54508209228516 -122.24472045898438 20
      vertex -100.58778381347656 -126.19097900390625 20
    endloop
  endfacet
  facet normal 0 0 1
    outer loop
      vertex -102.93892669677734 -122.95491027832031 20
      vertex -100.58778381347656 -126.19097900390625 20
      vertex -101.54508209228516 -122.24472045898438 20
    endloop
  endfacet
  facet normal 0 0 1
    outer loop
      vertex -104.04508209228516 -124.06107330322266 20
      vertex -100.80901336669922 -126.41221618652344 20
      vertex -102.93892669677734 -122.95491027832031 20
    endloop
  endfacet
  facet normal 0 0 1
    outer loop
      vertex -100.58778381347656 -126.19097900390625 20
      vertex -102.93892669677734 -122.95491027832031 20
      vertex -100.80901336669922 -126.41221618652344 20
    endloop
  endfacet
  facet normal 0 0 1
    outer loop
      vertex -95.95491027832031 -129.9389190673828 20
      vertex -99.19097900390625 -127.58778381347656 20
      vertex -97.06107330322266 -131.0450897216797 20
    endloop
  endfacet
  facet normal 0 0 1
    outer loop
      vertex -99.41221618652344 -127.80901336669922 20
      vertex -97.06107330322266 -131.0450897216797 20
      vertex -99.19097900390625 -127.58778381347656 20
    endloop
  endfacet
  facet normal 0 0 1
    outer loop
      vertex -97.06107330322266 -131.0450897216797 20
      vertex -99.41221618652344 -127.80901336669922 20
      vertex -98.45491027832031 -131.75527954101562 20
    endloop
  endfacet
  facet normal 0 0 1
    outer loop
      vertex -99.69097900390625 -127.95105743408203 20
      vertex -98.45491027832031 -131.75527954101562 20
      vertex -99.41221618652344 -127.80901336669922 20
    endloop
  endfacet
  facet normal 0 0 1
    outer loop
      vertex -100 -128 20
      vertex -98.45491027832031 -131.75527954101562 20
      vertex -99.69097900390625 -127.95105743408203 20
    endloop
  endfacet
  facet normal 0 0 1
    outer loop
      vertex -100 -128 20
      vertex -100 -132 20
      vertex -98.45491027832031 -131.75527954101562 20
    endloop
  endfacet
  facet normal 0 0 1
    outer loop
      vertex -100.30901336669922 -127.95105743408203 20
      vertex -100 -132 20
      vertex -100 -128 20
    endloop
  endfacet
  facet normal 0 0 1
    outer loop
      vertex -101.54508209228516 -131.75527954101562 20
      vertex -100.30901336669922 -127.95105743408203 20
      vertex -100.58778381347656 -127.80901336669922 20
    endloop
  endfacet
  facet normal 0 0 1
    outer loop
      vertex -102.93892669677734 -131.0450897216797 20
      vertex -100.58778381347656 -127.80901336669922 20
      vertex -100.80901336669922 -127.58778381347656 20
    endloop
  endfacet
  facet normal 0 0 1
    outer loop
      vertex -104.04508209228516 -129.9389190673828 20
      vertex -100.80901336669922 -127.58778381347656 20
      vertex -100.95105743408203 -127.30901336669922 20
    endloop
  endfacet
  facet normal 0 0 1
    outer loop
      vertex -100.30901336669922 -127.95105743408203 20
      vertex -101.54508209228516 -131.75527954101562 20
      vertex -100 -132 20
    endloop
  endfacet
  facet normal 0 0 1
    outer loop
      vertex -104.75527954101562 -128.5450897216797 20
      vertex -100.95105743408203 -127.30901336669922 20
      vertex -101 -127 20
    endloop
  endfacet
  facet normal 0 0 1
    outer loop
      vertex -100.80901336669922 -126.41221618652344 20
      vertex -104.04508209228516 -124.06107330322266 20
      vertex -100.95105743408203 -126.69097900390625 20
    endloop
  endfacet
  facet normal 0 0 1
    outer loop
      vertex -104.75527954101562 -125.45491027832031 20
      vertex -100.95105743408203 -126.69097900390625 20
      vertex -104.04508209228516 -124.06107330322266 20
    endloop
  endfacet
  facet normal 0 0 1
    outer loop
      vertex -100.58778381347656 -127.80901336669922 20
      vertex -102.93892669677734 -131.0450897216797 20
      vertex -101.54508209228516 -131.75527954101562 20
    endloop
  endfacet
  facet normal 0 0 1
    outer loop
      vertex -100.95105743408203 -126.69097900390625 20
      vertex -104.75527954101562 -125.45491027832031 20
      vertex -101 -127 20
    endloop
  endfacet
  facet normal 0 0 1
    outer loop
      vertex -100.80901336669922 -127.58778381347656 20
      vertex -104.04508209228516 -129.9389190673828 20
      vertex -102.93892669677734 -131.0450897216797 20
    endloop
  endfacet
  facet normal 0 0 1
    outer loop
      vertex -105 -127 20
      vertex -101 -127 20
      vertex -104.75527954101562 -125.45491027832031 20
    endloop
  endfacet
  facet normal 0 0 1
    outer loop
      vertex -100.95105743408203 -127.30901336669922 20
      vertex -104.75527954101562 -128.5450897216797 20
      vertex -104.04508209228516 -129.9389190673828 20
    endloop
  endfacet
  facet normal 0 0 1
    outer loop
      vertex -101 -127 20
      vertex -105 -127 20
      vertex -104.75527954101562 -128.5450897216797 20
    endloop
  endfacet
  facet normal 0.9876881145954698 0.1564358919393056 0
    outer loop
      vertex 105 -127 20
      vertex 104.75527954101562 -125.45491027832031 0
      vertex 104.75527954101562 -125.45491027832031 20
    endloop
  endfacet
  facet normal 0.9876881145954698 0.1564358919393056 0
    outer loop
      vertex 104.75527954101562 -125.45491027832031 0
      vertex 105 -127 20
      vertex 105 -127 0
    endloop
  endfacet
  facet normal 0.707111658205471 -0.7071019041339863 0
    outer loop
      vertex 102.93892669677734 -131.0450897216797 20
      vertex 104.04508209228516 -129.9389190673828 0
      vertex 104.04508209228516 -129.9389190673828 20
    endloop
  endfacet
  facet normal 0.707111658205471 -0.7071019041339863 0
    outer loop
      vertex 104.04508209228516 -129.9389190673828 0
      vertex 102.93892669677734 -131.0450897216797 20
      vertex 102.93892669677734 -131.0450897216797 0
    endloop
  endfacet
  facet normal 0.453985689064208 -0.891008975333524 0
    outer loop
      vertex 101.54508209228516 -131.75527954101562 0
      vertex 102.93892669677734 -131.0450897216797 20
      vertex 101.54508209228516 -131.75527954101562 20
    endloop
  endfacet
  facet normal 0.453985689064208 -0.891008975333524 0
    outer loop
      vertex 102.93892669677734 -131.0450897216797 20
      vertex 101.54508209228516 -131.75527954101562 0
      vertex 102.93892669677734 -131.0450897216797 0
    endloop
  endfacet
  facet normal -0.8910069649552727 -0.4539896346847509 0
    outer loop
      vertex 95.95491027832031 -129.9389190673828 0
      vertex 95.24472045898438 -128.5450897216797 20
      vertex 95.24472045898438 -128.5450897216797 0
    endloop
  endfacet
  facet normal -0.8910069649552727 -0.4539896346847509 0
    outer loop
      vertex 95.24472045898438 -128.5450897216797 20
      vertex 95.95491027832031 -129.9389190673828 0
      vertex 95.95491027832031 -129.9389190673828 20
    endloop
  endfacet
  facet normal 0.1564366454935004 0.987687995242774 2.2558285294013675e-7
    outer loop
      vertex 101.54508209228516 -122.24472045898438 20
      vertex 100.87809753417969 -122.13907623291016 8
      vertex 100 -122 20
    endloop
  endfacet
  facet normal 0.1564406047231108 0.9876873681453395 0
    outer loop
      vertex 101.54508209228516 -122.24472045898438 0
      vertex 100.87809753417969 -122.13907623291016 8
      vertex 101.54508209228516 -122.24472045898438 20
    endloop
  endfacet
  facet normal 0.1564406047231108 0.9876873681453394 0
    outer loop
      vertex 100.87809753417969 -122.13907623291016 8
      vertex 101.54508209228516 -122.24472045898438 0
      vertex 100.87809753417969 -122.13907623291016 0
    endloop
  endfacet
  facet normal 0.15643363814029823 0.987688471562866 0
    outer loop
      vertex 100 -122 20
      vertex 100.87809753417969 -122.13907623291016 8
      vertex 100 -122 8
    endloop
  endfacet
  facet normal -0.9876881371719426 -0.1564357493983331 0
    outer loop
      vertex 95.07919311523438 -127.5 0
      vertex 95.24472045898438 -128.5450897216797 0
      vertex 95.07919311523438 -127.5 8
    endloop
  endfacet
  facet normal -0.9876880674065275 -0.15643618987548455 0
    outer loop
      vertex 95.07919311523438 -127.5 8
      vertex 95 -127 20
      vertex 95 -127 8
    endloop
  endfacet
  facet normal -0.9876881371719425 -0.1564357493983331 0
    outer loop
      vertex 95.24472045898438 -128.5450897216797 20
      vertex 95.07919311523438 -127.5 8
      vertex 95.24472045898438 -128.5450897216797 0
    endloop
  endfacet
  facet normal -0.9876881145954698 -0.15643589193930557 -1.2725427402135873e-8
    outer loop
      vertex 95.07919311523438 -127.5 8
      vertex 95.24472045898438 -128.5450897216797 20
      vertex 95 -127 20
    endloop
  endfacet
  facet normal -0.9876881145954698 0.15643589193930557 0
    outer loop
      vertex 95 -127 8
      vertex 95.24472045898438 -125.45491027832031 20
      vertex 95.24472045898438 -125.45491027832031 8
    endloop
  endfacet
  facet normal -0.9876881145954698 0.15643589193930557 0
    outer loop
      vertex 95.24472045898438 -125.45491027832031 20
      vertex 95 -127 8
      vertex 95 -127 20
    endloop
  endfacet
  facet normal 0.7071092197086234 0.707104342656062 0
    outer loop
      vertex 104.04508209228516 -124.06107330322266 20
      vertex 102.93892669677734 -122.95491027832031 0
      vertex 102.93892669677734 -122.95491027832031 20
    endloop
  endfacet
  facet normal 0.7071092197086234 0.707104342656062 0
    outer loop
      vertex 102.93892669677734 -122.95491027832031 0
      vertex 104.04508209228516 -124.06107330322266 20
      vertex 104.04508209228516 -124.06107330322266 0
    endloop
  endfacet
  facet normal 0.453985689064208 0.891008975333524 0
    outer loop
      vertex 102.93892669677734 -122.95491027832031 0
      vertex 101.54508209228516 -122.24472045898438 20
      vertex 102.93892669677734 -122.95491027832031 20
    endloop
  endfacet
  facet normal 0.453985689064208 0.891008975333524 0
    outer loop
      vertex 101.54508209228516 -122.24472045898438 20
      vertex 102.93892669677734 -122.95491027832031 0
      vertex 101.54508209228516 -122.24472045898438 0
    endloop
  endfacet
  facet normal 0.8910059973366344 0.45399153374281054 0
    outer loop
      vertex 104.75527954101562 -125.45491027832031 20
      vertex 104.04508209228516 -124.06107330322266 0
      vertex 104.04508209228516 -124.06107330322266 20
    endloop
  endfacet
  facet normal 0.8910059973366344 0.45399153374281054 0
    outer loop
      vertex 104.04508209228516 -124.06107330322266 0
      vertex 104.75527954101562 -125.45491027832031 20
      vertex 104.75527954101562 -125.45491027832031 0
    endloop
  endfacet
  facet normal -0.15643589193930557 0.9876881145954698 0
    outer loop
      vertex 100 -122 8
      vertex 98.45491027832031 -122.24472045898438 20
      vertex 100 -122 20
    endloop
  endfacet
  facet normal -0.15643589193930557 0.9876881145954698 0
    outer loop
      vertex 98.45491027832031 -122.24472045898438 20
      vertex 100 -122 8
      vertex 98.45491027832031 -122.24472045898438 8
    endloop
  endfacet
  facet normal -0.8910079701509505 0.4539876618670194 0
    outer loop
      vertex 95.24472045898438 -125.45491027832031 8
      vertex 95.95491027832031 -124.06107330322266 20
      vertex 95.95491027832031 -124.06107330322266 8
    endloop
  endfacet
  facet normal -0.8910079701509505 0.4539876618670194 0
    outer loop
      vertex 95.95491027832031 -124.06107330322266 20
      vertex 95.24472045898438 -125.45491027832031 8
      vertex 95.24472045898438 -125.45491027832031 20
    endloop
  endfacet
  facet normal -0.7071092196918046 -0.707104342672881 0
    outer loop
      vertex 97.06107330322266 -131.0450897216797 0
      vertex 95.95491027832031 -129.9389190673828 20
      vertex 95.95491027832031 -129.9389190673828 0
    endloop
  endfacet
  facet normal -0.7071092196918046 -0.707104342672881 0
    outer loop
      vertex 95.95491027832031 -129.9389190673828 20
      vertex 97.06107330322266 -131.0450897216797 0
      vertex 97.06107330322266 -131.0450897216797 20
    endloop
  endfacet
  facet normal 0.15643664549350436 -0.9876879952427992 0
    outer loop
      vertex 100 -132 0
      vertex 101.54508209228516 -131.75527954101562 20
      vertex 100 -132 20
    endloop
  endfacet
  facet normal 0.15643664549350436 -0.9876879952427992 0
    outer loop
      vertex 101.54508209228516 -131.75527954101562 20
      vertex 100 -132 0
      vertex 101.54508209228516 -131.75527954101562 0
    endloop
  endfacet
  facet normal -0.4539876618670194 0.8910079701509505 0
    outer loop
      vertex 98.45491027832031 -122.24472045898438 8
      vertex 97.06107330322266 -122.95491027832031 20
      vertex 98.45491027832031 -122.24472045898438 20
    endloop
  endfacet
  facet normal -0.4539876618670194 0.8910079701509505 0
    outer loop
      vertex 97.06107330322266 -122.95491027832031 20
      vertex 98.45491027832031 -122.24472045898438 8
      vertex 97.06107330322266 -122.95491027832031 8
    endloop
  endfacet
  facet normal -0.4539876618670194 -0.8910079701509505 0
    outer loop
      vertex 97.06107330322266 -131.0450897216797 0
      vertex 98.45491027832031 -131.75527954101562 20
      vertex 97.06107330322266 -131.0450897216797 20
    endloop
  endfacet
  facet normal -0.4539876618670194 -0.8910079701509505 0
    outer loop
      vertex 98.45491027832031 -131.75527954101562 20
      vertex 97.06107330322266 -131.0450897216797 0
      vertex 98.45491027832031 -131.75527954101562 0
    endloop
  endfacet
  facet normal -0.7071067811865476 0.7071067811865476 0
    outer loop
      vertex 95.95491027832031 -124.06107330322266 8
      vertex 97.06107330322266 -122.95491027832031 20
      vertex 97.06107330322266 -122.95491027832031 8
    endloop
  endfacet
  facet normal -0.7071067811865476 0.7071067811865476 0
    outer loop
      vertex 97.06107330322266 -122.95491027832031 20
      vertex 95.95491027832031 -124.06107330322266 8
      vertex 95.95491027832031 -124.06107330322266 20
    endloop
  endfacet
  facet normal 0.9876881145954698 -0.1564358919393056 0
    outer loop
      vertex 104.75527954101562 -128.5450897216797 20
      vertex 105 -127 0
      vertex 105 -127 20
    endloop
  endfacet
  facet normal 0.9876881145954698 -0.1564358919393056 0
    outer loop
      vertex 105 -127 0
      vertex 104.75527954101562 -128.5450897216797 20
      vertex 104.75527954101562 -128.5450897216797 0
    endloop
  endfacet
  facet normal -0.1564358919393056 -0.9876881145954698 0
    outer loop
      vertex 98.45491027832031 -131.75527954101562 0
      vertex 100 -132 20
      vertex 98.45491027832031 -131.75527954101562 20
    endloop
  endfacet
  facet normal -0.1564358919393056 -0.9876881145954698 0
    outer loop
      vertex 100 -132 20
      vertex 98.45491027832031 -131.75527954101562 0
      vertex 100 -132 0
    endloop
  endfacet
  facet normal 0.8910049921260365 -0.45399350656863113 0
    outer loop
      vertex 104.04508209228516 -129.9389190673828 20
      vertex 104.75527954101562 -128.5450897216797 0
      vertex 104.75527954101562 -128.5450897216797 20
    endloop
  endfacet
  facet normal 0.8910049921260365 -0.45399350656863113 0
    outer loop
      vertex 104.75527954101562 -128.5450897216797 0
      vertex 104.04508209228516 -129.9389190673828 20
      vertex 104.04508209228516 -129.9389190673828 0
    endloop
  endfacet
  facet normal 0 0 1
    outer loop
      vertex 101 -127 20
      vertex 105 -127 20
      vertex 104.75527954101562 -125.45491027832031 20
    endloop
  endfacet
  facet normal 0 0 1
    outer loop
      vertex 100.95105743408203 -126.69097900390625 20
      vertex 104.75527954101562 -125.45491027832031 20
      vertex 104.04508209228516 -124.06107330322266 20
    endloop
  endfacet
  facet normal 0 0 1
    outer loop
      vertex 105 -127 20
      vertex 101 -127 20
      vertex 104.75527954101562 -128.5450897216797 20
    endloop
  endfacet
  facet normal 0 0 1
    outer loop
      vertex 100.80901336669922 -126.41221618652344 20
      vertex 104.04508209228516 -124.06107330322266 20
      vertex 102.93892669677734 -122.95491027832031 20
    endloop
  endfacet
  facet normal 0 0 1
    outer loop
      vertex 100.95105743408203 -127.30901336669922 20
      vertex 104.75527954101562 -128.5450897216797 20
      vertex 101 -127 20
    endloop
  endfacet
  facet normal 0 0 1
    outer loop
      vertex 100.58778381347656 -126.19097900390625 20
      vertex 102.93892669677734 -122.95491027832031 20
      vertex 101.54508209228516 -122.24472045898438 20
    endloop
  endfacet
  facet normal 0 0 1
    outer loop
      vertex 104.75527954101562 -128.5450897216797 20
      vertex 100.95105743408203 -127.30901336669922 20
      vertex 104.04508209228516 -129.9389190673828 20
    endloop
  endfacet
  facet normal 0 0 1
    outer loop
      vertex 100.80901336669922 -127.58778381347656 20
      vertex 104.04508209228516 -129.9389190673828 20
      vertex 100.95105743408203 -127.30901336669922 20
    endloop
  endfacet
  facet normal 0 0 1
    outer loop
      vertex 104.75527954101562 -125.45491027832031 20
      vertex 100.95105743408203 -126.69097900390625 20
      vertex 101 -127 20
    endloop
  endfacet
  facet normal 0 0 1
    outer loop
      vertex 104.04508209228516 -124.06107330322266 20
      vertex 100.80901336669922 -126.41221618652344 20
      vertex 100.95105743408203 -126.69097900390625 20
    endloop
  endfacet
  facet normal 0 0 1
    outer loop
      vertex 102.93892669677734 -122.95491027832031 20
      vertex 100.58778381347656 -126.19097900390625 20
      vertex 100.80901336669922 -126.41221618652344 20
    endloop
  endfacet
  facet normal 0 0 1
    outer loop
      vertex 101.54508209228516 -122.24472045898438 20
      vertex 100.30901336669922 -126.04894256591797 20
      vertex 100.58778381347656 -126.19097900390625 20
    endloop
  endfacet
  facet normal 0 0 1
    outer loop
      vertex 100 -122 20
      vertex 100.30901336669922 -126.04894256591797 20
      vertex 101.54508209228516 -122.24472045898438 20
    endloop
  endfacet
  facet normal 0 0 1
    outer loop
      vertex 100 -122 20
      vertex 100 -126 20
      vertex 100.30901336669922 -126.04894256591797 20
    endloop
  endfacet
  facet normal 0 0 1
    outer loop
      vertex 100 -122 20
      vertex 99.69097900390625 -126.04894256591797 20
      vertex 100 -126 20
    endloop
  endfacet
  facet normal 0 0 1
    outer loop
      vertex 98.45491027832031 -122.24472045898438 20
      vertex 99.69097900390625 -126.04894256591797 20
      vertex 100 -122 20
    endloop
  endfacet
  facet normal 0 0 1
    outer loop
      vertex 99.69097900390625 -126.04894256591797 20
      vertex 98.45491027832031 -122.24472045898438 20
      vertex 99.41221618652344 -126.19097900390625 20
    endloop
  endfacet
  facet normal 0 0 1
    outer loop
      vertex 97.06107330322266 -122.95491027832031 20
      vertex 99.41221618652344 -126.19097900390625 20
      vertex 98.45491027832031 -122.24472045898438 20
    endloop
  endfacet
  facet normal 0 0 1
    outer loop
      vertex 95.95491027832031 -124.06107330322266 20
      vertex 99.19097900390625 -126.41221618652344 20
      vertex 97.06107330322266 -122.95491027832031 20
    endloop
  endfacet
  facet normal 0 0 1
    outer loop
      vertex 99.41221618652344 -126.19097900390625 20
      vertex 97.06107330322266 -122.95491027832031 20
      vertex 99.19097900390625 -126.41221618652344 20
    endloop
  endfacet
  facet normal 0 0 1
    outer loop
      vertex 104.04508209228516 -129.9389190673828 20
      vertex 100.80901336669922 -127.58778381347656 20
      vertex 102.93892669677734 -131.0450897216797 20
    endloop
  endfacet
  facet normal 0 0 1
    outer loop
      vertex 100.58778381347656 -127.80901336669922 20
      vertex 102.93892669677734 -131.0450897216797 20
      vertex 100.80901336669922 -127.58778381347656 20
    endloop
  endfacet
  facet normal 0 0 1
    outer loop
      vertex 102.93892669677734 -131.0450897216797 20
      vertex 100.58778381347656 -127.80901336669922 20
      vertex 101.54508209228516 -131.75527954101562 20
    endloop
  endfacet
  facet normal 0 0 1
    outer loop
      vertex 100.30901336669922 -127.95105743408203 20
      vertex 101.54508209228516 -131.75527954101562 20
      vertex 100.58778381347656 -127.80901336669922 20
    endloop
  endfacet
  facet normal 0 0 1
    outer loop
      vertex 100 -128 20
      vertex 101.54508209228516 -131.75527954101562 20
      vertex 100.30901336669922 -127.95105743408203 20
    endloop
  endfacet
  facet normal 0 0 1
    outer loop
      vertex 100 -128 20
      vertex 100 -132 20
      vertex 101.54508209228516 -131.75527954101562 20
    endloop
  endfacet
  facet normal 0 0 1
    outer loop
      vertex 99.69097900390625 -127.95105743408203 20
      vertex 100 -132 20
      vertex 100 -128 20
    endloop
  endfacet
  facet normal 0 0 1
    outer loop
      vertex 98.45491027832031 -131.75527954101562 20
      vertex 99.69097900390625 -127.95105743408203 20
      vertex 99.41221618652344 -127.80901336669922 20
    endloop
  endfacet
  facet normal 0 0 1
    outer loop
      vertex 97.06107330322266 -131.0450897216797 20
      vertex 99.41221618652344 -127.80901336669922 20
      vertex 99.19097900390625 -127.58778381347656 20
    endloop
  endfacet
  facet normal 0 0 1
    outer loop
      vertex 95.95491027832031 -129.9389190673828 20
      vertex 99.19097900390625 -127.58778381347656 20
      vertex 99.04894256591797 -127.30901336669922 20
    endloop
  endfacet
  facet normal 0 0 1
    outer loop
      vertex 99.69097900390625 -127.95105743408203 20
      vertex 98.45491027832031 -131.75527954101562 20
      vertex 100 -132 20
    endloop
  endfacet
  facet normal 0 0 1
    outer loop
      vertex 95.24472045898438 -128.5450897216797 20
      vertex 99.04894256591797 -127.30901336669922 20
      vertex 99 -127 20
    endloop
  endfacet
  facet normal 0 0 1
    outer loop
      vertex 99.19097900390625 -126.41221618652344 20
      vertex 95.95491027832031 -124.06107330322266 20
      vertex 99.04894256591797 -126.69097900390625 20
    endloop
  endfacet
  facet normal 0 0 1
    outer loop
      vertex 95.24472045898438 -125.45491027832031 20
      vertex 99.04894256591797 -126.69097900390625 20
      vertex 95.95491027832031 -124.06107330322266 20
    endloop
  endfacet
  facet normal 0 0 1
    outer loop
      vertex 99.41221618652344 -127.80901336669922 20
      vertex 97.06107330322266 -131.0450897216797 20
      vertex 98.45491027832031 -131.75527954101562 20
    endloop
  endfacet
  facet normal 0 0 1
    outer loop
      vertex 99.04894256591797 -126.69097900390625 20
      vertex 95.24472045898438 -125.45491027832031 20
      vertex 99 -127 20
    endloop
  endfacet
  facet normal 0 0 1
    outer loop
      vertex 99.19097900390625 -127.58778381347656 20
      vertex 95.95491027832031 -129.9389190673828 20
      vertex 97.06107330322266 -131.0450897216797 20
    endloop
  endfacet
  facet normal 0 0 1
    outer loop
      vertex 95 -127 20
      vertex 99 -127 20
      vertex 95.24472045898438 -125.45491027832031 20
    endloop
  endfacet
  facet normal 0 0 1
    outer loop
      vertex 99.04894256591797 -127.30901336669922 20
      vertex 95.24472045898438 -128.5450897216797 20
      vertex 95.95491027832031 -129.9389190673828 20
    endloop
  endfacet
  facet normal 0 0 1
    outer loop
      vertex 99 -127 20
      vertex 95 -127 20
      vertex 95.24472045898438 -128.5450897216797 20
    endloop
  endfacet
  facet normal 0.15643589193930557 -0.9876881145954698 0
    outer loop
      vertex -130 118 8
      vertex -128.4549102783203 118.24472045898438 20
      vertex -130 118 20
    endloop
  endfacet
  facet normal 0.15643589193930557 -0.9876881145954698 0
    outer loop
      vertex -128.4549102783203 118.24472045898438 20
      vertex -130 118 8
      vertex -128.4549102783203 118.24472045898438 8
    endloop
  endfacet
  facet normal 0.9876879952427993 0.1564366454935044 0
    outer loop
      vertex -125 123 20
      vertex -125.24472045898438 124.54508209228516 8
      vertex -125.24472045898438 124.54508209228516 20
    endloop
  endfacet
  facet normal 0.9876879952427993 0.1564366454935044 0
    outer loop
      vertex -125.24472045898438 124.54508209228516 8
      vertex -125 123 20
      vertex -125 123 8
    endloop
  endfacet
  facet normal 0.8910079701509505 -0.4539876618670194 0
    outer loop
      vertex -125.95491027832031 120.06107330322266 20
      vertex -125.24472045898438 121.45491027832031 3
      vertex -125.24472045898438 121.45491027832031 20
    endloop
  endfacet
  facet normal 0.8910079701509505 -0.4539876618670194 0
    outer loop
      vertex -125.24472045898438 121.45491027832031 3
      vertex -125.95491027832031 120.06107330322266 20
      vertex -125.95491027832031 120.06107330322266 3
    endloop
  endfacet
  facet normal -0.891008975333524 0.453985689064208 0
    outer loop
      vertex -134.75527954101562 124.54508209228516 0
      vertex -134.0450897216797 125.93892669677734 20
      vertex -134.0450897216797 125.93892669677734 0
    endloop
  endfacet
  facet normal -0.891008975333524 0.453985689064208 0
    outer loop
      vertex -134.0450897216797 125.93892669677734 20
      vertex -134.75527954101562 124.54508209228516 0
      vertex -134.75527954101562 124.54508209228516 20
    endloop
  endfacet
  facet normal 0.707103404210127 -0.7071101581468404 0
    outer loop
      vertex -125.95491027832031 120.06107330322266 20
      vertex -126.75367736816406 119.26231384277344 8
      vertex -125.95491027832031 120.06107330322266 3
    endloop
  endfacet
  facet normal 0.7071067811864761 -0.7071067811864761 -4.495663841161576e-7
    outer loop
      vertex -127.06107330322266 118.95491027832031 20
      vertex -126.75367736816406 119.26231384277344 8
      vertex -125.95491027832031 120.06107330322266 20
    endloop
  endfacet
  facet normal 0.7071155560198708 -0.7070980062443317 0
    outer loop
      vertex -126.75367736816406 119.26231384277344 8
      vertex -127.06107330322266 118.95491027832031 20
      vertex -127.06107330322266 118.95491027832031 8
    endloop
  endfacet
  facet normal 0.7071034042101271 -0.7071101581468404 0
    outer loop
      vertex -125.95491027832031 120.06107330322266 3
      vertex -126.75367736816406 119.26231384277344 8
      vertex -126.75367736816406 119.26231384277344 3
    endloop
  endfacet
  facet normal -0.45399350656863113 0.8910049921260365 0
    outer loop
      vertex -131.5450897216797 127.75527954101562 0
      vertex -132.9389190673828 127.04508209228516 20
      vertex -131.5450897216797 127.75527954101562 20
    endloop
  endfacet
  facet normal -0.45399350656863113 0.8910049921260365 0
    outer loop
      vertex -132.9389190673828 127.04508209228516 20
      vertex -131.5450897216797 127.75527954101562 0
      vertex -132.9389190673828 127.04508209228516 0
    endloop
  endfacet
  facet normal -0.8910079701509505 -0.4539876618670194 0
    outer loop
      vertex -134.0450897216797 120.06107330322266 0
      vertex -134.75527954101562 121.45491027832031 20
      vertex -134.75527954101562 121.45491027832031 0
    endloop
  endfacet
  facet normal -0.8910079701509505 -0.4539876618670194 0
    outer loop
      vertex -134.75527954101562 121.45491027832031 20
      vertex -134.0450897216797 120.06107330322266 0
      vertex -134.0450897216797 120.06107330322266 20
    endloop
  endfacet
  facet normal -0.707104342672881 -0.7071092196918046 0
    outer loop
      vertex -134.0450897216797 120.06107330322266 0
      vertex -132.9389190673828 118.95491027832031 20
      vertex -134.0450897216797 120.06107330322266 20
    endloop
  endfacet
  facet normal -0.707104342672881 -0.7071092196918046 0
    outer loop
      vertex -132.9389190673828 118.95491027832031 20
      vertex -134.0450897216797 120.06107330322266 0
      vertex -132.9389190673828 118.95491027832031 0
    endloop
  endfacet
  facet normal -0.1564358919393056 0.9876881145954698 0
    outer loop
      vertex -130 128 0
      vertex -131.5450897216797 127.75527954101562 20
      vertex -130 128 20
    endloop
  endfacet
  facet normal -0.1564358919393056 0.9876881145954698 0
    outer loop
      vertex -131.5450897216797 127.75527954101562 20
      vertex -130 128 0
      vertex -131.5450897216797 127.75527954101562 0
    endloop
  endfacet
  facet normal 0.8910089753335239 0.45398568906420794 0
    outer loop
      vertex -125.24472045898438 124.54508209228516 20
      vertex -125.95491027832031 125.93892669677734 8
      vertex -125.95491027832031 125.93892669677734 20
    endloop
  endfacet
  facet normal 0.8910089753335239 0.45398568906420794 0
    outer loop
      vertex -125.95491027832031 125.93892669677734 8
      vertex -125.24472045898438 124.54508209228516 20
      vertex -125.24472045898438 124.54508209228516 8
    endloop
  endfacet
  facet normal -0.15643589193930557 -0.9876881145954698 0
    outer loop
      vertex -131.5450897216797 118.24472045898438 8
      vertex -130 118 20
      vertex -131.5450897216797 118.24472045898438 20
    endloop
  endfacet
  facet normal -0.15643589193930557 -0.9876881145954698 0
    outer loop
      vertex -130 118 20
      vertex -131.5450897216797 118.24472045898438 8
      vertex -130 118 8
    endloop
  endfacet
  facet normal -0.9876879952427992 0.15643664549350436 0
    outer loop
      vertex -135 123 0
      vertex -134.75527954101562 124.54508209228516 20
      vertex -134.75527954101562 124.54508209228516 0
    endloop
  endfacet
  facet normal -0.9876879952427992 0.15643664549350436 0
    outer loop
      vertex -134.75527954101562 124.54508209228516 20
      vertex -135 123 0
      vertex -135 123 20
    endloop
  endfacet
  facet normal -0.4539896346847389 -0.8910069649552491 2.2997835564787143e-7
    outer loop
      vertex -132.9389190673828 118.95491027832031 20
      vertex -131.65435791015625 118.3003921508789 8
      vertex -131.5450897216797 118.24472045898438 20
    endloop
  endfacet
  facet normal -0.45399134027611066 -0.8910060959130979 0
    outer loop
      vertex -132.9389190673828 118.95491027832031 0
      vertex -131.65435791015625 118.3003921508789 8
      vertex -132.9389190673828 118.95491027832031 20
    endloop
  endfacet
  facet normal -0.4539884700007885 -0.8910075583888198 -5.805326325420146e-7
    outer loop
      vertex -131.65435791015625 118.3003921508789 8
      vertex -132.9389190673828 118.95491027832031 0
      vertex -131.7036895751953 118.32553100585938 3
    endloop
  endfacet
  facet normal -0.45398958934234734 -0.8910069880583243 0
    outer loop
      vertex -131.7036895751953 118.32553100585938 3
      vertex -132.9389190673828 118.95491027832031 0
      vertex -131.7036895751953 118.32553100585938 0
    endloop
  endfacet
  facet normal -0.4539695833108828 -0.8910171813318437 0
    outer loop
      vertex -131.5450897216797 118.24472045898438 20
      vertex -131.65435791015625 118.3003921508789 8
      vertex -131.5450897216797 118.24472045898438 8
    endloop
  endfacet
  facet normal -0.4540351806864632 -0.890983756697624 0
    outer loop
      vertex -131.65435791015625 118.3003921508789 8
      vertex -131.7036895751953 118.32553100585938 3
      vertex -131.65435791015625 118.3003921508789 3
    endloop
  endfacet
  facet normal 0.1564358919393056 0.9876881145954698 0
    outer loop
      vertex -128.4549102783203 127.75527954101562 0
      vertex -130 128 20
      vertex -128.4549102783203 127.75527954101562 20
    endloop
  endfacet
  facet normal 0.1564358919393056 0.9876881145954698 0
    outer loop
      vertex -130 128 20
      vertex -128.4549102783203 127.75527954101562 0
      vertex -130 128 0
    endloop
  endfacet
  facet normal -0.7071019041339863 0.707111658205471 0
    outer loop
      vertex -132.9389190673828 127.04508209228516 0
      vertex -134.0450897216797 125.93892669677734 20
      vertex -132.9389190673828 127.04508209228516 20
    endloop
  endfacet
  facet normal -0.7071019041339863 0.707111658205471 0
    outer loop
      vertex -134.0450897216797 125.93892669677734 20
      vertex -132.9389190673828 127.04508209228516 0
      vertex -134.0450897216797 125.93892669677734 0
    endloop
  endfacet
  facet normal -0.9876881145954698 -0.1564358919393056 0
    outer loop
      vertex -134.75527954101562 121.45491027832031 0
      vertex -135 123 20
      vertex -135 123 0
    endloop
  endfacet
  facet normal -0.9876881145954698 -0.1564358919393056 0
    outer loop
      vertex -135 123 20
      vertex -134.75527954101562 121.45491027832031 0
      vertex -134.75527954101562 121.45491027832031 20
    endloop
  endfacet
  facet normal 0.4539922756310324 0.8910056193242312 0
    outer loop
      vertex -127.95389556884766 127.5 8
      vertex -127.06107330322266 127.04508209228516 20
      vertex -127.06107330322266 127.04508209228516 8
    endloop
  endfacet
  facet normal 0.4539915337428094 0.8910059973366322 6.952824455164201e-8
    outer loop
      vertex -127.06107330322266 127.04508209228516 20
      vertex -127.95389556884766 127.5 8
      vertex -128.4549102783203 127.75527954101562 20
    endloop
  endfacet
  facet normal 0.4539902116748488 0.891006670964604 0
    outer loop
      vertex -128.4549102783203 127.75527954101562 0
      vertex -127.95389556884766 127.5 8
      vertex -127.95389556884766 127.5 0
    endloop
  endfacet
  facet normal 0.4539902116748489 0.891006670964604 0
    outer loop
      vertex -127.95389556884766 127.5 8
      vertex -128.4549102783203 127.75527954101562 0
      vertex -128.4549102783203 127.75527954101562 20
    endloop
  endfacet
  facet normal 0.707104342656062 0.7071092197086234 0
    outer loop
      vertex -125.95491027832031 125.93892669677734 8
      vertex -127.06107330322266 127.04508209228516 20
      vertex -125.95491027832031 125.93892669677734 20
    endloop
  endfacet
  facet normal 0.707104342656062 0.7071092197086234 0
    outer loop
      vertex -127.06107330322266 127.04508209228516 20
      vertex -125.95491027832031 125.93892669677734 8
      vertex -127.06107330322266 127.04508209228516 8
    endloop
  endfacet
  facet normal 0 0 1
    outer loop
      vertex -129 123 20
      vertex -125 123 20
      vertex -125.24472045898438 124.54508209228516 20
    endloop
  endfacet
  facet normal 0 0 1
    outer loop
      vertex -129.0489501953125 123.30901336669922 20
      vertex -125.24472045898438 124.54508209228516 20
      vertex -125.95491027832031 125.93892669677734 20
    endloop
  endfacet
  facet normal 0 0 1
    outer loop
      vertex -125 123 20
      vertex -129 123 20
      vertex -125.24472045898438 121.45491027832031 20
    endloop
  endfacet
  facet normal 0 0 1
    outer loop
      vertex -129.19097900390625 123.58778381347656 20
      vertex -125.95491027832031 125.93892669677734 20
      vertex -127.06107330322266 127.04508209228516 20
    endloop
  endfacet
  facet normal 0 0 1
    outer loop
      vertex -129.0489501953125 122.69097900390625 20
      vertex -125.24472045898438 121.45491027832031 20
      vertex -129 123 20
    endloop
  endfacet
  facet normal 0 0 1
    outer loop
      vertex -129.41221618652344 123.80901336669922 20
      vertex -127.06107330322266 127.04508209228516 20
      vertex -128.4549102783203 127.75527954101562 20
    endloop
  endfacet
  facet normal 0 0 1
    outer loop
      vertex -125.24472045898438 121.45491027832031 20
      vertex -129.0489501953125 122.69097900390625 20
      vertex -125.95491027832031 120.06107330322266 20
    endloop
  endfacet
  facet normal 0 0 1
    outer loop
      vertex -129.19097900390625 122.41221618652344 20
      vertex -125.95491027832031 120.06107330322266 20
      vertex -129.0489501953125 122.69097900390625 20
    endloop
  endfacet
  facet normal 0 0 1
    outer loop
      vertex -125.24472045898438 124.54508209228516 20
      vertex -129.0489501953125 123.30901336669922 20
      vertex -129 123 20
    endloop
  endfacet
  facet normal 0 0 1
    outer loop
      vertex -125.95491027832031 125.93892669677734 20
      vertex -129.19097900390625 123.58778381347656 20
      vertex -129.0489501953125 123.30901336669922 20
    endloop
  endfacet
  facet normal 0 0 1
    outer loop
      vertex -127.06107330322266 127.04508209228516 20
      vertex -129.41221618652344 123.80901336669922 20
      vertex -129.19097900390625 123.58778381347656 20
    endloop
  endfacet
  facet normal 0 0 1
    outer loop
      vertex -128.4549102783203 127.75527954101562 20
      vertex -129.69097900390625 123.95105743408203 20
      vertex -129.41221618652344 123.80901336669922 20
    endloop
  endfacet
  facet normal 0 0 1
    outer loop
      vertex -130 128 20
      vertex -129.69097900390625 123.95105743408203 20
      vertex -128.4549102783203 127.75527954101562 20
    endloop
  endfacet
  facet normal 0 0 1
    outer loop
      vertex -130 128 20
      vertex -130 124 20
      vertex -129.69097900390625 123.95105743408203 20
    endloop
  endfacet
  facet normal 0 0 1
    outer loop
      vertex -130 128 20
      vertex -130.30902099609375 123.95105743408203 20
      vertex -130 124 20
    endloop
  endfacet
  facet normal 0 0 1
    outer loop
      vertex -131.5450897216797 127.75527954101562 20
      vertex -130.30902099609375 123.95105743408203 20
      vertex -130 128 20
    endloop
  endfacet
  facet normal 0 0 1
    outer loop
      vertex -130.30902099609375 123.95105743408203 20
      vertex -131.5450897216797 127.75527954101562 20
      vertex -130.58778381347656 123.80901336669922 20
    endloop
  endfacet
  facet normal 0 0 1
    outer loop
      vertex -132.9389190673828 127.04508209228516 20
      vertex -130.58778381347656 123.80901336669922 20
      vertex -131.5450897216797 127.75527954101562 20
    endloop
  endfacet
  facet normal 0 0 1
    outer loop
      vertex -134.0450897216797 125.93892669677734 20
      vertex -130.80902099609375 123.58778381347656 20
      vertex -132.9389190673828 127.04508209228516 20
    endloop
  endfacet
  facet normal 0 0 1
    outer loop
      vertex -130.58778381347656 123.80901336669922 20
      vertex -132.9389190673828 127.04508209228516 20
      vertex -130.80902099609375 123.58778381347656 20
    endloop
  endfacet
  facet normal 0 0 1
    outer loop
      vertex -125.95491027832031 120.06107330322266 20
      vertex -129.19097900390625 122.41221618652344 20
      vertex -127.06107330322266 118.95491027832031 20
    endloop
  endfacet
  facet normal 0 0 1
    outer loop
      vertex -129.41221618652344 122.19097900390625 20
      vertex -127.06107330322266 118.95491027832031 20
      vertex -129.19097900390625 122.41221618652344 20
    endloop
  endfacet
  facet normal 0 0 1
    outer loop
      vertex -127.06107330322266 118.95491027832031 20
      vertex -129.41221618652344 122.19097900390625 20
      vertex -128.4549102783203 118.24472045898438 20
    endloop
  endfacet
  facet normal 0 0 1
    outer loop
      vertex -129.69097900390625 122.04894256591797 20
      vertex -128.4549102783203 118.24472045898438 20
      vertex -129.41221618652344 122.19097900390625 20
    endloop
  endfacet
  facet normal 0 0 1
    outer loop
      vertex -130 122 20
      vertex -128.4549102783203 118.24472045898438 20
      vertex -129.69097900390625 122.04894256591797 20
    endloop
  endfacet
  facet normal 0 0 1
    outer loop
      vertex -130 122 20
      vertex -130 118 20
      vertex -128.4549102783203 118.24472045898438 20
    endloop
  endfacet
  facet normal 0 0 1
    outer loop
      vertex -130.30902099609375 122.04894256591797 20
      vertex -130 118 20
      vertex -130 122 20
    endloop
  endfacet
  facet normal 0 0 1
    outer loop
      vertex -131.5450897216797 118.24472045898438 20
      vertex -130.30902099609375 122.04894256591797 20
      vertex -130.58778381347656 122.19097900390625 20
    endloop
  endfacet
  facet normal 0 0 1
    outer loop
      vertex -132.9389190673828 118.95491027832031 20
      vertex -130.58778381347656 122.19097900390625 20
      vertex -130.80902099609375 122.41221618652344 20
    endloop
  endfacet
  facet normal 0 0 1
    outer loop
      vertex -134.0450897216797 120.06107330322266 20
      vertex -130.80902099609375 122.41221618652344 20
      vertex -130.9510498046875 122.69097900390625 20
    endloop
  endfacet
  facet normal 0 0 1
    outer loop
      vertex -130.30902099609375 122.04894256591797 20
      vertex -131.5450897216797 118.24472045898438 20
      vertex -130 118 20
    endloop
  endfacet
  facet normal 0 0 1
    outer loop
      vertex -134.75527954101562 121.45491027832031 20
      vertex -130.9510498046875 122.69097900390625 20
      vertex -131 123 20
    endloop
  endfacet
  facet normal 0 0 1
    outer loop
      vertex -130.80902099609375 123.58778381347656 20
      vertex -134.0450897216797 125.93892669677734 20
      vertex -130.9510498046875 123.30901336669922 20
    endloop
  endfacet
  facet normal 0 0 1
    outer loop
      vertex -134.75527954101562 124.54508209228516 20
      vertex -130.9510498046875 123.30901336669922 20
      vertex -134.0450897216797 125.93892669677734 20
    endloop
  endfacet
  facet normal 0 0 1
    outer loop
      vertex -130.58778381347656 122.19097900390625 20
      vertex -132.9389190673828 118.95491027832031 20
      vertex -131.5450897216797 118.24472045898438 20
    endloop
  endfacet
  facet normal 0 0 1
    outer loop
      vertex -130.9510498046875 123.30901336669922 20
      vertex -134.75527954101562 124.54508209228516 20
      vertex -131 123 20
    endloop
  endfacet
  facet normal 0 0 1
    outer loop
      vertex -130.80902099609375 122.41221618652344 20
      vertex -134.0450897216797 120.06107330322266 20
      vertex -132.9389190673828 118.95491027832031 20
    endloop
  endfacet
  facet normal 0 0 1
    outer loop
      vertex -135 123 20
      vertex -131 123 20
      vertex -134.75527954101562 124.54508209228516 20
    endloop
  endfacet
  facet normal 0 0 1
    outer loop
      vertex -130.9510498046875 122.69097900390625 20
      vertex -134.75527954101562 121.45491027832031 20
      vertex -134.0450897216797 120.06107330322266 20
    endloop
  endfacet
  facet normal 0 0 1
    outer loop
      vertex -131 123 20
      vertex -135 123 20
      vertex -134.75527954101562 121.45491027832031 20
    endloop
  endfacet
  facet normal 0.4539876618670194 -0.8910079701509505 0
    outer loop
      vertex -128.4549102783203 118.24472045898438 8
      vertex -127.06107330322266 118.95491027832031 20
      vertex -128.4549102783203 118.24472045898438 20
    endloop
  endfacet
  facet normal 0.4539876618670194 -0.8910079701509505 0
    outer loop
      vertex -127.06107330322266 118.95491027832031 20
      vertex -128.4549102783203 118.24472045898438 8
      vertex -127.06107330322266 118.95491027832031 8
    endloop
  endfacet
  facet normal 0.9876880674065275 -0.15643618987548455 0
    outer loop
      vertex -125 123 20
      vertex -125.07919311523438 122.5 8
      vertex -125 123 8
    endloop
  endfacet
  facet normal 0.9876881145954698 -0.15643589193930557 -1.2725427402135873e-8
    outer loop
      vertex -125.24472045898438 121.45491027832031 20
      vertex -125.07919311523438 122.5 8
      vertex -125 123 20
    endloop
  endfacet
  facet normal 0.9876881371719426 -0.1564357493983331 0
    outer loop
      vertex -125.24472045898438 121.45491027832031 3
      vertex -125.07919311523438 122.5 8
      vertex -125.24472045898438 121.45491027832031 20
    endloop
  endfacet
  facet normal 0.9876881371719425 -0.1564357493983331 0
    outer loop
      vertex -125.07919311523438 122.5 8
      vertex -125.24472045898438 121.45491027832031 3
      vertex -125.07919311523438 122.5 3
    endloop
  endfacet
  facet normal 0.45399350656863113 0.8910049921260365 0
    outer loop
      vertex 132.9389190673828 127.04508209228516 0
      vertex 131.5450897216797 127.75527954101562 20
      vertex 132.9389190673828 127.04508209228516 20
    endloop
  endfacet
  facet normal 0.45399350656863113 0.8910049921260365 0
    outer loop
      vertex 131.5450897216797 127.75527954101562 20
      vertex 132.9389190673828 127.04508209228516 0
      vertex 131.5450897216797 127.75527954101562 0
    endloop
  endfacet
  facet normal 0.1564358919393056 0.9876881145954698 0
    outer loop
      vertex 131.5450897216797 127.75527954101562 0
      vertex 130 128 20
      vertex 131.5450897216797 127.75527954101562 20
    endloop
  endfacet
  facet normal 0.1564358919393056 0.9876881145954698 0
    outer loop
      vertex 130 128 20
      vertex 131.5450897216797 127.75527954101562 0
      vertex 130 128 0
    endloop
  endfacet
  facet normal 0.9876879952427992 0.15643664549350436 0
    outer loop
      vertex 135 123 20
      vertex 134.75527954101562 124.54508209228516 0
      vertex 134.75527954101562 124.54508209228516 20
    endloop
  endfacet
  facet normal 0.9876879952427992 0.15643664549350436 0
    outer loop
      vertex 134.75527954101562 124.54508209228516 0
      vertex 135 123 20
      vertex 135 123 0
    endloop
  endfacet
  facet normal -0.8910089753335239 0.45398568906420794 0
    outer loop
      vertex 125.24472045898438 124.54508209228516 8
      vertex 125.95491027832031 125.93892669677734 20
      vertex 125.95491027832031 125.93892669677734 8
    endloop
  endfacet
  facet normal -0.8910089753335239 0.45398568906420794 0
    outer loop
      vertex 125.95491027832031 125.93892669677734 20
      vertex 125.24472045898438 124.54508209228516 8
      vertex 125.24472045898438 124.54508209228516 20
    endloop
  endfacet
  facet normal 0.891008975333524 0.453985689064208 0
    outer loop
      vertex 134.75527954101562 124.54508209228516 20
      vertex 134.0450897216797 125.93892669677734 0
      vertex 134.0450897216797 125.93892669677734 20
    endloop
  endfacet
  facet normal 0.891008975333524 0.453985689064208 0
    outer loop
      vertex 134.0450897216797 125.93892669677734 0
      vertex 134.75527954101562 124.54508209228516 20
      vertex 134.75527954101562 124.54508209228516 0
    endloop
  endfacet
  facet normal -0.8910079701509505 -0.4539876618670194 0
    outer loop
      vertex 125.95491027832031 120.06107330322266 3
      vertex 125.24472045898438 121.45491027832031 20
      vertex 125.24472045898438 121.45491027832031 3
    endloop
  endfacet
  facet normal -0.8910079701509505 -0.4539876618670194 0
    outer loop
      vertex 125.24472045898438 121.45491027832031 20
      vertex 125.95491027832031 120.06107330322266 3
      vertex 125.95491027832031 120.06107330322266 20
    endloop
  endfacet
  facet normal 0.7071019041339863 0.707111658205471 0
    outer loop
      vertex 134.0450897216797 125.93892669677734 0
      vertex 132.9389190673828 127.04508209228516 20
      vertex 134.0450897216797 125.93892669677734 20
    endloop
  endfacet
  facet normal 0.7071019041339863 0.707111658205471 0
    outer loop
      vertex 132.9389190673828 127.04508209228516 20
      vertex 134.0450897216797 125.93892669677734 0
      vertex 132.9389190673828 127.04508209228516 0
    endloop
  endfacet
  facet normal -0.15643589193930557 -0.9876881145954698 0
    outer loop
      vertex 128.4549102783203 118.24472045898438 8
      vertex 130 118 20
      vertex 128.4549102783203 118.24472045898438 20
    endloop
  endfacet
  facet normal -0.15643589193930557 -0.9876881145954698 0
    outer loop
      vertex 130 118 20
      vertex 128.4549102783203 118.24472045898438 8
      vertex 130 118 8
    endloop
  endfacet
  facet normal -0.1564358919393056 0.9876881145954698 0
    outer loop
      vertex 130 128 0
      vertex 128.4549102783203 127.75527954101562 20
      vertex 130 128 20
    endloop
  endfacet
  facet normal -0.1564358919393056 0.9876881145954698 0
    outer loop
      vertex 128.4549102783203 127.75527954101562 20
      vertex 130 128 0
      vertex 128.4549102783203 127.75527954101562 0
    endloop
  endfacet
  facet normal -0.9876881371719425 -0.1564357493983331 0
    outer loop
      vertex 125.07919311523438 122.5 3
      vertex 125.24472045898438 121.45491027832031 3
      vertex 125.07919311523438 122.5 8
    endloop
  endfacet
  facet normal -0.9876880674065275 -0.15643618987548455 0
    outer loop
      vertex 125.07919311523438 122.5 8
      vertex 125 123 20
      vertex 125 123 8
    endloop
  endfacet
  facet normal -0.9876881371719426 -0.1564357493983331 0
    outer loop
      vertex 125.24472045898438 121.45491027832031 20
      vertex 125.07919311523438 122.5 8
      vertex 125.24472045898438 121.45491027832031 3
    endloop
  endfacet
  facet normal -0.9876881145954698 -0.15643589193930557 -1.2725427402135873e-8
    outer loop
      vertex 125.07919311523438 122.5 8
      vertex 125.24472045898438 121.45491027832031 20
      vertex 125 123 20
    endloop
  endfacet
  facet normal 0.4539695833108828 -0.8910171813318437 0
    outer loop
      vertex 131.65435791015625 118.3003921508789 8
      vertex 131.5450897216797 118.24472045898438 20
      vertex 131.5450897216797 118.24472045898438 8
    endloop
  endfacet
  facet normal 0.4539896346847389 -0.8910069649552491 2.2997835564787143e-7
    outer loop
      vertex 131.5450897216797 118.24472045898438 20
      vertex 131.65435791015625 118.3003921508789 8
      vertex 132.9389190673828 118.95491027832031 20
    endloop
  endfacet
  facet normal 0.4540351806864632 -0.890983756697624 0
    outer loop
      vertex 131.7036895751953 118.32553100585938 3
      vertex 131.65435791015625 118.3003921508789 8
      vertex 131.65435791015625 118.3003921508789 3
    endloop
  endfacet
  facet normal 0.4539884700007885 -0.8910075583888198 -5.805326325420146e-7
    outer loop
      vertex 132.9389190673828 118.95491027832031 0
      vertex 131.65435791015625 118.3003921508789 8
      vertex 131.7036895751953 118.32553100585938 3
    endloop
  endfacet
  facet normal 0.45398958934234734 -0.8910069880583243 0
    outer loop
      vertex 132.9389190673828 118.95491027832031 0
      vertex 131.7036895751953 118.32553100585938 3
      vertex 131.7036895751953 118.32553100585938 0
    endloop
  endfacet
  facet normal 0.45399134027611066 -0.8910060959130979 0
    outer loop
      vertex 131.65435791015625 118.3003921508789 8
      vertex 132.9389190673828 118.95491027832031 0
      vertex 132.9389190673828 118.95491027832031 20
    endloop
  endfacet
  facet normal 0.8910079701509505 -0.4539876618670194 0
    outer loop
      vertex 134.0450897216797 120.06107330322266 20
      vertex 134.75527954101562 121.45491027832031 0
      vertex 134.75527954101562 121.45491027832031 20
    endloop
  endfacet
  facet normal 0.8910079701509505 -0.4539876618670194 0
    outer loop
      vertex 134.75527954101562 121.45491027832031 0
      vertex 134.0450897216797 120.06107330322266 20
      vertex 134.0450897216797 120.06107330322266 0
    endloop
  endfacet
  facet normal -0.4539915337428094 0.8910059973366322 6.952824455164201e-8
    outer loop
      vertex 128.4549102783203 127.75527954101562 20
      vertex 127.95389556884766 127.5 8
      vertex 127.06107330322266 127.04508209228516 20
    endloop
  endfacet
  facet normal -0.4539902116748489 0.891006670964604 0
    outer loop
      vertex 128.4549102783203 127.75527954101562 0
      vertex 127.95389556884766 127.5 8
      vertex 128.4549102783203 127.75527954101562 20
    endloop
  endfacet
  facet normal -0.4539902116748488 0.891006670964604 0
    outer loop
      vertex 127.95389556884766 127.5 8
      vertex 128.4549102783203 127.75527954101562 0
      vertex 127.95389556884766 127.5 0
    endloop
  endfacet
  facet normal -0.4539922756310324 0.8910056193242312 0
    outer loop
      vertex 127.06107330322266 127.04508209228516 20
      vertex 127.95389556884766 127.5 8
      vertex 127.06107330322266 127.04508209228516 8
    endloop
  endfacet
  facet normal 0.9876881145954698 -0.1564358919393056 0
    outer loop
      vertex 134.75527954101562 121.45491027832031 20
      vertex 135 123 0
      vertex 135 123 20
    endloop
  endfacet
  facet normal 0.9876881145954698 -0.1564358919393056 0
    outer loop
      vertex 135 123 0
      vertex 134.75527954101562 121.45491027832031 20
      vertex 134.75527954101562 121.45491027832031 0
    endloop
  endfacet
  facet normal -0.9876879952427993 0.1564366454935044 0
    outer loop
      vertex 125 123 8
      vertex 125.24472045898438 124.54508209228516 20
      vertex 125.24472045898438 124.54508209228516 8
    endloop
  endfacet
  facet normal -0.9876879952427993 0.1564366454935044 0
    outer loop
      vertex 125.24472045898438 124.54508209228516 20
      vertex 125 123 8
      vertex 125 123 20
    endloop
  endfacet
  facet normal 0.707104342672881 -0.7071092196918046 0
    outer loop
      vertex 132.9389190673828 118.95491027832031 0
      vertex 134.0450897216797 120.06107330322266 20
      vertex 132.9389190673828 118.95491027832031 20
    endloop
  endfacet
  facet normal 0.707104342672881 -0.7071092196918046 0
    outer loop
      vertex 134.0450897216797 120.06107330322266 20
      vertex 132.9389190673828 118.95491027832031 0
      vertex 134.0450897216797 120.06107330322266 0
    endloop
  endfacet
  facet normal -0.7071034042101271 -0.7071101581468404 0
    outer loop
      vertex 126.75367736816406 119.26231384277344 8
      vertex 125.95491027832031 120.06107330322266 3
      vertex 126.75367736816406 119.26231384277344 3
    endloop
  endfacet
  facet normal -0.707103404210127 -0.7071101581468404 0
    outer loop
      vertex 125.95491027832031 120.06107330322266 3
      vertex 126.75367736816406 119.26231384277344 8
      vertex 125.95491027832031 120.06107330322266 20
    endloop
  endfacet
  facet normal -0.7071155560198708 -0.7070980062443317 0
    outer loop
      vertex 127.06107330322266 118.95491027832031 20
      vertex 126.75367736816406 119.26231384277344 8
      vertex 127.06107330322266 118.95491027832031 8
    endloop
  endfacet
  facet normal -0.7071067811864761 -0.7071067811864761 -4.495663841161576e-7
    outer loop
      vertex 126.75367736816406 119.26231384277344 8
      vertex 127.06107330322266 118.95491027832031 20
      vertex 125.95491027832031 120.06107330322266 20
    endloop
  endfacet
  facet normal -0.707104342656062 0.7071092197086234 0
    outer loop
      vertex 127.06107330322266 127.04508209228516 8
      vertex 125.95491027832031 125.93892669677734 20
      vertex 127.06107330322266 127.04508209228516 20
    endloop
  endfacet
  facet normal -0.707104342656062 0.7071092197086234 0
    outer loop
      vertex 125.95491027832031 125.93892669677734 20
      vertex 127.06107330322266 127.04508209228516 8
      vertex 125.95491027832031 125.93892669677734 8
    endloop
  endfacet
  facet normal 0 0 1
    outer loop
      vertex 131 123 20
      vertex 135 123 20
      vertex 134.75527954101562 124.54508209228516 20
    endloop
  endfacet
  facet normal 0 0 1
    outer loop
      vertex 130.9510498046875 123.30901336669922 20
      vertex 134.75527954101562 124.54508209228516 20
      vertex 134.0450897216797 125.93892669677734 20
    endloop
  endfacet
  facet normal 0 0 1
    outer loop
      vertex 135 123 20
      vertex 131 123 20
      vertex 134.75527954101562 121.45491027832031 20
    endloop
  endfacet
  facet normal 0 0 1
    outer loop
      vertex 130.80902099609375 123.58778381347656 20
      vertex 134.0450897216797 125.93892669677734 20
      vertex 132.9389190673828 127.04508209228516 20
    endloop
  endfacet
  facet normal 0 0 1
    outer loop
      vertex 130.9510498046875 122.69097900390625 20
      vertex 134.75527954101562 121.45491027832031 20
      vertex 131 123 20
    endloop
  endfacet
  facet normal 0 0 1
    outer loop
      vertex 130.58778381347656 123.80901336669922 20
      vertex 132.9389190673828 127.04508209228516 20
      vertex 131.5450897216797 127.75527954101562 20
    endloop
  endfacet
  facet normal 0 0 1
    outer loop
      vertex 134.75527954101562 121.45491027832031 20
      vertex 130.9510498046875 122.69097900390625 20
      vertex 134.0450897216797 120.06107330322266 20
    endloop
  endfacet
  facet normal 0 0 1
    outer loop
      vertex 130.80902099609375 122.41221618652344 20
      vertex 134.0450897216797 120.06107330322266 20
      vertex 130.9510498046875 122.69097900390625 20
    endloop
  endfacet
  facet normal 0 0 1
    outer loop
      vertex 134.75527954101562 124.54508209228516 20
      vertex 130.9510498046875 123.30901336669922 20
      vertex 131 123 20
    endloop
  endfacet
  facet normal 0 0 1
    outer loop
      vertex 134.0450897216797 125.93892669677734 20
      vertex 130.80902099609375 123.58778381347656 20
      vertex 130.9510498046875 123.30901336669922 20
    endloop
  endfacet
  facet normal 0 0 1
    outer loop
      vertex 132.9389190673828 127.04508209228516 20
      vertex 130.58778381347656 123.80901336669922 20
      vertex 130.80902099609375 123.58778381347656 20
    endloop
  endfacet
  facet normal 0 0 1
    outer loop
      vertex 131.5450897216797 127.75527954101562 20
      vertex 130.30902099609375 123.95105743408203 20
      vertex 130.58778381347656 123.80901336669922 20
    endloop
  endfacet
  facet normal 0 0 1
    outer loop
      vertex 130 128 20
      vertex 130.30902099609375 123.95105743408203 20
      vertex 131.5450897216797 127.75527954101562 20
    endloop
  endfacet
  facet normal 0 0 1
    outer loop
      vertex 130 128 20
      vertex 130 124 20
      vertex 130.30902099609375 123.95105743408203 20
    endloop
  endfacet
  facet normal 0 0 1
    outer loop
      vertex 130 128 20
      vertex 129.69097900390625 123.95105743408203 20
      vertex 130 124 20
    endloop
  endfacet
  facet normal 0 0 1
    outer loop
      vertex 128.4549102783203 127.75527954101562 20
      vertex 129.69097900390625 123.95105743408203 20
      vertex 130 128 20
    endloop
  endfacet
  facet normal 0 0 1
    outer loop
      vertex 129.69097900390625 123.95105743408203 20
      vertex 128.4549102783203 127.75527954101562 20
      vertex 129.41221618652344 123.80901336669922 20
    endloop
  endfacet
  facet normal 0 0 1
    outer loop
      vertex 127.06107330322266 127.04508209228516 20
      vertex 129.41221618652344 123.80901336669922 20
      vertex 128.4549102783203 127.75527954101562 20
    endloop
  endfacet
  facet normal 0 0 1
    outer loop
      vertex 125.95491027832031 125.93892669677734 20
      vertex 129.19097900390625 123.58778381347656 20
      vertex 127.06107330322266 127.04508209228516 20
    endloop
  endfacet
  facet normal 0 0 1
    outer loop
      vertex 129.41221618652344 123.80901336669922 20
      vertex 127.06107330322266 127.04508209228516 20
      vertex 129.19097900390625 123.58778381347656 20
    endloop
  endfacet
  facet normal 0 0 1
    outer loop
      vertex 134.0450897216797 120.06107330322266 20
      vertex 130.80902099609375 122.41221618652344 20
      vertex 132.9389190673828 118.95491027832031 20
    endloop
  endfacet
  facet normal 0 0 1
    outer loop
      vertex 130.58778381347656 122.19097900390625 20
      vertex 132.9389190673828 118.95491027832031 20
      vertex 130.80902099609375 122.41221618652344 20
    endloop
  endfacet
  facet normal 0 0 1
    outer loop
      vertex 132.9389190673828 118.95491027832031 20
      vertex 130.58778381347656 122.19097900390625 20
      vertex 131.5450897216797 118.24472045898438 20
    endloop
  endfacet
  facet normal 0 0 1
    outer loop
      vertex 130.30902099609375 122.04894256591797 20
      vertex 131.5450897216797 118.24472045898438 20
      vertex 130.58778381347656 122.19097900390625 20
    endloop
  endfacet
  facet normal 0 0 1
    outer loop
      vertex 130 122 20
      vertex 131.5450897216797 118.24472045898438 20
      vertex 130.30902099609375 122.04894256591797 20
    endloop
  endfacet
  facet normal 0 0 1
    outer loop
      vertex 130 122 20
      vertex 130 118 20
      vertex 131.5450897216797 118.24472045898438 20
    endloop
  endfacet
  facet normal 0 0 1
    outer loop
      vertex 129.69097900390625 122.04894256591797 20
      vertex 130 118 20
      vertex 130 122 20
    endloop
  endfacet
  facet normal 0 0 1
    outer loop
      vertex 128.4549102783203 118.24472045898438 20
      vertex 129.69097900390625 122.04894256591797 20
      vertex 129.41221618652344 122.19097900390625 20
    endloop
  endfacet
  facet normal 0 0 1
    outer loop
      vertex 127.06107330322266 118.95491027832031 20
      vertex 129.41221618652344 122.19097900390625 20
      vertex 129.19097900390625 122.41221618652344 20
    endloop
  endfacet
  facet normal 0 0 1
    outer loop
      vertex 125.95491027832031 120.06107330322266 20
      vertex 129.19097900390625 122.41221618652344 20
      vertex 129.0489501953125 122.69097900390625 20
    endloop
  endfacet
  facet normal 0 0 1
    outer loop
      vertex 129.69097900390625 122.04894256591797 20
      vertex 128.4549102783203 118.24472045898438 20
      vertex 130 118 20
    endloop
  endfacet
  facet normal 0 0 1
    outer loop
      vertex 125.24472045898438 121.45491027832031 20
      vertex 129.0489501953125 122.69097900390625 20
      vertex 129 123 20
    endloop
  endfacet
  facet normal 0 0 1
    outer loop
      vertex 129.19097900390625 123.58778381347656 20
      vertex 125.95491027832031 125.93892669677734 20
      vertex 129.0489501953125 123.30901336669922 20
    endloop
  endfacet
  facet normal 0 0 1
    outer loop
      vertex 125.24472045898438 124.54508209228516 20
      vertex 129.0489501953125 123.30901336669922 20
      vertex 125.95491027832031 125.93892669677734 20
    endloop
  endfacet
  facet normal 0 0 1
    outer loop
      vertex 129.41221618652344 122.19097900390625 20
      vertex 127.06107330322266 118.95491027832031 20
      vertex 128.4549102783203 118.24472045898438 20
    endloop
  endfacet
  facet normal 0 0 1
    outer loop
      vertex 129.0489501953125 123.30901336669922 20
      vertex 125.24472045898438 124.54508209228516 20
      vertex 129 123 20
    endloop
  endfacet
  facet normal 0 0 1
    outer loop
      vertex 129.19097900390625 122.41221618652344 20
      vertex 125.95491027832031 120.06107330322266 20
      vertex 127.06107330322266 118.95491027832031 20
    endloop
  endfacet
  facet normal 0 0 1
    outer loop
      vertex 125 123 20
      vertex 129 123 20
      vertex 125.24472045898438 124.54508209228516 20
    endloop
  endfacet
  facet normal 0 0 1
    outer loop
      vertex 129.0489501953125 122.69097900390625 20
      vertex 125.24472045898438 121.45491027832031 20
      vertex 125.95491027832031 120.06107330322266 20
    endloop
  endfacet
  facet normal 0 0 1
    outer loop
      vertex 129 123 20
      vertex 125 123 20
      vertex 125.24472045898438 121.45491027832031 20
    endloop
  endfacet
  facet normal 0.15643589193930557 -0.9876881145954698 0
    outer loop
      vertex 130 118 8
      vertex 131.5450897216797 118.24472045898438 20
      vertex 130 118 20
    endloop
  endfacet
  facet normal 0.15643589193930557 -0.9876881145954698 0
    outer loop
      vertex 131.5450897216797 118.24472045898438 20
      vertex 130 118 8
      vertex 131.5450897216797 118.24472045898438 8
    endloop
  endfacet
  facet normal -0.4539876618670194 -0.8910079701509505 0
    outer loop
      vertex 127.06107330322266 118.95491027832031 8
      vertex 128.4549102783203 118.24472045898438 20
      vertex 127.06107330322266 118.95491027832031 20
    endloop
  endfacet
  facet normal -0.4539876618670194 -0.8910079701509505 0
    outer loop
      vertex 128.4549102783203 118.24472045898438 20
      vertex 127.06107330322266 118.95491027832031 8
      vertex 128.4549102783203 118.24472045898438 8
    endloop
  endfacet
  facet normal 0 0 1
    outer loop
      vertex -131.65435791015625 118.3003921508789 3
      vertex -131.7036895751953 118.32553100585938 3
      vertex -125.56053161621094 70.69242095947266 3
    endloop
  endfacet
  facet normal 0 0 1
    outer loop
      vertex -10 122.5 3
      vertex -117 110.5 3
      vertex -10 110.5 3
    endloop
  endfacet
  facet normal 0 0 1
    outer loop
      vertex -125.24472045898438 121.45491027832031 3
      vertex -117 110.5 3
      vertex -125.07919311523438 122.5 3
    endloop
  endfacet
  facet normal 0 0 1
    outer loop
      vertex -125.07919311523438 122.5 3
      vertex -117 110.5 3
      vertex -10 122.5 3
    endloop
  endfacet
  facet normal 0 0 1
    outer loop
      vertex -117 109.5 3
      vertex -97.79209899902344 -107 3
      vertex -89.69369506835938 -107 3
    endloop
  endfacet
  facet normal 0 0 1
    outer loop
      vertex -125.95491027832031 120.06107330322266 3
      vertex -117 110.5 3
      vertex -125.24472045898438 121.45491027832031 3
    endloop
  endfacet
  facet normal 0 0 1
    outer loop
      vertex -126.75367736816406 119.26231384277344 3
      vertex -117 110.5 3
      vertex -125.95491027832031 120.06107330322266 3
    endloop
  endfacet
  facet normal 0 0 1
    outer loop
      vertex -117 110.5 3
      vertex -126.75367736816406 119.26231384277344 3
      vertex -117 109.5 3
    endloop
  endfacet
  facet normal 0 0 1
    outer loop
      vertex -117 109.5 3
      vertex -126.75367736816406 119.26231384277344 3
      vertex -97.79209899902344 -107 3
    endloop
  endfacet
  facet normal 0 0 1
    outer loop
      vertex -70 -112.5 3
      vertex -10 -122.5 3
      vertex -10 -112.5 3
    endloop
  endfacet
  facet normal 0 0 1
    outer loop
      vertex -10 -122.5 3
      vertex -70 -112.5 3
      vertex -70 -122.5 3
    endloop
  endfacet
  facet normal 0 0 1
    outer loop
      vertex 10 122.5 3
      vertex 117 110.5 3
      vertex 125.07919311523438 122.5 3
    endloop
  endfacet
  facet normal 0 0 1
    outer loop
      vertex 117 110.5 3
      vertex 10 122.5 3
      vertex 10 110.5 3
    endloop
  endfacet
  facet normal 0 0 1
    outer loop
      vertex 117 110.5 3
      vertex 125.24472045898438 121.45491027832031 3
      vertex 125.07919311523438 122.5 3
    endloop
  endfacet
  facet normal 0 0 1
    outer loop
      vertex 117 110.5 3
      vertex 125.95491027832031 120.06107330322266 3
      vertex 125.24472045898438 121.45491027832031 3
    endloop
  endfacet
  facet normal 0 0 1
    outer loop
      vertex 117 110.5 3
      vertex 126.75367736816406 119.26231384277344 3
      vertex 125.95491027832031 120.06107330322266 3
    endloop
  endfacet
  facet normal 0 0 1
    outer loop
      vertex 117 109.5 3
      vertex 126.75367736816406 119.26231384277344 3
      vertex 117 110.5 3
    endloop
  endfacet
  facet normal 0 0 1
    outer loop
      vertex 117 109.5 3
      vertex 95.80809783935547 -122.5 3
      vertex 126.75367736816406 119.26231384277344 3
    endloop
  endfacet
  facet normal 0 0 1
    outer loop
      vertex 89 -112.5 3
      vertex 95.80809783935547 -122.5 3
      vertex 117 109.5 3
    endloop
  endfacet
  facet normal 0 0 1
    outer loop
      vertex 10 -122.5 3
      vertex 89 -112.5 3
      vertex 10 -112.5 3
    endloop
  endfacet
  facet normal 0 0 1
    outer loop
      vertex 89 -112.5 3
      vertex 10 -122.5 3
      vertex 95.80809783935547 -122.5 3
    endloop
  endfacet
  facet normal 0 0 1
    outer loop
      vertex 131.65435791015625 118.3003921508789 3
      vertex 125.56053161621094 70.69242095947266 3
      vertex 131.7036895751953 118.32553100585938 3
    endloop
  endfacet
  facet normal 0 -1 0
    outer loop
      vertex -150 -127.5 4
      vertex -160 -127.5 8
      vertex -160 -127.5 4
    endloop
  endfacet
  facet normal 0 -1 0
    outer loop
      vertex -160 -127.5 8
      vertex -150 -127.5 4
      vertex -104.92080688476562 -127.5 8
    endloop
  endfacet
  facet normal 0 -1 0
    outer loop
      vertex -104.92080688476562 -127.5 0
      vertex -150 -127.5 4
      vertex -150 -127.5 0
    endloop
  endfacet
  facet normal 0 -1 0
    outer loop
      vertex -150 -127.5 4
      vertex -104.92080688476562 -127.5 0
      vertex -104.92080688476562 -127.5 8
    endloop
  endfacet
  facet normal 0 -1 0
    outer loop
      vertex -95.07919311523438 -127.5 8
      vertex -10 -127.5 4
      vertex 95.07919311523438 -127.5 8
    endloop
  endfacet
  facet normal 0 -1 0
    outer loop
      vertex -95.07919311523438 -127.5 0
      vertex -10 -127.5 4
      vertex -95.07919311523438 -127.5 8
    endloop
  endfacet
  facet normal 0 -1 0
    outer loop
      vertex -10 -127.5 4
      vertex -95.07919311523438 -127.5 0
      vertex -10 -127.5 0
    endloop
  endfacet
  facet normal 0 -1 0
    outer loop
      vertex 10 -127.5 4
      vertex 95.07919311523438 -127.5 8
      vertex -10 -127.5 4
    endloop
  endfacet
  facet normal 0 -1 0
    outer loop
      vertex 95.07919311523438 -127.5 0
      vertex 10 -127.5 4
      vertex 10 -127.5 0
    endloop
  endfacet
  facet normal 0 -1 0
    outer loop
      vertex 10 -127.5 4
      vertex 95.07919311523438 -127.5 0
      vertex 95.07919311523438 -127.5 8
    endloop
  endfacet
  facet normal 0.9917859241265078 -0.1279088765665974 0
    outer loop
      vertex 125.56053161621094 70.69242095947266 3
      vertex 131.7036895751953 118.32553100585938 0
      vertex 131.7036895751953 118.32553100585938 3
    endloop
  endfacet
  facet normal 0.9917859241265078 -0.1279088765665974 0
    outer loop
      vertex 131.7036895751953 118.32553100585938 0
      vertex 125.56053161621094 70.69242095947266 3
      vertex 125.56053161621094 70.69242095947266 0
    endloop
  endfacet
  facet normal -0.9917859241265078 -0.1279088765665974 0
    outer loop
      vertex -125.56053161621094 70.69242095947266 0
      vertex -131.7036895751953 118.32553100585938 3
      vertex -131.7036895751953 118.32553100585938 0
    endloop
  endfacet
  facet normal -0.9917859241265078 -0.1279088765665974 0
    outer loop
      vertex -131.7036895751953 118.32553100585938 3
      vertex -125.56053161621094 70.69242095947266 0
      vertex -125.56053161621094 70.69242095947266 3
    endloop
  endfacet
  facet normal 1 0 0
    outer loop
      vertex -70 -122.5 4
      vertex -70 -112.5 3
      vertex -70 -112.5 4
    endloop
  endfacet
  facet normal 1 0 0
    outer loop
      vertex -70 -112.5 3
      vertex -70 -122.5 4
      vertex -70 -122.5 3
    endloop
  endfacet
  facet normal 0 0 1
    outer loop
      vertex -102.81590270996094 -107 4
      vertex -101.54508209228516 -122.24472045898438 4
      vertex -100.87809753417969 -122.13907623291016 4
    endloop
  endfacet
  facet normal 0 0 1
    outer loop
      vertex -102.81590270996094 -107 4
      vertex -102.04610443115234 -122.5 4
      vertex -101.54508209228516 -122.24472045898438 4
    endloop
  endfacet
  facet normal 0 0 1
    outer loop
      vertex -102.81590270996094 -107 4
      vertex -160 -122.5 4
      vertex -102.04610443115234 -122.5 4
    endloop
  endfacet
  facet normal 0 0 1
    outer loop
      vertex -160 -122.5 4
      vertex -170 -107 4
      vertex -160 -127.5 4
    endloop
  endfacet
  facet normal 0 0 1
    outer loop
      vertex -170 -107 4
      vertex -160 -122.5 4
      vertex -102.81590270996094 -107 4
    endloop
  endfacet
  facet normal 0 0 1
    outer loop
      vertex -160 -127.5 4
      vertex -150 -150 4
      vertex -150 -127.5 4
    endloop
  endfacet
  facet normal 0 0 1
    outer loop
      vertex -170 -150 4
      vertex -160 -127.5 4
      vertex -170 -107 4
    endloop
  endfacet
  facet normal 0 0 1
    outer loop
      vertex -160 -127.5 4
      vertex -170 -150 4
      vertex -150 -150 4
    endloop
  endfacet
  facet normal 0 0 1
    outer loop
      vertex -89 -112.5 4
      vertex -70 -122.5 4
      vertex -70 -112.5 4
    endloop
  endfacet
  facet normal 0 0 1
    outer loop
      vertex -89 -112.5 4
      vertex -95.80809783935547 -122.5 4
      vertex -70 -122.5 4
    endloop
  endfacet
  facet normal 0 0 1
    outer loop
      vertex -97.79209899902344 -107 4
      vertex -89 -112.5 4
      vertex -89.69369506835938 -107 4
    endloop
  endfacet
  facet normal 0 0 1
    outer loop
      vertex -89 -112.5 4
      vertex -97.79209899902344 -107 4
      vertex -95.80809783935547 -122.5 4
    endloop
  endfacet
  facet normal -1 0 0
    outer loop
      vertex -170 -150 0
      vertex -170 -107 4
      vertex -170 -107 0
    endloop
  endfacet
  facet normal -1 0 0
    outer loop
      vertex -170 -107 4
      vertex -170 -150 0
      vertex -170 -150 4
    endloop
  endfacet
  facet normal 0 1 0
    outer loop
      vertex -102.81590270996094 -107 0
      vertex -170 -107 4
      vertex -102.81590270996094 -107 4
    endloop
  endfacet
  facet normal 0 1 0
    outer loop
      vertex -170 -107 4
      vertex -102.81590270996094 -107 0
      vertex -170 -107 0
    endloop
  endfacet
  facet normal 0 1 0
    outer loop
      vertex -89.69369506835938 -107 3
      vertex -97.79209899902344 -107 4
      vertex -89.69369506835938 -107 4
    endloop
  endfacet
  facet normal 0 1 0
    outer loop
      vertex -97.79209899902344 -107 4
      vertex -89.69369506835938 -107 3
      vertex -97.79209899902344 -107 3
    endloop
  endfacet
  facet normal 1 0 0
    outer loop
      vertex -150 -150 4
      vertex -150 -127.5 0
      vertex -150 -127.5 4
    endloop
  endfacet
  facet normal 1 0 0
    outer loop
      vertex -150 -127.5 0
      vertex -150 -150 4
      vertex -150 -150 0
    endloop
  endfacet
  facet normal 0 -1 0
    outer loop
      vertex -170 -150 0
      vertex -150 -150 4
      vertex -170 -150 4
    endloop
  endfacet
  facet normal 0 -1 0
    outer loop
      vertex -150 -150 4
      vertex -170 -150 0
      vertex -150 -150 0
    endloop
  endfacet
  facet normal 1 0 0
    outer loop
      vertex 10 -150 4
      vertex 10 -127.5 0
      vertex 10 -127.5 4
    endloop
  endfacet
  facet normal 1 0 0
    outer loop
      vertex 10 -127.5 0
      vertex 10 -150 4
      vertex 10 -150 0
    endloop
  endfacet
  facet normal 1 0 0
    outer loop
      vertex 10 -122.5 4
      vertex 10 -112.5 3
      vertex 10 -112.5 4
    endloop
  endfacet
  facet normal 1 0 0
    outer loop
      vertex 10 -112.5 3
      vertex 10 -122.5 4
      vertex 10 -122.5 3
    endloop
  endfacet
  facet normal 0 0 1
    outer loop
      vertex -10 -127.5 4
      vertex 10 -150 4
      vertex 10 -127.5 4
    endloop
  endfacet
  facet normal 0 0 1
    outer loop
      vertex 10 -150 4
      vertex -10 -127.5 4
      vertex -10 -150 4
    endloop
  endfacet
  facet normal 0 0 1
    outer loop
      vertex -10 -112.5 4
      vertex 10 -122.5 4
      vertex 10 -112.5 4
    endloop
  endfacet
  facet normal 0 0 1
    outer loop
      vertex 10 -122.5 4
      vertex -10 -112.5 4
      vertex -10 -122.5 4
    endloop
  endfacet
  facet normal -1 0 0
    outer loop
      vertex -10 -150 0
      vertex -10 -127.5 4
      vertex -10 -127.5 0
    endloop
  endfacet
  facet normal -1 0 0
    outer loop
      vertex -10 -127.5 4
      vertex -10 -150 0
      vertex -10 -150 4
    endloop
  endfacet
  facet normal -1 0 0
    outer loop
      vertex -10 -122.5 3
      vertex -10 -112.5 4
      vertex -10 -112.5 3
    endloop
  endfacet
  facet normal -1 0 0
    outer loop
      vertex -10 -112.5 4
      vertex -10 -122.5 3
      vertex -10 -122.5 4
    endloop
  endfacet
  facet normal 0 -1 0
    outer loop
      vertex -10 -150 0
      vertex 10 -150 4
      vertex -10 -150 4
    endloop
  endfacet
  facet normal 0 -1 0
    outer loop
      vertex 10 -150 4
      vertex -10 -150 0
      vertex 10 -150 0
    endloop
  endfacet
  facet normal 1 0 0
    outer loop
      vertex 10 127.5 4
      vertex 10 150 0
      vertex 10 150 4
    endloop
  endfacet
  facet normal 1 0 0
    outer loop
      vertex 10 150 0
      vertex 10 127.5 4
      vertex 10 127.5 0
    endloop
  endfacet
  facet normal 1 0 0
    outer loop
      vertex 10 110.5 4
      vertex 10 122.5 3
      vertex 10 122.5 4
    endloop
  endfacet
  facet normal 1 0 0
    outer loop
      vertex 10 122.5 3
      vertex 10 110.5 4
      vertex 10 110.5 3
    endloop
  endfacet
  facet normal 0 0 1
    outer loop
      vertex -10 150 4
      vertex 10 127.5 4
      vertex 10 150 4
    endloop
  endfacet
  facet normal 0 0 1
    outer loop
      vertex 10 127.5 4
      vertex -10 150 4
      vertex -10 127.5 4
    endloop
  endfacet
  facet normal 0 0 1
    outer loop
      vertex -10 122.5 4
      vertex 10 110.5 4
      vertex 10 122.5 4
    endloop
  endfacet
  facet normal 0 0 1
    outer loop
      vertex 10 110.5 4
      vertex -10 122.5 4
      vertex -10 110.5 4
    endloop
  endfacet
  facet normal -1 0 0
    outer loop
      vertex -10 127.5 0
      vertex -10 150 4
      vertex -10 150 0
    endloop
  endfacet
  facet normal -1 0 0
    outer loop
      vertex -10 150 4
      vertex -10 127.5 0
      vertex -10 127.5 4
    endloop
  endfacet
  facet normal -1 0 0
    outer loop
      vertex -10 110.5 3
      vertex -10 122.5 4
      vertex -10 122.5 3
    endloop
  endfacet
  facet normal -1 0 0
    outer loop
      vertex -10 122.5 4
      vertex -10 110.5 3
      vertex -10 110.5 4
    endloop
  endfacet
  facet normal 0 1 0
    outer loop
      vertex 10 150 0
      vertex -10 150 4
      vertex 10 150 4
    endloop
  endfacet
  facet normal 0 1 0
    outer loop
      vertex -10 150 4
      vertex 10 150 0
      vertex -10 150 0
    endloop
  endfacet
  facet normal 0 0 1
    outer loop
      vertex -104.75527954101562 -125.45491027832031 8
      vertex -160 -122.5 8
      vertex -105 -127 8
    endloop
  endfacet
  facet normal 0 0 1
    outer loop
      vertex -104.04508209228516 -124.06107330322266 8
      vertex -160 -122.5 8
      vertex -104.75527954101562 -125.45491027832031 8
    endloop
  endfacet
  facet normal 0 0 1
    outer loop
      vertex -102.93892669677734 -122.95491027832031 8
      vertex -160 -122.5 8
      vertex -104.04508209228516 -124.06107330322266 8
    endloop
  endfacet
  facet normal 0 0 1
    outer loop
      vertex -160 -122.5 8
      vertex -102.93892669677734 -122.95491027832031 8
      vertex -102.04610443115234 -122.5 8
    endloop
  endfacet
  facet normal 0 0 1
    outer loop
      vertex -160 -127.5 8
      vertex -105 -127 8
      vertex -160 -122.5 8
    endloop
  endfacet
  facet normal 0 0 1
    outer loop
      vertex -105 -127 8
      vertex -160 -127.5 8
      vertex -104.92080688476562 -127.5 8
    endloop
  endfacet
  facet normal 0 0 1
    outer loop
      vertex 125.24472045898438 124.54508209228516 8
      vertex -125 123 8
      vertex 125 123 8
    endloop
  endfacet
  facet normal 0 0 1
    outer loop
      vertex -125.24472045898438 124.54508209228516 8
      vertex 125.24472045898438 124.54508209228516 8
      vertex 125.95491027832031 125.93892669677734 8
    endloop
  endfacet
  facet normal 0 0 1
    outer loop
      vertex -125.95491027832031 125.93892669677734 8
      vertex 125.95491027832031 125.93892669677734 8
      vertex 127.06107330322266 127.04508209228516 8
    endloop
  endfacet
  facet normal 0 0 1
    outer loop
      vertex -127.06107330322266 127.04508209228516 8
      vertex 127.06107330322266 127.04508209228516 8
      vertex 127.95389556884766 127.5 8
    endloop
  endfacet
  facet normal 0 0 1
    outer loop
      vertex 125.24472045898438 124.54508209228516 8
      vertex -125.24472045898438 124.54508209228516 8
      vertex -125 123 8
    endloop
  endfacet
  facet normal 0 0 1
    outer loop
      vertex 125.95491027832031 125.93892669677734 8
      vertex -125.95491027832031 125.93892669677734 8
      vertex -125.24472045898438 124.54508209228516 8
    endloop
  endfacet
  facet normal 0 0 1
    outer loop
      vertex 127.06107330322266 127.04508209228516 8
      vertex -127.06107330322266 127.04508209228516 8
      vertex -125.95491027832031 125.93892669677734 8
    endloop
  endfacet
  facet normal 0 0 1
    outer loop
      vertex -127.06107330322266 127.04508209228516 8
      vertex 127.95389556884766 127.5 8
      vertex -127.95389556884766 127.5 8
    endloop
  endfacet
  facet normal 0 0 1
    outer loop
      vertex -125 123 8
      vertex 125.07919311523438 122.5 8
      vertex 125 123 8
    endloop
  endfacet
  facet normal 0 0 1
    outer loop
      vertex 125.07919311523438 122.5 8
      vertex -125 123 8
      vertex -125.07919311523438 122.5 8
    endloop
  endfacet
  facet normal 0 0 1
    outer loop
      vertex 131.5450897216797 118.24472045898438 8
      vertex 100.87809753417969 -122.13907623291016 8
      vertex 131.65435791015625 118.3003921508789 8
    endloop
  endfacet
  facet normal 0 0 1
    outer loop
      vertex 130 118 8
      vertex 100.87809753417969 -122.13907623291016 8
      vertex 131.5450897216797 118.24472045898438 8
    endloop
  endfacet
  facet normal 0 0 1
    outer loop
      vertex 100 -122 8
      vertex 130 118 8
      vertex 128.4549102783203 118.24472045898438 8
    endloop
  endfacet
  facet normal 0 0 1
    outer loop
      vertex 95.80809783935547 -122.5 8
      vertex 128.4549102783203 118.24472045898438 8
      vertex 127.06107330322266 118.95491027832031 8
    endloop
  endfacet
  facet normal 0 0 1
    outer loop
      vertex 95.80809783935547 -122.5 8
      vertex 127.06107330322266 118.95491027832031 8
      vertex 126.75367736816406 119.26231384277344 8
    endloop
  endfacet
  facet normal 0 0 1
    outer loop
      vertex 130 118 8
      vertex 100 -122 8
      vertex 100.87809753417969 -122.13907623291016 8
    endloop
  endfacet
  facet normal 0 0 1
    outer loop
      vertex 128.4549102783203 118.24472045898438 8
      vertex 95.80809783935547 -122.5 8
      vertex 100 -122 8
    endloop
  endfacet
  facet normal 0 0 1
    outer loop
      vertex 100 -122 8
      vertex 95.80809783935547 -122.5 8
      vertex 98.45491027832031 -122.24472045898438 8
    endloop
  endfacet
  facet normal 0 0 1
    outer loop
      vertex 98.45491027832031 -122.24472045898438 8
      vertex 95.80809783935547 -122.5 8
      vertex 97.06107330322266 -122.95491027832031 8
    endloop
  endfacet
  facet normal 0 0 1
    outer loop
      vertex 97.06107330322266 -122.95491027832031 8
      vertex 95.80809783935547 -122.5 8
      vertex 95.95491027832031 -124.06107330322266 8
    endloop
  endfacet
  facet normal 0 0 1
    outer loop
      vertex 95.80809783935547 -122.5 8
      vertex 95.24472045898438 -125.45491027832031 8
      vertex 95.95491027832031 -124.06107330322266 8
    endloop
  endfacet
  facet normal 0 0 1
    outer loop
      vertex 95.24472045898438 -125.45491027832031 8
      vertex -95 -127 8
      vertex 95 -127 8
    endloop
  endfacet
  facet normal 0 0 1
    outer loop
      vertex -95.24472045898438 -125.45491027832031 8
      vertex 95.24472045898438 -125.45491027832031 8
      vertex 95.80809783935547 -122.5 8
    endloop
  endfacet
  facet normal 0 0 1
    outer loop
      vertex 95.24472045898438 -125.45491027832031 8
      vertex -95.24472045898438 -125.45491027832031 8
      vertex -95 -127 8
    endloop
  endfacet
  facet normal 0 0 1
    outer loop
      vertex -95.80809783935547 -122.5 8
      vertex -95.24472045898438 -125.45491027832031 8
      vertex 95.80809783935547 -122.5 8
    endloop
  endfacet
  facet normal 0 0 1
    outer loop
      vertex -95.80809783935547 -122.5 8
      vertex -95.95491027832031 -124.06107330322266 8
      vertex -95.24472045898438 -125.45491027832031 8
    endloop
  endfacet
  facet normal 0 0 1
    outer loop
      vertex -95.80809783935547 -122.5 8
      vertex -97.06107330322266 -122.95491027832031 8
      vertex -95.95491027832031 -124.06107330322266 8
    endloop
  endfacet
  facet normal 0 0 1
    outer loop
      vertex -95.80809783935547 -122.5 8
      vertex -98.45491027832031 -122.24472045898438 8
      vertex -97.06107330322266 -122.95491027832031 8
    endloop
  endfacet
  facet normal 0 0 1
    outer loop
      vertex -95.80809783935547 -122.5 8
      vertex -100 -122 8
      vertex -98.45491027832031 -122.24472045898438 8
    endloop
  endfacet
  facet normal 0 0 1
    outer loop
      vertex -127.06107330322266 118.95491027832031 8
      vertex -95.80809783935547 -122.5 8
      vertex -126.75367736816406 119.26231384277344 8
    endloop
  endfacet
  facet normal 0 0 1
    outer loop
      vertex -128.4549102783203 118.24472045898438 8
      vertex -95.80809783935547 -122.5 8
      vertex -127.06107330322266 118.95491027832031 8
    endloop
  endfacet
  facet normal 0 0 1
    outer loop
      vertex -95.80809783935547 -122.5 8
      vertex -128.4549102783203 118.24472045898438 8
      vertex -100 -122 8
    endloop
  endfacet
  facet normal 0 0 1
    outer loop
      vertex -130 118 8
      vertex -100 -122 8
      vertex -128.4549102783203 118.24472045898438 8
    endloop
  endfacet
  facet normal 0 0 1
    outer loop
      vertex -100 -122 8
      vertex -130 118 8
      vertex -100.87809753417969 -122.13907623291016 8
    endloop
  endfacet
  facet normal 0 0 1
    outer loop
      vertex -131.5450897216797 118.24472045898438 8
      vertex -100.87809753417969 -122.13907623291016 8
      vertex -130 118 8
    endloop
  endfacet
  facet normal 0 0 1
    outer loop
      vertex -100.87809753417969 -122.13907623291016 8
      vertex -131.5450897216797 118.24472045898438 8
      vertex -131.65435791015625 118.3003921508789 8
    endloop
  endfacet
  facet normal 0 0 1
    outer loop
      vertex -95 -127 8
      vertex 95.07919311523438 -127.5 8
      vertex 95 -127 8
    endloop
  endfacet
  facet normal 0 0 1
    outer loop
      vertex 95.07919311523438 -127.5 8
      vertex -95 -127 8
      vertex -95.07919311523438 -127.5 8
    endloop
  endfacet
  facet normal -1 0 0
    outer loop
      vertex -160 -127.5 4
      vertex -160 -122.5 8
      vertex -160 -122.5 4
    endloop
  endfacet
  facet normal -1 0 0
    outer loop
      vertex -160 -122.5 8
      vertex -160 -127.5 4
      vertex -160 -127.5 8
    endloop
  endfacet
  facet normal 0 1 0
    outer loop
      vertex -102.04610443115234 -122.5 4
      vertex -160 -122.5 8
      vertex -102.04610443115234 -122.5 8
    endloop
  endfacet
  facet normal 0 1 0
    outer loop
      vertex -160 -122.5 8
      vertex -102.04610443115234 -122.5 4
      vertex -160 -122.5 4
    endloop
  endfacet
  facet normal 0 1 0
    outer loop
      vertex -10 -122.5 3
      vertex -70 -122.5 4
      vertex -10 -122.5 4
    endloop
  endfacet
  facet normal 0 1 0
    outer loop
      vertex -70 -122.5 4
      vertex -10 -122.5 3
      vertex -70 -122.5 3
    endloop
  endfacet
  facet normal 0 1 0
    outer loop
      vertex 95.80809783935547 -122.5 8
      vertex 10 -122.5 4
      vertex -95.80809783935547 -122.5 8
    endloop
  endfacet
  facet normal 0 1 0
    outer loop
      vertex 95.80809783935547 -122.5 3
      vertex 10 -122.5 4
      vertex 95.80809783935547 -122.5 8
    endloop
  endfacet
  facet normal 0 1 0
    outer loop
      vertex 10 -122.5 4
      vertex 95.80809783935547 -122.5 3
      vertex 10 -122.5 3
    endloop
  endfacet
  facet normal 0 1 0
    outer loop
      vertex -10 -122.5 4
      vertex -95.80809783935547 -122.5 8
      vertex 10 -122.5 4
    endloop
  endfacet
  facet normal 0 1 0
    outer loop
      vertex -70 -122.5 4
      vertex -95.80809783935547 -122.5 8
      vertex -10 -122.5 4
    endloop
  endfacet
  facet normal 0 1 0
    outer loop
      vertex -95.80809783935547 -122.5 8
      vertex -70 -122.5 4
      vertex -95.80809783935547 -122.5 4
    endloop
  endfacet
  facet normal 0 1 0
    outer loop
      vertex 127.95389556884766 127.5 8
      vertex 10 127.5 4
      vertex -127.95389556884766 127.5 8
    endloop
  endfacet
  facet normal 0 1 0
    outer loop
      vertex 127.95389556884766 127.5 0
      vertex 10 127.5 4
      vertex 127.95389556884766 127.5 8
    endloop
  endfacet
  facet normal 0 1 0
    outer loop
      vertex 10 127.5 4
      vertex 127.95389556884766 127.5 0
      vertex 10 127.5 0
    endloop
  endfacet
  facet normal 0 1 0
    outer loop
      vertex -10 127.5 4
      vertex -127.95389556884766 127.5 8
      vertex 10 127.5 4
    endloop
  endfacet
  facet normal 0 1 0
    outer loop
      vertex -127.95389556884766 127.5 0
      vertex -10 127.5 4
      vertex -10 127.5 0
    endloop
  endfacet
  facet normal 0 1 0
    outer loop
      vertex -10 127.5 4
      vertex -127.95389556884766 127.5 0
      vertex -127.95389556884766 127.5 8
    endloop
  endfacet
  facet normal 0 -1 0
    outer loop
      vertex -125.07919311523438 122.5 8
      vertex -10 122.5 4
      vertex 125.07919311523438 122.5 8
    endloop
  endfacet
  facet normal 0 -1 0
    outer loop
      vertex -125.07919311523438 122.5 3
      vertex -10 122.5 4
      vertex -125.07919311523438 122.5 8
    endloop
  endfacet
  facet normal 0 -1 0
    outer loop
      vertex -10 122.5 4
      vertex -125.07919311523438 122.5 3
      vertex -10 122.5 3
    endloop
  endfacet
  facet normal 0 -1 0
    outer loop
      vertex 10 122.5 4
      vertex 125.07919311523438 122.5 8
      vertex -10 122.5 4
    endloop
  endfacet
  facet normal 0 -1 0
    outer loop
      vertex 125.07919311523438 122.5 3
      vertex 10 122.5 4
      vertex 10 122.5 3
    endloop
  endfacet
  facet normal 0 -1 0
    outer loop
      vertex 10 122.5 4
      vertex 125.07919311523438 122.5 3
      vertex 125.07919311523438 122.5 8
    endloop
  endfacet
  facet normal 0.991907292628888 -0.1269642580793093 0
    outer loop
      vertex 131.65435791015625 118.3003921508789 8
      vertex 125.56053161621094 70.69242095947266 3
      vertex 131.65435791015625 118.3003921508789 3
    endloop
  endfacet
  facet normal 0.9919073039471187 -0.12696416965280422 -8.557555676504337e-7
    outer loop
      vertex 100.87809753417969 -122.13907623291016 8
      vertex 125.56053161621094 70.69242095947266 3
      vertex 131.65435791015625 118.3003921508789 8
    endloop
  endfacet
  facet normal 0.9919073067419167 -0.12696414782133228 0
    outer loop
      vertex 100.87809753417969 -122.13907623291016 0
      vertex 125.56053161621094 70.69242095947266 3
      vertex 100.87809753417969 -122.13907623291016 8
    endloop
  endfacet
  facet normal 0.9919073067419167 -0.12696414782133228 0
    outer loop
      vertex 125.56053161621094 70.69242095947266 3
      vertex 100.87809753417969 -122.13907623291016 0
      vertex 125.56053161621094 70.69242095947266 0
    endloop
  endfacet
  facet normal -0.9919073065889631 0.12696414901628225 0
    outer loop
      vertex 95.80809783935547 -122.5 3
      vertex 126.75367736816406 119.26231384277344 8
      vertex 126.75367736816406 119.26231384277344 3
    endloop
  endfacet
  facet normal -0.9919073065889631 0.12696414901628225 0
    outer loop
      vertex 126.75367736816406 119.26231384277344 8
      vertex 95.80809783935547 -122.5 3
      vertex 95.80809783935547 -122.5 8
    endloop
  endfacet
  facet normal 0.991907307110384 0.12696414494268257 0
    outer loop
      vertex -126.75367736816406 119.26231384277344 8
      vertex -97.79209899902344 -107 4
      vertex -126.75367736816406 119.26231384277344 3
    endloop
  endfacet
  facet normal 0.991907306588936 0.12696414901627878 -2.3420081479641053e-7
    outer loop
      vertex -95.80809783935547 -122.5 8
      vertex -97.79209899902344 -107 4
      vertex -126.75367736816406 119.26231384277344 8
    endloop
  endfacet
  facet normal 0.9919072989774852 0.12696420848093248 0
    outer loop
      vertex -97.79209899902344 -107 4
      vertex -95.80809783935547 -122.5 8
      vertex -95.80809783935547 -122.5 4
    endloop
  endfacet
  facet normal 0.9919073071103839 0.12696414494268257 0
    outer loop
      vertex -126.75367736816406 119.26231384277344 3
      vertex -97.79209899902344 -107 4
      vertex -97.79209899902344 -107 3
    endloop
  endfacet
  facet normal -0.9919073090099974 -0.1269641301019527 0
    outer loop
      vertex -125.56053161621094 70.69242095947266 0
      vertex -102.81590270996094 -107 0
      vertex -125.56053161621094 70.69242095947266 3
    endloop
  endfacet
  facet normal -0.991907292628888 -0.1269642580793093 0
    outer loop
      vertex -125.56053161621094 70.69242095947266 3
      vertex -131.65435791015625 118.3003921508789 8
      vertex -131.65435791015625 118.3003921508789 3
    endloop
  endfacet
  facet normal -0.9919073090099975 -0.12696413010195273 0
    outer loop
      vertex -102.81590270996094 -107 4
      vertex -125.56053161621094 70.69242095947266 3
      vertex -102.81590270996094 -107 0
    endloop
  endfacet
  facet normal -0.9919073096383277 -0.12696412519002215 8.871039781542452e-7
    outer loop
      vertex -100.87809753417969 -122.13907623291016 8
      vertex -125.56053161621094 70.69242095947266 3
      vertex -102.81590270996094 -107 4
    endloop
  endfacet
  facet normal -0.9919072801206698 -0.12696435579963058 0
    outer loop
      vertex -100.87809753417969 -122.13907623291016 8
      vertex -102.81590270996094 -107 4
      vertex -100.87809753417969 -122.13907623291016 4
    endloop
  endfacet
  facet normal -0.9919073039471187 -0.12696416965280422 -8.557555676504337e-7
    outer loop
      vertex -125.56053161621094 70.69242095947266 3
      vertex -100.87809753417969 -122.13907623291016 8
      vertex -131.65435791015625 118.3003921508789 8
    endloop
  endfacet
  facet normal 1 0 0
    outer loop
      vertex -117 109.5 3
      vertex -117 110.5 0
      vertex -117 110.5 3
    endloop
  endfacet
  facet normal 1 0 0
    outer loop
      vertex -117 110.5 0
      vertex -117 109.5 3
      vertex -117 109.5 0
    endloop
  endfacet
  facet normal 0 1 0
    outer loop
      vertex 89 -112.5 0
      vertex 10 -112.5 3
      vertex 89 -112.5 3
    endloop
  endfacet
  facet normal 0 1 0
    outer loop
      vertex 10 -112.5 3
      vertex 89 -112.5 0
      vertex -10 -112.5 3
    endloop
  endfacet
  facet normal 0 1 0
    outer loop
      vertex -89 -112.5 0
      vertex -10 -112.5 3
      vertex 89 -112.5 0
    endloop
  endfacet
  facet normal 0 1 0
    outer loop
      vertex 10 -112.5 3
      vertex -10 -112.5 4
      vertex 10 -112.5 4
    endloop
  endfacet
  facet normal 0 1 0
    outer loop
      vertex -10 -112.5 4
      vertex 10 -112.5 3
      vertex -10 -112.5 3
    endloop
  endfacet
  facet normal 0 1 0
    outer loop
      vertex -70 -112.5 3
      vertex -89 -112.5 4
      vertex -70 -112.5 4
    endloop
  endfacet
  facet normal 0 1 0
    outer loop
      vertex -70 -112.5 3
      vertex -89 -112.5 0
      vertex -89 -112.5 4
    endloop
  endfacet
  facet normal 0 1 0
    outer loop
      vertex -10 -112.5 3
      vertex -89 -112.5 0
      vertex -70 -112.5 3
    endloop
  endfacet
  facet normal 0 -1 0
    outer loop
      vertex -117 110.5 0
      vertex -10 110.5 3
      vertex -117 110.5 3
    endloop
  endfacet
  facet normal 0 -1 0
    outer loop
      vertex -10 110.5 3
      vertex -117 110.5 0
      vertex 10 110.5 3
    endloop
  endfacet
  facet normal 0 -1 0
    outer loop
      vertex 117 110.5 0
      vertex 10 110.5 3
      vertex -117 110.5 0
    endloop
  endfacet
  facet normal 0 -1 0
    outer loop
      vertex 10 110.5 3
      vertex 117 110.5 0
      vertex 117 110.5 3
    endloop
  endfacet
  facet normal 0 -1 0
    outer loop
      vertex -10 110.5 3
      vertex 10 110.5 4
      vertex -10 110.5 4
    endloop
  endfacet
  facet normal 0 -1 0
    outer loop
      vertex 10 110.5 4
      vertex -10 110.5 3
      vertex 10 110.5 3
    endloop
  endfacet
  facet normal -1 0 0
    outer loop
      vertex 117 109.5 0
      vertex 117 110.5 3
      vertex 117 110.5 0
    endloop
  endfacet
  facet normal -1 0 0
    outer loop
      vertex 117 110.5 3
      vertex 117 109.5 0
      vertex 117 109.5 3
    endloop
  endfacet
  facet normal -0.9921397562025527 0.1251347440255472 0
    outer loop
      vertex 89 -112.5 0
      vertex 117 109.5 3
      vertex 117 109.5 0
    endloop
  endfacet
  facet normal -0.9921397562025527 0.1251347440255472 0
    outer loop
      vertex 117 109.5 3
      vertex 89 -112.5 0
      vertex 89 -112.5 3
    endloop
  endfacet
  facet normal 0.9921397254161869 0.12513498811720605 0
    outer loop
      vertex -89.69369506835938 -107 4
      vertex -89 -112.5 4
      vertex -89.69369506835938 -107 3
    endloop
  endfacet
  facet normal 0.9921397569846537 0.12513473782460408 0
    outer loop
      vertex -89.69369506835938 -107 3
      vertex -117 109.5 0
      vertex -117 109.5 3
    endloop
  endfacet
  facet normal 0.9921397562024502 0.12513474402553426 4.546201579703713e-7
    outer loop
      vertex -89.69369506835938 -107 3
      vertex -89 -112.5 0
      vertex -117 109.5 0
    endloop
  endfacet
  facet normal 0.9921397254161869 0.12513498811720605 0
    outer loop
      vertex -89 -112.5 0
      vertex -89.69369506835938 -107 3
      vertex -89 -112.5 4
    endloop
  endfacet
  facet normal -0.1564296272036567 -0.9876891068210305 0
    outer loop
      vertex -100 -126 0
      vertex -99.69097900390625 -126.04894256591797 20
      vertex -100 -126 20
    endloop
  endfacet
  facet normal -0.1564296272036567 -0.9876891068210305 0
    outer loop
      vertex -99.69097900390625 -126.04894256591797 20
      vertex -100 -126 0
      vertex -99.69097900390625 -126.04894256591797 0
    endloop
  endfacet
  facet normal -0.8910069273755916 -0.4539897084391972 0
    outer loop
      vertex -99.04894256591797 -126.69097900390625 0
      vertex -99.19097900390625 -126.41221618652344 20
      vertex -99.19097900390625 -126.41221618652344 0
    endloop
  endfacet
  facet normal -0.8910069273755916 -0.4539897084391972 0
    outer loop
      vertex -99.19097900390625 -126.41221618652344 20
      vertex -99.04894256591797 -126.69097900390625 0
      vertex -99.04894256591797 -126.69097900390625 20
    endloop
  endfacet
  facet normal -0.4540090678108909 0.8909970630397643 0
    outer loop
      vertex -99.41221618652344 -127.80901336669922 0
      vertex -99.69097900390625 -127.95105743408203 20
      vertex -99.41221618652344 -127.80901336669922 20
    endloop
  endfacet
  facet normal -0.4540090678108909 0.8909970630397643 0
    outer loop
      vertex -99.69097900390625 -127.95105743408203 20
      vertex -99.41221618652344 -127.80901336669922 0
      vertex -99.69097900390625 -127.95105743408203 0
    endloop
  endfacet
  facet normal 0.9876891068210305 -0.1564296272036567 0
    outer loop
      vertex -101 -127 20
      vertex -100.95105743408203 -126.69097900390625 0
      vertex -100.95105743408203 -126.69097900390625 20
    endloop
  endfacet
  facet normal 0.9876891068210305 -0.1564296272036567 0
    outer loop
      vertex -100.95105743408203 -126.69097900390625 0
      vertex -101 -127 20
      vertex -101 -127 0
    endloop
  endfacet
  facet normal 0.7071189736287375 -0.7070945885341231 0
    outer loop
      vertex -100.80901336669922 -126.41221618652344 20
      vertex -100.58778381347656 -126.19097900390625 0
      vertex -100.58778381347656 -126.19097900390625 20
    endloop
  endfacet
  facet normal 0.7071189736287375 -0.7070945885341231 0
    outer loop
      vertex -100.58778381347656 -126.19097900390625 0
      vertex -100.80901336669922 -126.41221618652344 20
      vertex -100.80901336669922 -126.41221618652344 0
    endloop
  endfacet
  facet normal 0.4539992035604598 0.891002089316556 0
    outer loop
      vertex -100.30901336669922 -127.95105743408203 0
      vertex -100.58778381347656 -127.80901336669922 20
      vertex -100.30901336669922 -127.95105743408203 20
    endloop
  endfacet
  facet normal 0.4539992035604598 0.891002089316556 0
    outer loop
      vertex -100.58778381347656 -127.80901336669922 20
      vertex -100.30901336669922 -127.95105743408203 0
      vertex -100.58778381347656 -127.80901336669922 0
    endloop
  endfacet
  facet normal -0.7071067811865476 -0.7071067811865476 0
    outer loop
      vertex -99.19097900390625 -126.41221618652344 0
      vertex -99.41221618652344 -126.19097900390625 20
      vertex -99.41221618652344 -126.19097900390625 0
    endloop
  endfacet
  facet normal -0.7071067811865476 -0.7071067811865476 0
    outer loop
      vertex -99.41221618652344 -126.19097900390625 20
      vertex -99.19097900390625 -126.41221618652344 0
      vertex -99.19097900390625 -126.41221618652344 20
    endloop
  endfacet
  facet normal -0.98768851009352 0.1564333948658107 0
    outer loop
      vertex -99.04894256591797 -127.30901336669922 0
      vertex -99 -127 20
      vertex -99 -127 0
    endloop
  endfacet
  facet normal -0.98768851009352 0.1564333948658107 0
    outer loop
      vertex -99 -127 20
      vertex -99.04894256591797 -127.30901336669922 0
      vertex -99.04894256591797 -127.30901336669922 20
    endloop
  endfacet
  facet normal 0.8909970630397643 -0.4540090678108909 0
    outer loop
      vertex -100.95105743408203 -126.69097900390625 20
      vertex -100.80901336669922 -126.41221618652344 0
      vertex -100.80901336669922 -126.41221618652344 20
    endloop
  endfacet
  facet normal 0.8909970630397643 -0.4540090678108909 0
    outer loop
      vertex -100.80901336669922 -126.41221618652344 0
      vertex -100.95105743408203 -126.69097900390625 20
      vertex -100.95105743408203 -126.69097900390625 0
    endloop
  endfacet
  facet normal -0.9876891068210305 -0.1564296272036567 0
    outer loop
      vertex -99 -127 0
      vertex -99.04894256591797 -126.69097900390625 20
      vertex -99.04894256591797 -126.69097900390625 0
    endloop
  endfacet
  facet normal -0.9876891068210305 -0.1564296272036567 0
    outer loop
      vertex -99.04894256591797 -126.69097900390625 20
      vertex -99 -127 0
      vertex -99 -127 20
    endloop
  endfacet
  facet normal -0.1564296272036567 0.9876891068210305 0
    outer loop
      vertex -99.69097900390625 -127.95105743408203 0
      vertex -100 -128 20
      vertex -99.69097900390625 -127.95105743408203 20
    endloop
  endfacet
  facet normal -0.1564296272036567 0.9876891068210305 0
    outer loop
      vertex -100 -128 20
      vertex -99.69097900390625 -127.95105743408203 0
      vertex -100 -128 0
    endloop
  endfacet
  facet normal 0.1564333948658107 -0.98768851009352 0
    outer loop
      vertex -100.30901336669922 -126.04894256591797 0
      vertex -100 -126 20
      vertex -100.30901336669922 -126.04894256591797 20
    endloop
  endfacet
  facet normal 0.1564333948658107 -0.98768851009352 0
    outer loop
      vertex -100 -126 20
      vertex -100.30901336669922 -126.04894256591797 0
      vertex -100 -126 0
    endloop
  endfacet
  facet normal 0.4539798443909856 -0.8910119532793803 0
    outer loop
      vertex -100.58778381347656 -126.19097900390625 0
      vertex -100.30901336669922 -126.04894256591797 20
      vertex -100.58778381347656 -126.19097900390625 20
    endloop
  endfacet
  facet normal 0.4539798443909856 -0.8910119532793803 0
    outer loop
      vertex -100.30901336669922 -126.04894256591797 20
      vertex -100.58778381347656 -126.19097900390625 0
      vertex -100.30901336669922 -126.04894256591797 0
    endloop
  endfacet
  facet normal 0.1564333948658107 0.98768851009352 0
    outer loop
      vertex -100 -128 0
      vertex -100.30901336669922 -127.95105743408203 20
      vertex -100 -128 20
    endloop
  endfacet
  facet normal 0.1564333948658107 0.98768851009352 0
    outer loop
      vertex -100.30901336669922 -127.95105743408203 20
      vertex -100 -128 0
      vertex -100.30901336669922 -127.95105743408203 0
    endloop
  endfacet
  facet normal 0.7071067811865476 0.7071067811865476 0
    outer loop
      vertex -100.58778381347656 -127.80901336669922 20
      vertex -100.80901336669922 -127.58778381347656 0
      vertex -100.80901336669922 -127.58778381347656 20
    endloop
  endfacet
  facet normal 0.7071067811865476 0.7071067811865476 0
    outer loop
      vertex -100.80901336669922 -127.58778381347656 0
      vertex -100.58778381347656 -127.80901336669922 20
      vertex -100.58778381347656 -127.80901336669922 0
    endloop
  endfacet
  facet normal -0.7070945885341231 0.7071189736287375 0
    outer loop
      vertex -99.19097900390625 -127.58778381347656 0
      vertex -99.41221618652344 -127.80901336669922 20
      vertex -99.19097900390625 -127.58778381347656 20
    endloop
  endfacet
  facet normal -0.7070945885341231 0.7071189736287375 0
    outer loop
      vertex -99.41221618652344 -127.80901336669922 20
      vertex -99.19097900390625 -127.58778381347656 0
      vertex -99.41221618652344 -127.80901336669922 0
    endloop
  endfacet
  facet normal -0.8910119532793803 0.4539798443909856 0
    outer loop
      vertex -99.19097900390625 -127.58778381347656 0
      vertex -99.04894256591797 -127.30901336669922 20
      vertex -99.04894256591797 -127.30901336669922 0
    endloop
  endfacet
  facet normal -0.8910119532793803 0.4539798443909856 0
    outer loop
      vertex -99.04894256591797 -127.30901336669922 20
      vertex -99.19097900390625 -127.58778381347656 0
      vertex -99.19097900390625 -127.58778381347656 20
    endloop
  endfacet
  facet normal -0.4539897084391972 -0.8910069273755916 0
    outer loop
      vertex -99.69097900390625 -126.04894256591797 0
      vertex -99.41221618652344 -126.19097900390625 20
      vertex -99.69097900390625 -126.04894256591797 20
    endloop
  endfacet
  facet normal -0.4539897084391972 -0.8910069273755916 0
    outer loop
      vertex -99.41221618652344 -126.19097900390625 20
      vertex -99.69097900390625 -126.04894256591797 0
      vertex -99.41221618652344 -126.19097900390625 0
    endloop
  endfacet
  facet normal 0.98768851009352 0.1564333948658107 0
    outer loop
      vertex -100.95105743408203 -127.30901336669922 20
      vertex -101 -127 0
      vertex -101 -127 20
    endloop
  endfacet
  facet normal 0.98768851009352 0.1564333948658107 0
    outer loop
      vertex -101 -127 0
      vertex -100.95105743408203 -127.30901336669922 20
      vertex -100.95105743408203 -127.30901336669922 0
    endloop
  endfacet
  facet normal 0.891002089316556 0.4539992035604598 0
    outer loop
      vertex -100.80901336669922 -127.58778381347656 20
      vertex -100.95105743408203 -127.30901336669922 0
      vertex -100.95105743408203 -127.30901336669922 20
    endloop
  endfacet
  facet normal 0.891002089316556 0.4539992035604598 0
    outer loop
      vertex -100.95105743408203 -127.30901336669922 0
      vertex -100.80901336669922 -127.58778381347656 20
      vertex -100.80901336669922 -127.58778381347656 0
    endloop
  endfacet
  facet normal -0.8909970630397643 -0.4540090678108909 0
    outer loop
      vertex 100.95105743408203 -126.69097900390625 0
      vertex 100.80901336669922 -126.41221618652344 20
      vertex 100.80901336669922 -126.41221618652344 0
    endloop
  endfacet
  facet normal -0.8909970630397643 -0.4540090678108909 0
    outer loop
      vertex 100.80901336669922 -126.41221618652344 20
      vertex 100.95105743408203 -126.69097900390625 0
      vertex 100.95105743408203 -126.69097900390625 20
    endloop
  endfacet
  facet normal 0.7071067811865476 -0.7071067811865476 0
    outer loop
      vertex 99.19097900390625 -126.41221618652344 20
      vertex 99.41221618652344 -126.19097900390625 0
      vertex 99.41221618652344 -126.19097900390625 20
    endloop
  endfacet
  facet normal 0.7071067811865476 -0.7071067811865476 0
    outer loop
      vertex 99.41221618652344 -126.19097900390625 0
      vertex 99.19097900390625 -126.41221618652344 20
      vertex 99.19097900390625 -126.41221618652344 0
    endloop
  endfacet
  facet normal 0.8910069273755916 -0.4539897084391972 0
    outer loop
      vertex 99.04894256591797 -126.69097900390625 20
      vertex 99.19097900390625 -126.41221618652344 0
      vertex 99.19097900390625 -126.41221618652344 20
    endloop
  endfacet
  facet normal 0.8910069273755916 -0.4539897084391972 0
    outer loop
      vertex 99.19097900390625 -126.41221618652344 0
      vertex 99.04894256591797 -126.69097900390625 20
      vertex 99.04894256591797 -126.69097900390625 0
    endloop
  endfacet
  facet normal -0.98768851009352 0.1564333948658107 0
    outer loop
      vertex 100.95105743408203 -127.30901336669922 0
      vertex 101 -127 20
      vertex 101 -127 0
    endloop
  endfacet
  facet normal -0.98768851009352 0.1564333948658107 0
    outer loop
      vertex 101 -127 20
      vertex 100.95105743408203 -127.30901336669922 0
      vertex 100.95105743408203 -127.30901336669922 20
    endloop
  endfacet
  facet normal 0.1564296272036567 0.9876891068210305 0
    outer loop
      vertex 100 -128 0
      vertex 99.69097900390625 -127.95105743408203 20
      vertex 100 -128 20
    endloop
  endfacet
  facet normal 0.1564296272036567 0.9876891068210305 0
    outer loop
      vertex 99.69097900390625 -127.95105743408203 20
      vertex 100 -128 0
      vertex 99.69097900390625 -127.95105743408203 0
    endloop
  endfacet
  facet normal -0.1564333948658107 -0.98768851009352 0
    outer loop
      vertex 100 -126 0
      vertex 100.30901336669922 -126.04894256591797 20
      vertex 100 -126 20
    endloop
  endfacet
  facet normal -0.1564333948658107 -0.98768851009352 0
    outer loop
      vertex 100.30901336669922 -126.04894256591797 20
      vertex 100 -126 0
      vertex 100.30901336669922 -126.04894256591797 0
    endloop
  endfacet
  facet normal -0.7071067811865476 0.7071067811865476 0
    outer loop
      vertex 100.58778381347656 -127.80901336669922 0
      vertex 100.80901336669922 -127.58778381347656 20
      vertex 100.80901336669922 -127.58778381347656 0
    endloop
  endfacet
  facet normal -0.7071067811865476 0.7071067811865476 0
    outer loop
      vertex 100.80901336669922 -127.58778381347656 20
      vertex 100.58778381347656 -127.80901336669922 0
      vertex 100.58778381347656 -127.80901336669922 20
    endloop
  endfacet
  facet normal 0.4540090678108909 0.8909970630397643 0
    outer loop
      vertex 99.69097900390625 -127.95105743408203 0
      vertex 99.41221618652344 -127.80901336669922 20
      vertex 99.69097900390625 -127.95105743408203 20
    endloop
  endfacet
  facet normal 0.4540090678108909 0.8909970630397643 0
    outer loop
      vertex 99.41221618652344 -127.80901336669922 20
      vertex 99.69097900390625 -127.95105743408203 0
      vertex 99.41221618652344 -127.80901336669922 0
    endloop
  endfacet
  facet normal 0.8910119532793803 0.4539798443909856 0
    outer loop
      vertex 99.19097900390625 -127.58778381347656 20
      vertex 99.04894256591797 -127.30901336669922 0
      vertex 99.04894256591797 -127.30901336669922 20
    endloop
  endfacet
  facet normal 0.8910119532793803 0.4539798443909856 0
    outer loop
      vertex 99.04894256591797 -127.30901336669922 0
      vertex 99.19097900390625 -127.58778381347656 20
      vertex 99.19097900390625 -127.58778381347656 0
    endloop
  endfacet
  facet normal -0.9876891068210305 -0.1564296272036567 0
    outer loop
      vertex 101 -127 0
      vertex 100.95105743408203 -126.69097900390625 20
      vertex 100.95105743408203 -126.69097900390625 0
    endloop
  endfacet
  facet normal -0.9876891068210305 -0.1564296272036567 0
    outer loop
      vertex 100.95105743408203 -126.69097900390625 20
      vertex 101 -127 0
      vertex 101 -127 20
    endloop
  endfacet
  facet normal 0.7070945885341231 0.7071189736287375 0
    outer loop
      vertex 99.41221618652344 -127.80901336669922 0
      vertex 99.19097900390625 -127.58778381347656 20
      vertex 99.41221618652344 -127.80901336669922 20
    endloop
  endfacet
  facet normal 0.7070945885341231 0.7071189736287375 0
    outer loop
      vertex 99.19097900390625 -127.58778381347656 20
      vertex 99.41221618652344 -127.80901336669922 0
      vertex 99.19097900390625 -127.58778381347656 0
    endloop
  endfacet
  facet normal 0.9876891068210305 -0.1564296272036567 0
    outer loop
      vertex 99 -127 20
      vertex 99.04894256591797 -126.69097900390625 0
      vertex 99.04894256591797 -126.69097900390625 20
    endloop
  endfacet
  facet normal 0.9876891068210305 -0.1564296272036567 0
    outer loop
      vertex 99.04894256591797 -126.69097900390625 0
      vertex 99 -127 20
      vertex 99 -127 0
    endloop
  endfacet
  facet normal 0.1564296272036567 -0.9876891068210305 0
    outer loop
      vertex 99.69097900390625 -126.04894256591797 0
      vertex 100 -126 20
      vertex 99.69097900390625 -126.04894256591797 20
    endloop
  endfacet
  facet normal 0.1564296272036567 -0.9876891068210305 0
    outer loop
      vertex 100 -126 20
      vertex 99.69097900390625 -126.04894256591797 0
      vertex 100 -126 0
    endloop
  endfacet
  facet normal -0.1564333948658107 0.98768851009352 0
    outer loop
      vertex 100.30901336669922 -127.95105743408203 0
      vertex 100 -128 20
      vertex 100.30901336669922 -127.95105743408203 20
    endloop
  endfacet
  facet normal -0.1564333948658107 0.98768851009352 0
    outer loop
      vertex 100 -128 20
      vertex 100.30901336669922 -127.95105743408203 0
      vertex 100 -128 0
    endloop
  endfacet
  facet normal 0.4539897084391972 -0.8910069273755916 0
    outer loop
      vertex 99.41221618652344 -126.19097900390625 0
      vertex 99.69097900390625 -126.04894256591797 20
      vertex 99.41221618652344 -126.19097900390625 20
    endloop
  endfacet
  facet normal 0.4539897084391972 -0.8910069273755916 0
    outer loop
      vertex 99.69097900390625 -126.04894256591797 20
      vertex 99.41221618652344 -126.19097900390625 0
      vertex 99.69097900390625 -126.04894256591797 0
    endloop
  endfacet
  facet normal -0.4539992035604598 0.891002089316556 0
    outer loop
      vertex 100.58778381347656 -127.80901336669922 0
      vertex 100.30901336669922 -127.95105743408203 20
      vertex 100.58778381347656 -127.80901336669922 20
    endloop
  endfacet
  facet normal -0.4539992035604598 0.891002089316556 0
    outer loop
      vertex 100.30901336669922 -127.95105743408203 20
      vertex 100.58778381347656 -127.80901336669922 0
      vertex 100.30901336669922 -127.95105743408203 0
    endloop
  endfacet
  facet normal -0.891002089316556 0.4539992035604598 0
    outer loop
      vertex 100.80901336669922 -127.58778381347656 0
      vertex 100.95105743408203 -127.30901336669922 20
      vertex 100.95105743408203 -127.30901336669922 0
    endloop
  endfacet
  facet normal -0.891002089316556 0.4539992035604598 0
    outer loop
      vertex 100.95105743408203 -127.30901336669922 20
      vertex 100.80901336669922 -127.58778381347656 0
      vertex 100.80901336669922 -127.58778381347656 20
    endloop
  endfacet
  facet normal -0.4539798443909856 -0.8910119532793803 0
    outer loop
      vertex 100.30901336669922 -126.04894256591797 0
      vertex 100.58778381347656 -126.19097900390625 20
      vertex 100.30901336669922 -126.04894256591797 20
    endloop
  endfacet
  facet normal -0.4539798443909856 -0.8910119532793803 0
    outer loop
      vertex 100.58778381347656 -126.19097900390625 20
      vertex 100.30901336669922 -126.04894256591797 0
      vertex 100.58778381347656 -126.19097900390625 0
    endloop
  endfacet
  facet normal -0.7071189736287375 -0.7070945885341231 0
    outer loop
      vertex 100.80901336669922 -126.41221618652344 0
      vertex 100.58778381347656 -126.19097900390625 20
      vertex 100.58778381347656 -126.19097900390625 0
    endloop
  endfacet
  facet normal -0.7071189736287375 -0.7070945885341231 0
    outer loop
      vertex 100.58778381347656 -126.19097900390625 20
      vertex 100.80901336669922 -126.41221618652344 0
      vertex 100.80901336669922 -126.41221618652344 20
    endloop
  endfacet
  facet normal 0.98768851009352 0.1564333948658107 0
    outer loop
      vertex 99.04894256591797 -127.30901336669922 20
      vertex 99 -127 0
      vertex 99 -127 20
    endloop
  endfacet
  facet normal 0.98768851009352 0.1564333948658107 0
    outer loop
      vertex 99 -127 0
      vertex 99.04894256591797 -127.30901336669922 20
      vertex 99.04894256591797 -127.30901336669922 0
    endloop
  endfacet
  facet normal -0.4540090678108909 -0.8909970630397643 0
    outer loop
      vertex -129.69097900390625 123.95105743408203 0
      vertex -129.41221618652344 123.80901336669922 20
      vertex -129.69097900390625 123.95105743408203 20
    endloop
  endfacet
  facet normal -0.4540090678108909 -0.8909970630397643 0
    outer loop
      vertex -129.41221618652344 123.80901336669922 20
      vertex -129.69097900390625 123.95105743408203 0
      vertex -129.41221618652344 123.80901336669922 0
    endloop
  endfacet
  facet normal -0.1564296272036567 0.9876891068210305 0
    outer loop
      vertex -129.69097900390625 122.04894256591797 0
      vertex -130 122 20
      vertex -129.69097900390625 122.04894256591797 20
    endloop
  endfacet
  facet normal -0.1564296272036567 0.9876891068210305 0
    outer loop
      vertex -130 122 20
      vertex -129.69097900390625 122.04894256591797 0
      vertex -130 122 0
    endloop
  endfacet
  facet normal -0.4539897084391972 0.8910069273755916 0
    outer loop
      vertex -129.41221618652344 122.19097900390625 0
      vertex -129.69097900390625 122.04894256591797 20
      vertex -129.41221618652344 122.19097900390625 20
    endloop
  endfacet
  facet normal -0.4539897084391972 0.8910069273755916 0
    outer loop
      vertex -129.69097900390625 122.04894256591797 20
      vertex -129.41221618652344 122.19097900390625 0
      vertex -129.69097900390625 122.04894256591797 0
    endloop
  endfacet
  facet normal -0.987684742069654 -0.15645718354489543 0
    outer loop
      vertex -129 123 0
      vertex -129.0489501953125 123.30901336669922 20
      vertex -129.0489501953125 123.30901336669922 0
    endloop
  endfacet
  facet normal -0.987684742069654 -0.15645718354489543 0
    outer loop
      vertex -129.0489501953125 123.30901336669922 20
      vertex -129 123 0
      vertex -129 123 20
    endloop
  endfacet
  facet normal -0.8910167915091852 0.4539703484245167 0
    outer loop
      vertex -129.19097900390625 122.41221618652344 0
      vertex -129.0489501953125 122.69097900390625 20
      vertex -129.0489501953125 122.69097900390625 0
    endloop
  endfacet
  facet normal -0.8910167915091852 0.4539703484245167 0
    outer loop
      vertex -129.0489501953125 122.69097900390625 20
      vertex -129.19097900390625 122.41221618652344 0
      vertex -129.19097900390625 122.41221618652344 20
    endloop
  endfacet
  facet normal 0.987684742069654 -0.15645718354489543 0
    outer loop
      vertex -131 123 20
      vertex -130.9510498046875 123.30901336669922 0
      vertex -130.9510498046875 123.30901336669922 20
    endloop
  endfacet
  facet normal 0.987684742069654 -0.15645718354489543 0
    outer loop
      vertex -130.9510498046875 123.30901336669922 0
      vertex -131 123 20
      vertex -131 123 0
    endloop
  endfacet
  facet normal 0.8910218170399644 -0.45396048457855925 0
    outer loop
      vertex -130.9510498046875 123.30901336669922 20
      vertex -130.80902099609375 123.58778381347656 0
      vertex -130.80902099609375 123.58778381347656 20
    endloop
  endfacet
  facet normal 0.8910218170399644 -0.45396048457855925 0
    outer loop
      vertex -130.80902099609375 123.58778381347656 0
      vertex -130.9510498046875 123.30901336669922 20
      vertex -130.9510498046875 123.30901336669922 0
    endloop
  endfacet
  facet normal -0.7070945885341231 -0.7071189736287375 0
    outer loop
      vertex -129.41221618652344 123.80901336669922 0
      vertex -129.19097900390625 123.58778381347656 20
      vertex -129.41221618652344 123.80901336669922 20
    endloop
  endfacet
  facet normal -0.7070945885341231 -0.7071189736287375 0
    outer loop
      vertex -129.19097900390625 123.58778381347656 20
      vertex -129.41221618652344 123.80901336669922 0
      vertex -129.19097900390625 123.58778381347656 0
    endloop
  endfacet
  facet normal -0.8910218170399644 -0.45396048457855925 0
    outer loop
      vertex -129.0489501953125 123.30901336669922 0
      vertex -129.19097900390625 123.58778381347656 20
      vertex -129.19097900390625 123.58778381347656 0
    endloop
  endfacet
  facet normal -0.8910218170399644 -0.45396048457855925 0
    outer loop
      vertex -129.19097900390625 123.58778381347656 20
      vertex -129.0489501953125 123.30901336669922 0
      vertex -129.0489501953125 123.30901336669922 20
    endloop
  endfacet
  facet normal -0.7071067811865476 0.7071067811865476 0
    outer loop
      vertex -129.41221618652344 122.19097900390625 0
      vertex -129.19097900390625 122.41221618652344 20
      vertex -129.19097900390625 122.41221618652344 0
    endloop
  endfacet
  facet normal -0.7071067811865476 0.7071067811865476 0
    outer loop
      vertex -129.19097900390625 122.41221618652344 20
      vertex -129.41221618652344 122.19097900390625 0
      vertex -129.41221618652344 122.19097900390625 20
    endloop
  endfacet
  facet normal -0.1564296272036567 -0.9876891068210305 0
    outer loop
      vertex -130 124 0
      vertex -129.69097900390625 123.95105743408203 20
      vertex -130 124 20
    endloop
  endfacet
  facet normal -0.1564296272036567 -0.9876891068210305 0
    outer loop
      vertex -129.69097900390625 123.95105743408203 20
      vertex -130 124 0
      vertex -129.69097900390625 123.95105743408203 0
    endloop
  endfacet
  facet normal 0.4540090678108909 -0.8909970630397643 0
    outer loop
      vertex -130.58778381347656 123.80901336669922 0
      vertex -130.30902099609375 123.95105743408203 20
      vertex -130.58778381347656 123.80901336669922 20
    endloop
  endfacet
  facet normal 0.4540090678108909 -0.8909970630397643 0
    outer loop
      vertex -130.30902099609375 123.95105743408203 20
      vertex -130.58778381347656 123.80901336669922 0
      vertex -130.30902099609375 123.95105743408203 0
    endloop
  endfacet
  facet normal 0.4539897084391972 0.8910069273755916 0
    outer loop
      vertex -130.30902099609375 122.04894256591797 0
      vertex -130.58778381347656 122.19097900390625 20
      vertex -130.30902099609375 122.04894256591797 20
    endloop
  endfacet
  facet normal 0.4539897084391972 0.8910069273755916 0
    outer loop
      vertex -130.58778381347656 122.19097900390625 20
      vertex -130.30902099609375 122.04894256591797 0
      vertex -130.58778381347656 122.19097900390625 0
    endloop
  endfacet
  facet normal 0.1564296272036567 -0.9876891068210305 0
    outer loop
      vertex -130.30902099609375 123.95105743408203 0
      vertex -130 124 20
      vertex -130.30902099609375 123.95105743408203 20
    endloop
  endfacet
  facet normal 0.1564296272036567 -0.9876891068210305 0
    outer loop
      vertex -130 124 20
      vertex -130.30902099609375 123.95105743408203 0
      vertex -130 124 0
    endloop
  endfacet
  facet normal 0.7070945885341231 -0.7071189736287375 0
    outer loop
      vertex -130.80902099609375 123.58778381347656 0
      vertex -130.58778381347656 123.80901336669922 20
      vertex -130.80902099609375 123.58778381347656 20
    endloop
  endfacet
  facet normal 0.7070945885341231 -0.7071189736287375 0
    outer loop
      vertex -130.58778381347656 123.80901336669922 20
      vertex -130.80902099609375 123.58778381347656 0
      vertex -130.58778381347656 123.80901336669922 0
    endloop
  endfacet
  facet normal 0.8910167915091852 0.4539703484245167 0
    outer loop
      vertex -130.80902099609375 122.41221618652344 20
      vertex -130.9510498046875 122.69097900390625 0
      vertex -130.9510498046875 122.69097900390625 20
    endloop
  endfacet
  facet normal 0.8910167915091852 0.4539703484245167 0
    outer loop
      vertex -130.9510498046875 122.69097900390625 0
      vertex -130.80902099609375 122.41221618652344 20
      vertex -130.80902099609375 122.41221618652344 0
    endloop
  endfacet
  facet normal 0.9876853389763889 0.15645341533854706 0
    outer loop
      vertex -130.9510498046875 122.69097900390625 20
      vertex -131 123 0
      vertex -131 123 20
    endloop
  endfacet
  facet normal 0.9876853389763889 0.15645341533854706 0
    outer loop
      vertex -131 123 0
      vertex -130.9510498046875 122.69097900390625 20
      vertex -130.9510498046875 122.69097900390625 0
    endloop
  endfacet
  facet normal 0.7071067811865476 0.7071067811865476 0
    outer loop
      vertex -130.58778381347656 122.19097900390625 20
      vertex -130.80902099609375 122.41221618652344 0
      vertex -130.80902099609375 122.41221618652344 20
    endloop
  endfacet
  facet normal 0.7071067811865476 0.7071067811865476 0
    outer loop
      vertex -130.80902099609375 122.41221618652344 0
      vertex -130.58778381347656 122.19097900390625 20
      vertex -130.58778381347656 122.19097900390625 0
    endloop
  endfacet
  facet normal -0.9876853389763889 0.15645341533854706 0
    outer loop
      vertex -129.0489501953125 122.69097900390625 0
      vertex -129 123 20
      vertex -129 123 0
    endloop
  endfacet
  facet normal -0.9876853389763889 0.15645341533854706 0
    outer loop
      vertex -129 123 20
      vertex -129.0489501953125 122.69097900390625 0
      vertex -129.0489501953125 122.69097900390625 20
    endloop
  endfacet
  facet normal 0.1564296272036567 0.9876891068210305 0
    outer loop
      vertex -130 122 0
      vertex -130.30902099609375 122.04894256591797 20
      vertex -130 122 20
    endloop
  endfacet
  facet normal 0.1564296272036567 0.9876891068210305 0
    outer loop
      vertex -130.30902099609375 122.04894256591797 20
      vertex -130 122 0
      vertex -130.30902099609375 122.04894256591797 0
    endloop
  endfacet
  facet normal -0.4540090678108909 -0.8909970630397643 0
    outer loop
      vertex 130.30902099609375 123.95105743408203 0
      vertex 130.58778381347656 123.80901336669922 20
      vertex 130.30902099609375 123.95105743408203 20
    endloop
  endfacet
  facet normal -0.4540090678108909 -0.8909970630397643 0
    outer loop
      vertex 130.58778381347656 123.80901336669922 20
      vertex 130.30902099609375 123.95105743408203 0
      vertex 130.58778381347656 123.80901336669922 0
    endloop
  endfacet
  facet normal -0.1564296272036567 -0.9876891068210305 0
    outer loop
      vertex 130 124 0
      vertex 130.30902099609375 123.95105743408203 20
      vertex 130 124 20
    endloop
  endfacet
  facet normal -0.1564296272036567 -0.9876891068210305 0
    outer loop
      vertex 130.30902099609375 123.95105743408203 20
      vertex 130 124 0
      vertex 130.30902099609375 123.95105743408203 0
    endloop
  endfacet
  facet normal -0.987684742069654 -0.15645718354489543 0
    outer loop
      vertex 131 123 0
      vertex 130.9510498046875 123.30901336669922 20
      vertex 130.9510498046875 123.30901336669922 0
    endloop
  endfacet
  facet normal -0.987684742069654 -0.15645718354489543 0
    outer loop
      vertex 130.9510498046875 123.30901336669922 20
      vertex 131 123 0
      vertex 131 123 20
    endloop
  endfacet
  facet normal 0.8910218170399644 -0.45396048457855925 0
    outer loop
      vertex 129.0489501953125 123.30901336669922 20
      vertex 129.19097900390625 123.58778381347656 0
      vertex 129.19097900390625 123.58778381347656 20
    endloop
  endfacet
  facet normal 0.8910218170399644 -0.45396048457855925 0
    outer loop
      vertex 129.19097900390625 123.58778381347656 0
      vertex 129.0489501953125 123.30901336669922 20
      vertex 129.0489501953125 123.30901336669922 0
    endloop
  endfacet
  facet normal -0.8910218170399644 -0.45396048457855925 0
    outer loop
      vertex 130.9510498046875 123.30901336669922 0
      vertex 130.80902099609375 123.58778381347656 20
      vertex 130.80902099609375 123.58778381347656 0
    endloop
  endfacet
  facet normal -0.8910218170399644 -0.45396048457855925 0
    outer loop
      vertex 130.80902099609375 123.58778381347656 20
      vertex 130.9510498046875 123.30901336669922 0
      vertex 130.9510498046875 123.30901336669922 20
    endloop
  endfacet
  facet normal 0.8910167915091852 0.4539703484245167 0
    outer loop
      vertex 129.19097900390625 122.41221618652344 20
      vertex 129.0489501953125 122.69097900390625 0
      vertex 129.0489501953125 122.69097900390625 20
    endloop
  endfacet
  facet normal 0.8910167915091852 0.4539703484245167 0
    outer loop
      vertex 129.0489501953125 122.69097900390625 0
      vertex 129.19097900390625 122.41221618652344 20
      vertex 129.19097900390625 122.41221618652344 0
    endloop
  endfacet
  facet normal -0.7070945885341231 -0.7071189736287375 0
    outer loop
      vertex 130.58778381347656 123.80901336669922 0
      vertex 130.80902099609375 123.58778381347656 20
      vertex 130.58778381347656 123.80901336669922 20
    endloop
  endfacet
  facet normal -0.7070945885341231 -0.7071189736287375 0
    outer loop
      vertex 130.80902099609375 123.58778381347656 20
      vertex 130.58778381347656 123.80901336669922 0
      vertex 130.80902099609375 123.58778381347656 0
    endloop
  endfacet
  facet normal 0.1564296272036567 0.9876891068210305 0
    outer loop
      vertex 130 122 0
      vertex 129.69097900390625 122.04894256591797 20
      vertex 130 122 20
    endloop
  endfacet
  facet normal 0.1564296272036567 0.9876891068210305 0
    outer loop
      vertex 129.69097900390625 122.04894256591797 20
      vertex 130 122 0
      vertex 129.69097900390625 122.04894256591797 0
    endloop
  endfacet
  facet normal 0.1564296272036567 -0.9876891068210305 0
    outer loop
      vertex 129.69097900390625 123.95105743408203 0
      vertex 130 124 20
      vertex 129.69097900390625 123.95105743408203 20
    endloop
  endfacet
  facet normal 0.1564296272036567 -0.9876891068210305 0
    outer loop
      vertex 130 124 20
      vertex 129.69097900390625 123.95105743408203 0
      vertex 130 124 0
    endloop
  endfacet
  facet normal 0.9876853389763889 0.15645341533854706 0
    outer loop
      vertex 129.0489501953125 122.69097900390625 20
      vertex 129 123 0
      vertex 129 123 20
    endloop
  endfacet
  facet normal 0.9876853389763889 0.15645341533854706 0
    outer loop
      vertex 129 123 0
      vertex 129.0489501953125 122.69097900390625 20
      vertex 129.0489501953125 122.69097900390625 0
    endloop
  endfacet
  facet normal -0.4539897084391972 0.8910069273755916 0
    outer loop
      vertex 130.58778381347656 122.19097900390625 0
      vertex 130.30902099609375 122.04894256591797 20
      vertex 130.58778381347656 122.19097900390625 20
    endloop
  endfacet
  facet normal -0.4539897084391972 0.8910069273755916 0
    outer loop
      vertex 130.30902099609375 122.04894256591797 20
      vertex 130.58778381347656 122.19097900390625 0
      vertex 130.30902099609375 122.04894256591797 0
    endloop
  endfacet
  facet normal -0.8910167915091852 0.4539703484245167 0
    outer loop
      vertex 130.80902099609375 122.41221618652344 0
      vertex 130.9510498046875 122.69097900390625 20
      vertex 130.9510498046875 122.69097900390625 0
    endloop
  endfacet
  facet normal -0.8910167915091852 0.4539703484245167 0
    outer loop
      vertex 130.9510498046875 122.69097900390625 20
      vertex 130.80902099609375 122.41221618652344 0
      vertex 130.80902099609375 122.41221618652344 20
    endloop
  endfacet
  facet normal 0.4540090678108909 -0.8909970630397643 0
    outer loop
      vertex 129.41221618652344 123.80901336669922 0
      vertex 129.69097900390625 123.95105743408203 20
      vertex 129.41221618652344 123.80901336669922 20
    endloop
  endfacet
  facet normal 0.4540090678108909 -0.8909970630397643 0
    outer loop
      vertex 129.69097900390625 123.95105743408203 20
      vertex 129.41221618652344 123.80901336669922 0
      vertex 129.69097900390625 123.95105743408203 0
    endloop
  endfacet
  facet normal -0.9876853389763889 0.15645341533854706 0
    outer loop
      vertex 130.9510498046875 122.69097900390625 0
      vertex 131 123 20
      vertex 131 123 0
    endloop
  endfacet
  facet normal -0.9876853389763889 0.15645341533854706 0
    outer loop
      vertex 131 123 20
      vertex 130.9510498046875 122.69097900390625 0
      vertex 130.9510498046875 122.69097900390625 20
    endloop
  endfacet
  facet normal 0.987684742069654 -0.15645718354489543 0
    outer loop
      vertex 129 123 20
      vertex 129.0489501953125 123.30901336669922 0
      vertex 129.0489501953125 123.30901336669922 20
    endloop
  endfacet
  facet normal 0.987684742069654 -0.15645718354489543 0
    outer loop
      vertex 129.0489501953125 123.30901336669922 0
      vertex 129 123 20
      vertex 129 123 0
    endloop
  endfacet
  facet normal -0.7071067811865476 0.7071067811865476 0
    outer loop
      vertex 130.58778381347656 122.19097900390625 0
      vertex 130.80902099609375 122.41221618652344 20
      vertex 130.80902099609375 122.41221618652344 0
    endloop
  endfacet
  facet normal -0.7071067811865476 0.7071067811865476 0
    outer loop
      vertex 130.80902099609375 122.41221618652344 20
      vertex 130.58778381347656 122.19097900390625 0
      vertex 130.58778381347656 122.19097900390625 20
    endloop
  endfacet
  facet normal 0.7071067811865476 0.7071067811865476 0
    outer loop
      vertex 129.41221618652344 122.19097900390625 20
      vertex 129.19097900390625 122.41221618652344 0
      vertex 129.19097900390625 122.41221618652344 20
    endloop
  endfacet
  facet normal 0.7071067811865476 0.7071067811865476 0
    outer loop
      vertex 129.19097900390625 122.41221618652344 0
      vertex 129.41221618652344 122.19097900390625 20
      vertex 129.41221618652344 122.19097900390625 0
    endloop
  endfacet
  facet normal 0.7070945885341231 -0.7071189736287375 0
    outer loop
      vertex 129.19097900390625 123.58778381347656 0
      vertex 129.41221618652344 123.80901336669922 20
      vertex 129.19097900390625 123.58778381347656 20
    endloop
  endfacet
  facet normal 0.7070945885341231 -0.7071189736287375 0
    outer loop
      vertex 129.41221618652344 123.80901336669922 20
      vertex 129.19097900390625 123.58778381347656 0
      vertex 129.41221618652344 123.80901336669922 0
    endloop
  endfacet
  facet normal -0.1564296272036567 0.9876891068210305 0
    outer loop
      vertex 130.30902099609375 122.04894256591797 0
      vertex 130 122 20
      vertex 130.30902099609375 122.04894256591797 20
    endloop
  endfacet
  facet normal -0.1564296272036567 0.9876891068210305 0
    outer loop
      vertex 130 122 20
      vertex 130.30902099609375 122.04894256591797 0
      vertex 130 122 0
    endloop
  endfacet
  facet normal 0.4539897084391972 0.8910069273755916 0
    outer loop
      vertex 129.69097900390625 122.04894256591797 0
      vertex 129.41221618652344 122.19097900390625 20
      vertex 129.69097900390625 122.04894256591797 20
    endloop
  endfacet
  facet normal 0.4539897084391972 0.8910069273755916 0
    outer loop
      vertex 129.41221618652344 122.19097900390625 20
      vertex 129.69097900390625 122.04894256591797 0
      vertex 129.41221618652344 122.19097900390625 0
    endloop
  endfacet
endsolid OpenSCAD_Model
